TICKER, DATE, OPEN, HIGH, LOW, CLOSE, VOLUME, OI
20MICRONS,20231009, 154.50, 154.50, 154.50, 154.50, 10025, -
21STCENMGM,20231009, 19.25, 19.40, 18.85, 18.95, 4090, 3387
360ONE,20231009, 505.00, 517.25, 502.75, 514.40, 413515, 254994
3IINFOLTD,20231009, 40.20, 41.00, 38.60, 38.95, 1162910, 490801
3MINDIA,20231009, 31000.00, 31080.00, 30601.00, 30824.40, 1138, 416
3PLAND,20231009, 27.50, 27.50, 27.50, 27.50, 2884, 2884
5PAISA,20231009, 420.00, 425.60, 411.05, 416.80, 38640, 18763
63MOONS,20231009, 261.50, 261.85, 251.05, 251.35, 118767, 78003
A2ZINFRA,20231009, 9.55, 10.00, 9.25, 9.50, 201095, -
AAATECH,20231009, 58.00, 58.00, 56.05, 56.80, 12355, 6267
AAKASH,20231009, 5.90, 6.00, 5.70, 5.95, 186226, -
AAREYDRUGS,20231009, 44.85, 45.85, 42.60, 44.55, 90690, -
AARON,20231009, 250.95, 273.00, 250.95, 261.40, 4304, -
AARTECH,20231009, 171.30, 174.00, 164.50, 166.05, 6968, -
AARTIDRUGS,20231009, 518.55, 521.70, 503.25, 508.50, 127945, 59455
AARTIIND,20231009, 481.00, 482.50, 471.20, 472.20, 1254129, 598947
AARTIPHARM,20231009, 423.00, 425.00, 415.20, 416.35, 200510, 134764
AARTIPP,20231009, 300.05, 302.00, 300.05, 302.00, 2, 2
AARTISURF,20231009, 621.60, 633.70, 598.00, 605.70, 18433, 12827
AARVEEDEN,20231009, 24.00, 24.30, 23.05, 23.15, 21176, 10509
AARVI,20231009, 130.00, 132.85, 127.00, 128.90, 31603, 14120
AATMAJ,20231009, 44.20, 45.00, 44.10, 44.45, 24000, 18000
AAVAS,20231009, 1703.05, 1817.60, 1703.05, 1764.70, 469632, 294753
ABAN,20231009, 44.55, 46.70, 44.55, 45.35, 144715, 74978
ABB,20231009, 4122.10, 4122.10, 4060.00, 4099.70, 122211, 58512
ABBOTINDIA,20231009, 22970.00, 23111.70, 22800.00, 22962.55, 9485, 2860
ABCAPITAL,20231009, 180.00, 180.35, 174.60, 175.10, 2333676, 912837
ABCOTS,20231009, 103.60, 103.60, 97.00, 97.00, 20000, 16000
ABFRL,20231009, 215.20, 216.75, 213.05, 214.95, 1209789, 430675
ABINFRA,20231009, 30.00, 30.00, 30.00, 30.00, 8000, 8000
ABMINTLLTD,20231009, 35.30, 35.30, 33.55, 35.00, 339, -
ABSLAMC,20231009, 423.05, 434.55, 423.00, 432.90, 158192, 103955
ABSLLIQUID,20231009, 999.99, 1000.01, 999.99, 1000.01, 4889, 4812
ACC,20231009, 2000.05, 2001.00, 1955.50, 1964.95, 830635, 659755
ACCELYA,20231009, 1630.00, 1716.00, 1629.00, 1708.30, 116549, 43957
ACCORD,20231009, 26.60, 26.60, 26.60, 26.60, 2000, 2000
ACCURACY,20231009, 8.85, 8.85, 8.10, 8.20, 355133, -
ACE,20231009, 717.50, 727.45, 685.50, 693.05, 406342, 196213
ACEINTEG,20231009, 35.85, 35.85, 32.40, 33.40, 1286, 1033
ACI,20231009, 589.00, 639.80, 589.00, 602.25, 2466451, 473001
ACL,20231009, 97.90, 98.40, 95.95, 96.70, 9277, 6824
ADANIENSOL,20231009, 806.00, 806.00, 772.40, 778.90, 559255, 269400
ADANIENT,20231009, 2440.00, 2459.70, 2411.30, 2442.60, 1408224, 345566
ADANIGREEN,20231009, 955.00, 955.00, 935.65, 938.95, 574852, 268816
ADANIPORTS,20231009, 815.00, 818.80, 785.00, 790.05, 5994282, 1340331
ADANIPOWER,20231009, 352.30, 355.00, 339.00, 342.00, 7353001, 2975482
ADFFOODS,20231009, 208.00, 212.00, 207.95, 209.00, 71358, 36232
ADL,20231009, 76.90, 77.15, 75.45, 76.00, 1032, -
ADORWELD,20231009, 1101.00, 1128.70, 1095.00, 1107.20, 23968, 17291
ADROITINFO,20231009, 22.45, 22.65, 21.70, 21.85, 109126, 78260
ADSL,20231009, 121.85, 124.55, 119.10, 119.85, 361933, 194745
ADVANIHOTR,20231009, 97.95, 106.50, 97.20, 102.05, 941495, 391819
ADVENZYMES,20231009, 323.00, 330.90, 316.55, 326.30, 164976, 82534
AEGISCHEM,20231009, 325.00, 326.00, 321.45, 322.60, 256028, 174367
AEROFLEX,20231009, 143.00, 144.95, 142.40, 142.65, 427070, 253096
AETHER,20231009, 942.00, 982.00, 942.00, 947.25, 29572, 16306
AFFLE,20231009, 1073.00, 1082.85, 1063.20, 1067.00, 120096, 61194
AGARIND,20231009, 920.95, 930.00, 881.75, 911.10, 62395, 24251
AGARWALFT,20231009, 43.00, 44.70, 43.00, 44.70, 9000, 9000
AGI,20231009, 919.95, 933.45, 895.15, 903.25, 187714, 85284
AGNI,20231009, 24.20, 28.90, 24.20, 28.90, 105000, 80000
AGRITECH,20231009, 197.00, 197.00, 184.25, 187.90, 2891, -
AGROPHOS,20231009, 38.90, 38.90, 36.85, 37.15, 42639, 25691
AGSTRA,20231009, 61.00, 61.10, 60.20, 60.40, 164119, 96008
AGUL,20231009, 64.05, 64.05, 64.00, 64.00, 4000, 2000
AHL,20231009, 351.50, 353.95, 345.40, 346.65, 668844, 174456
AHLADA,20231009, 123.00, 137.80, 119.00, 127.05, 603981, 193795
AHLEAST,20231009, 140.95, 141.95, 135.00, 137.50, 6670, 4199
AHLUCONT,20231009, 727.80, 727.80, 692.00, 702.20, 46307, 20428
AIAENG,20231009, 3422.30, 3429.00, 3399.00, 3410.50, 43379, 33568
AIRAN,20231009, 24.30, 24.40, 23.25, 23.35, 304153, -
AIROLAM,20231009, 115.00, 115.00, 109.70, 112.80, 9156, -
AJANTPHARM,20231009, 1739.90, 1765.90, 1715.90, 1740.50, 201965, 134171
AJMERA,20231009, 388.00, 388.00, 370.80, 373.00, 74929, 31426
AJOONI,20231009, 4.55, 4.60, 4.45, 4.50, 292207, 209446
AKASH,20231009, 29.85, 29.85, 28.55, 28.75, 19955, 12637
AKG,20231009, 22.90, 24.30, 22.90, 23.85, 79038, 35241
AKI,20231009, 13.40, 13.40, 12.20, 13.40, 112636, -
AKSHAR,20231009, 6.15, 6.45, 6.10, 6.20, 960612, 955550
AKSHARCHEM,20231009, 268.05, 294.65, 268.05, 286.00, 23447, 14586
AKSHOPTFBR,20231009, 11.20, 11.20, 10.80, 11.00, 208664, -
AKZOINDIA,20231009, 2473.00, 2498.00, 2455.00, 2466.40, 6584, 3198
ALANKIT,20231009, 11.60, 11.60, 10.80, 10.85, 1089260, 624058
ALBERTDAVD,20231009, 820.05, 833.00, 808.00, 822.95, 16583, 9495
ALEMBICLTD,20231009, 75.35, 76.35, 74.15, 74.90, 320708, 141530
ALICON,20231009, 832.10, 844.00, 823.05, 835.00, 25901, 15321
ALKALI,20231009, 116.85, 122.50, 112.05, 117.45, 197138, 81913
ALKEM,20231009, 3502.50, 3558.65, 3490.05, 3551.55, 82563, 49173
ALKYLAMINE,20231009, 2280.00, 2288.00, 2257.00, 2274.45, 22456, 12661
ALLCARGO,20231009, 268.50, 268.50, 263.75, 265.10, 155823, 73982
ALLETEC,20231009, 174.80, 174.80, 166.05, 168.30, 65600, 41600
ALLSEC,20231009, 601.00, 601.00, 581.05, 583.05, 16010, 10382
ALMONDZ,20231009, 85.00, 86.25, 83.55, 84.35, 26921, 19388
ALOKINDS,20231009, 18.10, 18.40, 17.65, 17.70, 9638915, 4300465
ALPA,20231009, 76.50, 76.50, 72.40, 73.05, 65869, 36866
ALPHAGEO,20231009, 288.80, 291.85, 283.65, 286.20, 11985, 4712
ALPSINDUS,20231009, 2.30, 2.40, 2.20, 2.25, 55662, -
AMARAJABAT,20231009, 638.00, 641.85, 630.30, 634.20, 366439, 196501
AMBER,20231009, 2915.00, 2915.00, 2815.55, 2845.20, 87711, 36167
AMBICAAGAR,20231009, 31.50, 33.05, 31.50, 33.05, 5627, -
AMBIKCO,20231009, 1503.00, 1519.70, 1487.00, 1498.40, 11745, 7592
AMBUJACEM,20231009, 430.10, 437.50, 427.50, 430.20, 4370429, 2986784
AMDIND,20231009, 56.00, 56.00, 54.05, 54.20, 37820, 10148
AMEYA,20231009, 50.00, 51.95, 50.00, 50.25, 12000, 12000
AMIORG,20231009, 1181.70, 1192.00, 1170.00, 1177.70, 44951, 23590
AMJLAND,20231009, 30.60, 31.50, 29.65, 30.15, 137601, 23579
AMRUTANJAN,20231009, 615.25, 615.25, 595.00, 598.45, 38006, 24635
ANANDRATHI,20231009, 1818.00, 1972.00, 1764.35, 1890.10, 423055, 101404
ANANTRAJ,20231009, 229.00, 230.00, 222.70, 225.75, 1170886, 617284
ANDHRAPAP,20231009, 583.05, 596.20, 552.55, 570.35, 232845, 119155
ANDHRSUGAR,20231009, 117.45, 118.35, 114.15, 114.75, 248396, 108187
ANDREWYU,20231009, 33.05, 34.35, 32.15, 32.50, 1224168, 406699
ANGELONE,20231009, 1937.00, 2069.35, 1934.90, 2040.35, 1238551, 259821
ANIKINDS,20231009, 37.65, 38.10, 36.60, 37.30, 19618, -
ANKITMETAL,20231009, 4.90, 4.90, 4.90, 4.90, 13782, -
ANMOL,20231009, 43.00, 43.00, 40.90, 41.00, 69183, -
ANNAPURNA,20231009, 280.00, 282.00, 275.00, 279.65, 41000, 29000
ANSALAPI,20231009, 14.30, 14.30, 14.30, 14.30, 79194, -
ANTGRAPHIC,20231009, 0.75, 0.80, 0.75, 0.80, 244647, -
ANUP,20231009, 1980.00, 2080.00, 1944.65, 2036.00, 31828, 14871
ANURAS,20231009, 885.40, 887.10, 877.45, 882.60, 75559, 39433
APARINDS,20231009, 5300.00, 5369.00, 5225.00, 5256.65, 75648, 33406
APCL,20231009, 182.70, 186.20, 179.75, 180.20, 22407, 13721
APCOTEXIND,20231009, 500.05, 515.00, 489.90, 505.15, 101159, 36115
APEX,20231009, 222.20, 222.20, 217.00, 218.80, 85393, 42767
APLAPOLLO,20231009, 1610.00, 1610.00, 1565.00, 1574.35, 504510, 332909
APLLTD,20231009, 765.80, 784.35, 756.00, 759.85, 82231, 39042
APOLLO,20231009, 68.50, 70.35, 64.50, 65.45, 8745187, 3287499
APOLLOHOSP,20231009, 5000.00, 5066.00, 4987.05, 5047.30, 176296, 83858
APOLLOPIPE,20231009, 684.10, 688.60, 678.00, 681.95, 52963, 35522
APOLLOTYRE,20231009, 372.80, 375.80, 368.10, 371.10, 2405714, 866913
APOLSINHOT,20231009, 1583.40, 1591.00, 1510.00, 1585.00, 1131, -
APTECHT,20231009, 283.70, 283.70, 271.95, 275.05, 152926, 69331
APTUS,20231009, 292.35, 295.05, 290.05, 291.60, 501724, 359864
ARABIAN,20231009, 77.40, 78.80, 74.25, 76.25, 1222000, 1212000
ARCHIDPLY,20231009, 75.20, 76.50, 70.40, 70.80, 194050, 118715
ARCHIES,20231009, 24.15, 26.35, 24.15, 25.90, 87064, 53227
ARENTERP,20231009, 39.00, 41.65, 38.60, 39.85, 6389, -
ARHAM,20231009, 107.00, 121.40, 101.00, 120.85, 246000, 141000
ARIES,20231009, 179.75, 179.80, 175.00, 176.80, 50862, 27941
ARIHANTACA,20231009, 123.00, 125.00, 123.00, 123.00, 8000, 6400
ARIHANTCAP,20231009, 72.20, 78.00, 72.20, 76.30, 1600028, 726653
ARIHANTSUP,20231009, 186.00, 186.10, 180.10, 183.45, 108398, 30055
ARISTO,20231009, 75.00, 77.90, 72.35, 77.45, 14400, 11200
ARMANFIN,20231009, 2262.35, 2400.00, 2231.95, 2295.70, 32315, 10039
AROGRANITE,20231009, 62.35, 63.70, 60.10, 61.40, 340385, 140225
ARROWGREEN,20231009, 414.00, 444.80, 385.10, 415.40, 246639, 112458
ARSHIYA,20231009, 4.15, 4.40, 4.00, 4.40, 2100083, -
ARSSINFRA,20231009, 18.75, 19.70, 18.75, 19.50, 4363, -
ARTEMISMED,20231009, 153.45, 154.65, 145.65, 148.05, 185547, 95661
ARTNIRMAN,20231009, 50.90, 50.90, 49.00, 49.00, 1880, -
ARVEE,20231009, 105.25, 123.90, 105.25, 123.90, 19935, 6464
ARVIND,20231009, 182.00, 183.50, 172.50, 174.05, 1243168, 559691
ARVINDFASN,20231009, 330.00, 331.00, 322.50, 327.20, 134125, 62663
ARVSMART,20231009, 343.85, 343.85, 337.05, 338.20, 47352, 25989
ASAHIINDIA,20231009, 608.00, 610.95, 591.55, 599.20, 104751, 43326
ASAHISONG,20231009, 248.30, 248.30, 241.00, 241.55, 7409, 4233
ASAL,20231009, 413.05, 415.20, 394.65, 397.55, 49774, 24171
ASALCBR,20231009, 475.00, 478.60, 461.10, 464.45, 104625, 53999
ASHAPURMIN,20231009, 286.55, 306.00, 285.00, 295.10, 169856, -
ASHIANA,20231009, 198.00, 202.85, 198.00, 201.50, 69451, 35284
ASHIMASYN,20231009, 16.45, 17.15, 15.50, 16.50, 782683, 476038
ASHOKA,20231009, 124.35, 125.90, 120.55, 125.10, 3007620, 1187261
ASHOKAMET,20231009, 18.05, 19.35, 18.05, 18.70, 28842, -
ASHOKLEY,20231009, 170.00, 173.10, 168.00, 171.70, 15617295, 10122745
ASIANENE,20231009, 183.00, 196.65, 180.50, 184.35, 155323, 83010
ASIANHOTNR,20231009, 144.00, 144.15, 129.00, 129.70, 9860, 7147
ASIANPAINT,20231009, 3140.05, 3163.00, 3132.70, 3152.80, 700012, 394034
ASIANTILES,20231009, 66.00, 66.00, 63.00, 63.10, 1687747, 839742
ASLIND,20231009, 26.25, 26.25, 26.25, 26.25, 4000, 4000
ASMS,20231009, 12.00, 12.00, 12.00, 12.00, 44860, -
ASPINWALL,20231009, 241.55, 251.70, 241.55, 246.60, 3438, 1768
ASTEC,20231009, 1359.95, 1360.00, 1303.20, 1314.00, 9557, 3931
ASTERDM,20231009, 323.75, 325.05, 317.10, 321.20, 196539, 99865
ASTRAL,20231009, 1879.95, 1882.35, 1852.30, 1861.50, 345097, 110746
ASTRAMICRO,20231009, 442.95, 457.95, 425.40, 440.10, 829150, 242138
ASTRAZEN,20231009, 4660.00, 4710.00, 4610.65, 4666.05, 10676, 6264
ASTRON,20231009, 32.05, 32.10, 31.60, 31.70, 22858, -
ATALREAL,20231009, 78.05, 78.05, 74.50, 75.00, 41065, -
ATAM,20231009, 180.55, 180.90, 174.10, 178.05, 15508, 10700
ATFL,20231009, 829.00, 842.95, 810.20, 835.25, 7123, 3294
ATGL,20231009, 600.00, 600.05, 587.75, 590.30, 572730, 310938
ATL,20231009, 38.25, 39.50, 36.75, 36.90, 2461660, 1197428
ATLANTA,20231009, 13.40, 14.50, 13.40, 14.05, 66651, -
ATUL,20231009, 7002.00, 7009.30, 6850.00, 6884.35, 20449, 8198
ATULAUTO,20231009, 590.00, 604.00, 582.00, 584.65, 103612, 54637
AUBANK,20231009, 708.00, 717.45, 703.05, 711.00, 927404, 231469
AURDIS,20231009, 229.00, 232.00, 223.65, 225.00, 16000, 11000
AURIONPRO,20231009, 1377.00, 1440.00, 1335.00, 1370.25, 23057, -
AUROIMPEX,20231009, 63.50, 64.45, 63.40, 64.45, 9600, 6400
AUROPHARMA,20231009, 893.00, 915.70, 887.85, 911.15, 2758288, 1173547
AURUM,20231009, 129.35, 129.35, 123.80, 126.15, 77354, 43172
AUSOMENT,20231009, 75.80, 77.50, 73.50, 74.45, 18116, 3037
AUTOAXLES,20231009, 2205.00, 2232.15, 2182.40, 2223.35, 12035, 6458
AUTOBEES,20231009, 162.83, 162.83, 160.34, 160.89, 54025, 32073
AUTOIND,20231009, 110.30, 110.30, 110.20, 110.20, 7033, -
AVADHSUGAR,20231009, 660.90, 667.80, 652.10, 655.70, 83036, 19552
AVALON,20231009, 562.00, 563.00, 550.95, 553.25, 169996, 73796
AVANTIFEED,20231009, 439.95, 440.95, 430.10, 433.80, 128256, 66199
AVG,20231009, 278.80, 287.70, 274.55, 285.10, 47674, 31148
AVONMORE,20231009, 71.35, 71.85, 69.50, 69.90, 17227, -
AVROIND,20231009, 113.80, 113.80, 107.45, 108.90, 31668, 9133
AVSL,20231009, 124.45, 124.45, 124.45, 124.45, 1000, 1000
AVTNPL,20231009, 80.80, 80.80, 79.00, 79.35, 203455, 130277
AWHCL,20231009, 378.50, 385.65, 369.30, 371.80, 317911, 133629
AWL,20231009, 342.10, 343.40, 335.80, 337.05, 1429316, 674715
AXISBANK,20231009, 994.80, 999.70, 988.25, 996.25, 6823214, 4682843
AXISCADES,20231009, 548.85, 576.15, 527.00, 576.15, 118585, 82872
AXISGOLD,20231009, 48.48, 49.65, 48.00, 49.33, 155512, 114891
AXISILVER,20231009, 71.36, 71.89, 70.95, 71.45, 59623, 54229
AXITA,20231009, 26.40, 26.50, 25.80, 26.30, 175445, -
AXSENSEX,20231009, 64.88, 67.20, 64.88, 67.17, 1013, 613
AYMSYNTEX,20231009, 68.45, 69.10, 66.00, 66.80, 34390, 5523
BAFNAPH,20231009, 92.00, 92.00, 87.80, 90.00, 2699, -
BAGFILMS,20231009, 5.45, 5.55, 5.15, 5.25, 231217, -
BAHETI,20231009, 175.00, 187.00, 172.00, 186.00, 90000, 78000
BAIDFIN,20231009, 26.00, 27.15, 25.90, 26.30, 1603860, 235980
BAJAJ-AUTO,20231009, 4957.05, 5068.70, 4957.05, 5007.30, 244083, 113656
BAJAJCON,20231009, 226.80, 229.35, 219.85, 220.90, 377249, 197989
BAJAJELEC,20231009, 1065.95, 1066.00, 1046.55, 1058.75, 20985, 9422
BAJAJFINSV,20231009, 1617.15, 1628.00, 1606.60, 1621.55, 1712235, 707355
BAJAJHCARE,20231009, 469.00, 469.00, 452.85, 462.25, 205685, 99077
BAJAJHIND,20231009, 25.55, 25.85, 24.75, 24.90, 19705981, 6412765
BAJAJHLDNG,20231009, 6840.00, 6879.70, 6800.00, 6825.40, 15307, 5687
BAJFINANCE,20231009, 8102.05, 8135.00, 8018.00, 8027.70, 747800, 313837
BALAJITELE,20231009, 70.00, 70.65, 67.15, 67.80, 545956, 245216
BALAMINES,20231009, 2195.05, 2206.00, 2166.90, 2193.05, 42461, 20328
BALAXI,20231009, 420.00, 450.00, 412.00, 447.75, 4150, 2653
BALKRISHNA,20231009, 27.95, 28.45, 27.50, 28.20, 36056, 11373
BALKRISIND,20231009, 2511.00, 2553.25, 2511.00, 2543.25, 167254, 38952
BALMLAWRIE,20231009, 144.05, 146.05, 140.05, 142.45, 642492, 342413
BALPHARMA,20231009, 92.80, 93.85, 90.90, 92.10, 15373, 7719
BALRAMCHIN,20231009, 430.85, 437.40, 423.00, 425.75, 1758549, 347713
BANARBEADS,20231009, 91.00, 91.90, 90.75, 91.05, 18739, 12074
BANARISUG,20231009, 2574.10, 2608.85, 2540.00, 2549.65, 1603, 956
BANCOINDIA,20231009, 474.00, 494.40, 474.00, 478.00, 112987, 66473
BANDHANBNK,20231009, 248.70, 251.30, 245.70, 246.45, 6591251, 2393063
BANG,20231009, 49.30, 50.70, 49.00, 49.15, 25323, 8813
BANKA,20231009, 72.00, 72.05, 69.50, 69.90, 18129, 12479
BANKBARODA,20231009, 212.40, 215.30, 210.30, 211.75, 12102991, 4744832
BANKBEES,20231009, 452.54, 452.54, 446.05, 448.48, 1282708, 1128743
BANKETF,20231009, 439.51, 441.11, 438.45, 439.59, 1369, 897
BANKINDIA,20231009, 107.00, 107.25, 103.50, 104.30, 11296760, 3983998
BANSWRAS,20231009, 153.00, 153.75, 150.35, 151.45, 51210, 32913
BARBEQUE,20231009, 742.55, 756.00, 727.25, 753.20, 101355, 57141
BASF,20231009, 2522.95, 2526.80, 2484.00, 2520.05, 7712, 3815
BASILIC,20231009, 283.00, 283.00, 270.00, 275.80, 74400, 45600
BASML,20231009, 48.00, 48.00, 46.05, 46.50, 63363, 39769
BATAINDIA,20231009, 1600.00, 1625.00, 1597.10, 1620.35, 82661, 32881
BAYERCROP,20231009, 5252.65, 5424.00, 5225.55, 5390.95, 19417, 8764
BBL,20231009, 3842.90, 3868.05, 3678.65, 3700.40, 14217, 6716
BBOX,20231009, 210.65, 211.65, 203.50, 208.70, 266729, 80259
BBTC,20231009, 1226.00, 1264.70, 1220.00, 1243.65, 72212, 36131
BBTCL,20231009, 274.00, 284.00, 246.90, 267.30, 213715, 58968
BCG,20231009, 16.95, 17.35, 16.95, 16.95, 16767162, 7894670
BCLIND,20231009, 536.00, 551.00, 522.50, 537.25, 269799, 113761
BCONCEPTS,20231009, 469.00, 469.00, 463.55, 463.55, 1614, -
BDL,20231009, 995.90, 1024.90, 976.90, 1003.65, 826251, 172519
BEARDSELL,20231009, 40.60, 40.60, 38.00, 40.50, 218808, -
BECTORFOOD,20231009, 1036.10, 1076.00, 1000.05, 1050.45, 127414, 51889
BEDMUTHA,20231009, 149.40, 152.65, 139.05, 152.60, 143347, -
BEL,20231009, 136.20, 137.60, 135.05, 135.75, 10489249, 6273251
BEML,20231009, 2365.00, 2386.00, 2281.00, 2292.85, 317290, 84827
BEPL,20231009, 90.10, 92.50, 89.05, 90.40, 659425, 313218
BERGEPAINT,20231009, 555.00, 565.25, 553.00, 562.80, 798497, 326024
BETA,20231009, 1010.00, 1010.00, 1010.00, 1010.00, 1000, 1000
BEWLTD,20231009, 1570.00, 1595.00, 1570.00, 1591.00, 2000, 1250
BFINVEST,20231009, 508.50, 510.80, 492.00, 494.70, 29695, 14413
BFSI,20231009, 20.24, 20.24, 19.90, 19.92, 78668, 65309
BFUTILITIE,20231009, 625.00, 626.00, 600.55, 603.00, 92187, 53231
BGLOBAL,20231009, 2.45, 2.45, 2.30, 2.45, 8270, -
BGRENERGY,20231009, 70.10, 71.10, 68.55, 69.15, 436342, 183824
BHAGCHEM,20231009, 1572.90, 1597.00, 1504.05, 1571.70, 116614, 55340
BHAGERIA,20231009, 157.80, 159.15, 152.00, 154.30, 22219, 12635
BHAGYANGR,20231009, 68.50, 68.50, 65.30, 65.85, 39523, -
BHANDA-RE,20231009, 1.80, 1.80, 1.10, 1.30, 621412, -
BHANDARI,20231009, 6.20, 6.20, 5.90, 5.90, 244552, -
BHARATFORG,20231009, 1089.95, 1089.95, 1073.65, 1084.35, 493176, 120945
BHARATGEAR,20231009, 120.00, 120.80, 117.50, 118.30, 36501, 24640
BHARATRAS,20231009, 9299.85, 9299.85, 9050.60, 9100.60, 779, 423
BHARATWIRE,20231009, 260.00, 262.00, 256.05, 260.90, 279389, 129160
BHARTIARTL,20231009, 918.00, 928.05, 916.55, 924.55, 2248103, 1602496
BHEL,20231009, 127.05, 127.90, 124.35, 126.45, 17709670, 4023218
BIGBLOC,20231009, 180.05, 180.05, 171.10, 172.95, 271863, 113951
BIKAJI,20231009, 465.00, 476.95, 461.30, 470.60, 309986, 182507
BIL,20231009, 222.50, 228.85, 220.00, 221.45, 3069, -
BINANIIND,20231009, 14.90, 14.90, 14.80, 14.80, 3617, -
BIOCON,20231009, 261.20, 263.85, 259.65, 260.45, 1225855, 380735
BIOFILCHEM,20231009, 52.00, 53.30, 50.00, 50.35, 88365, 53377
BIRET,20231009, 239.00, 240.01, 238.00, 238.95, 81137, 69422
BIRLACABLE,20231009, 311.00, 319.10, 309.00, 311.70, 139590, 77716
BIRLACORPN,20231009, 1269.90, 1269.90, 1236.00, 1252.95, 77638, 41668
BIRLAMONEY,20231009, 83.45, 84.40, 78.70, 79.90, 644600, 323186
BIRLATYRE,20231009, 5.30, 5.30, 5.30, 5.30, 140933, -
BKMINDST,20231009, 0.75, 0.75, 0.70, 0.75, 33069, -
BLAL,20231009, 156.30, 159.00, 154.90, 155.75, 85314, 57990
BLBLIMITED,20231009, 22.90, 22.90, 21.80, 21.85, 121976, 66100
BLISSGVS,20231009, 88.35, 91.80, 85.90, 88.65, 407941, 187757
BLKASHYAP,20231009, 67.50, 68.90, 64.75, 66.55, 1033502, 505929
BLS,20231009, 239.80, 241.80, 236.30, 241.00, 2148049, 665169
BLUECHIP,20231009, 1.25, 1.25, 1.25, 1.25, 52103, -
BLUECOAST,20231009, 5.90, 5.90, 5.40, 5.70, 2244, 1994
BLUEDART,20231009, 6670.00, 6722.35, 6610.00, 6668.80, 28025, 23453
BLUESTARCO,20231009, 871.00, 897.15, 860.05, 868.30, 210654, 70623
BMETRICS,20231009, 123.90, 124.00, 111.75, 115.50, 47600, 32400
BODALCHEM,20231009, 80.70, 80.80, 77.10, 77.55, 623969, 349377
BOHRAIND,20231009, 49.65, 49.70, 49.65, 49.70, 195, -
BOMDYEING,20231009, 142.55, 144.70, 140.00, 141.10, 1670409, 672016
BOROLTD,20231009, 403.10, 413.00, 397.00, 399.40, 93718, 45289
BORORENEW,20231009, 429.05, 429.05, 418.05, 419.60, 245481, 118574
BOSCHLTD,20231009, 19200.00, 19300.00, 19051.30, 19256.65, 20739, 10266
BPCL,20231009, 341.00, 341.65, 336.15, 340.00, 4370040, 2483727
BPL,20231009, 82.00, 82.00, 74.35, 75.65, 373480, 190533
BRIGADE,20231009, 592.90, 612.45, 584.00, 599.80, 270582, 77566
BRIGHT,20231009, 5.40, 5.45, 4.80, 5.10, 189000, 135000
BRITANNIA,20231009, 4511.00, 4535.00, 4493.50, 4522.50, 255764, 179333
BRNL,20231009, 39.25, 40.15, 38.20, 38.45, 94762, 50423
BROOKS,20231009, 88.10, 94.85, 88.10, 94.50, 54397, -
BSE,20231009, 1364.00, 1440.00, 1360.05, 1383.95, 2514250, 760953
BSHSL,20231009, 237.60, 245.00, 234.80, 240.65, 15279, 10002
BSL,20231009, 191.65, 191.65, 183.00, 183.70, 17890, 8123
BSOFT,20231009, 507.00, 524.70, 506.10, 515.75, 3470714, 890289
BTML,20231009, 143.95, 154.95, 135.15, 150.55, 104843, 88640
BURNPUR,20231009, 4.90, 4.95, 4.70, 4.80, 257585, 130502
BUTTERFLY,20231009, 1229.90, 1229.90, 1189.10, 1194.10, 10867, 3994
BVCL,20231009, 38.90, 38.90, 37.40, 38.40, 5419, -
BYKE,20231009, 49.00, 53.00, 47.40, 50.40, 2005679, 846290
CADSYS,20231009, 241.35, 241.35, 231.50, 241.35, 92000, 76000
CALSOFT,20231009, 14.00, 14.40, 13.90, 13.95, 10242, 7704
CAMLINFINE,20231009, 161.00, 163.80, 159.60, 160.60, 408699, 197817
CAMPUS,20231009, 286.30, 286.55, 282.00, 282.85, 903621, 506262
CAMS,20231009, 2451.00, 2460.00, 2407.10, 2412.15, 76265, 45463
CANBK,20231009, 370.00, 371.65, 363.10, 365.35, 6243682, 1966744
CANFINHOME,20231009, 766.55, 766.70, 746.05, 750.40, 405469, 153004
CANTABIL,20231009, 1173.90, 1184.95, 1161.00, 1174.20, 19618, 7244
CAPACITE,20231009, 207.50, 215.90, 205.20, 212.95, 857569, 297612
CAPLIPOINT,20231009, 1065.00, 1076.40, 1044.15, 1053.00, 84335, 40397
CAPTRUST,20231009, 98.60, 98.60, 94.05, 95.85, 11111, 8375
CARBORUNIV,20231009, 1165.00, 1165.00, 1112.35, 1135.05, 189731, 101960
CAREERP,20231009, 189.55, 189.55, 182.00, 183.45, 25652, -
CARERATING,20231009, 843.20, 952.70, 841.10, 942.00, 1121399, 228799
CARTRADE,20231009, 601.60, 618.75, 595.10, 611.50, 158074, 82835
CARYSIL,20231009, 625.05, 654.85, 625.05, 650.90, 111910, 64176
CASTROLIND,20231009, 137.00, 137.40, 134.00, 134.95, 1144508, 718933
CCHHL,20231009, 9.45, 9.80, 8.95, 9.00, 182283, -
CCL,20231009, 646.75, 659.00, 636.50, 648.80, 166312, 71250
CDSL,20231009, 1320.20, 1327.70, 1305.00, 1308.55, 1124044, 476562
CEATLTD,20231009, 2080.15, 2097.55, 2056.35, 2071.85, 61633, 25020
CELEBRITY,20231009, 19.25, 19.25, 17.75, 17.95, 535435, 215447
CELLECOR,20231009, 129.30, 129.30, 118.20, 129.30, 1180800, 975600
CELLPOINT,20231009, 50.00, 50.00, 48.25, 48.30, 28800, 24000
CENTENKA,20231009, 425.00, 428.40, 418.90, 425.15, 47592, 33075
CENTEXT,20231009, 16.85, 16.85, 15.70, 15.75, 246161, -
CENTRALBK,20231009, 48.10, 48.60, 46.45, 46.80, 28024436, 7702294
CENTRUM,20231009, 22.50, 24.00, 21.20, 22.50, 718124, 343265
CENTUM,20231009, 1413.10, 1498.00, 1412.10, 1436.10, 9208, -
CENTURYPLY,20231009, 649.80, 650.25, 637.10, 639.80, 47186, 21112
CENTURYTEX,20231009, 1107.40, 1139.90, 1091.85, 1099.00, 537074, 323284
CERA,20231009, 8170.00, 8267.45, 8122.55, 8180.05, 9926, 4108
CEREBRAINT,20231009, 5.55, 5.95, 5.45, 5.95, 182352, -
CESC,20231009, 86.95, 87.15, 85.50, 86.10, 2178748, 1117622
CGCL,20231009, 794.00, 802.00, 767.95, 775.45, 255775, 91784
CGPOWER,20231009, 417.95, 419.55, 411.45, 413.25, 898022, 540801
CHALET,20231009, 599.00, 604.35, 585.00, 589.70, 320928, 175386
CHAMBLFERT,20231009, 272.50, 275.35, 267.75, 272.90, 1061225, 327897
CHAVDA,20231009, 82.50, 86.80, 79.00, 86.65, 446000, 422000
CHEMBOND,20231009, 370.00, 379.95, 365.00, 366.40, 17021, 9204
CHEMCON,20231009, 270.00, 274.35, 268.00, 269.00, 46549, 22647
CHEMFAB,20231009, 365.00, 367.00, 355.00, 359.90, 18964, 9316
CHEMPLASTS,20231009, 487.80, 489.00, 461.55, 472.10, 126221, 72952
CHENNPETRO,20231009, 483.00, 494.75, 477.05, 485.65, 978099, 251888
CHEVIOT,20231009, 1132.00, 1168.90, 1130.00, 1152.75, 1228, 671
CHOICEIN,20231009, 427.75, 427.75, 418.95, 420.00, 527476, 90294
CHOLAFIN,20231009, 1209.95, 1222.70, 1204.90, 1219.55, 1641174, 1063616
CHOLAHLDNG,20231009, 1110.00, 1150.10, 1101.85, 1109.20, 102208, 60941
CIEINDIA,20231009, 469.50, 469.50, 459.00, 460.95, 321123, 208197
CIGNITITEC,20231009, 824.20, 845.00, 816.10, 823.45, 245729, 137138
CINELINE,20231009, 128.35, 128.35, 125.85, 125.85, 98317, -
CINEVISTA,20231009, 15.30, 15.40, 14.15, 14.20, 80367, 47704
CIPLA,20231009, 1159.00, 1166.85, 1151.65, 1159.50, 822110, 496802
CLEAN,20231009, 1392.00, 1398.00, 1375.85, 1381.05, 82153, 43828
CLEDUCATE,20231009, 70.10, 71.00, 67.25, 67.60, 90436, 72845
CLOUD,20231009, 159.00, 160.00, 154.90, 159.65, 190000, 127000
CLSEL,20231009, 233.50, 233.50, 225.05, 227.40, 116881, 49740
CLSL,20231009, 40.40, 41.00, 36.55, 39.20, 46000, 30000
CMICABLES,20231009, 6.45, 6.45, 6.45, 6.45, 16570, -
CMMIPL,20231009, 3.50, 3.50, 3.50, 3.50, 3000, 3000
CMNL,20231009, 65.80, 67.00, 65.05, 66.05, 45000, 36000
CMRSL,20231009, 124.80, 124.80, 124.40, 124.60, 4000, 4000
CMSINFO,20231009, 366.50, 368.05, 360.60, 362.30, 728621, 399957
COALINDIA,20231009, 286.05, 288.95, 283.05, 287.80, 4647845, 1531070
COASTCORP,20231009, 257.00, 257.15, 249.20, 252.90, 13246, 8554
COCHINSHIP,20231009, 1042.10, 1058.15, 1024.95, 1033.30, 1456616, 281658
COFFEEDAY,20231009, 49.50, 50.95, 48.25, 49.35, 3171047, 1248819
COFORGE,20231009, 5161.00, 5216.90, 5118.90, 5138.75, 179747, 55472
COLPAL,20231009, 1972.00, 2012.40, 1972.00, 2000.45, 332990, 162242
COMPINFO,20231009, 12.10, 12.50, 12.10, 12.25, 297626, 173691
COMPUSOFT,20231009, 21.50, 21.65, 20.35, 20.85, 143183, 80247
CONCOR,20231009, 704.30, 713.00, 699.35, 709.80, 694946, 274035
CONCORDBIO,20231009, 1090.10, 1150.00, 1082.00, 1145.10, 219186, 50602
CONFIPET,20231009, 84.15, 84.50, 81.70, 82.40, 973264, 521764
CONSOFINVT,20231009, 145.00, 166.40, 145.00, 159.95, 139135, 82076
CONSUMBEES,20231009, 93.77, 93.77, 92.04, 92.43, 8707, 5500
CONTROLPR,20231009, 787.65, 803.35, 755.05, 794.45, 70121, 36874
COOLCAPS,20231009, 506.80, 518.40, 506.80, 518.40, 2250, 2250
CORALFINAC,20231009, 39.80, 39.80, 38.05, 38.35, 88025, 63786
CORDSCABLE,20231009, 111.90, 112.30, 106.50, 107.45, 253629, 154750
COROMANDEL,20231009, 1160.15, 1184.70, 1151.50, 1162.00, 427576, 131310
COSMOFIRST,20231009, 675.00, 678.10, 661.05, 676.65, 28125, 17614
COUNCODOS,20231009, 4.20, 4.35, 4.10, 4.20, 126481, 47334
CPS,20231009, 445.00, 445.00, 421.00, 421.00, 6000, 5400
CRAFTSMAN,20231009, 4623.00, 4650.00, 4425.60, 4511.90, 34352, 14745
CRAYONS,20231009, 146.00, 149.75, 145.10, 146.55, 52000, 36000
CREATIVE,20231009, 530.65, 560.40, 530.65, 541.80, 25126, 14569
CREATIVEYE,20231009, 4.00, 4.00, 4.00, 4.00, 1, 1
CREDITACC,20231009, 1290.00, 1330.00, 1290.00, 1312.65, 308106, 239339
CREST,20231009, 227.00, 238.30, 224.00, 234.95, 18816, 10304
CRISIL,20231009, 3845.00, 3972.05, 3815.00, 3897.60, 193426, 143367
CROMPTON,20231009, 299.00, 300.00, 294.20, 296.00, 1494060, 780604
CROWN,20231009, 69.50, 69.50, 66.00, 66.80, 21644, 17362
CSBBANK,20231009, 355.75, 363.75, 348.00, 351.10, 729745, 201569
CSLFINANCE,20231009, 341.55, 345.00, 331.05, 337.40, 26638, 13031
CTE,20231009, 63.40, 64.00, 58.60, 59.50, 190824, 137964
CUB,20231009, 128.00, 128.05, 125.25, 125.75, 3597974, 1625318
CUBEXTUB,20231009, 46.30, 46.75, 44.00, 44.20, 34284, 21289
CUMMINSIND,20231009, 1704.00, 1706.00, 1682.80, 1699.25, 279463, 79821
CUPID,20231009, 402.25, 417.00, 401.10, 413.60, 107859, 52587
CYBERMEDIA,20231009, 18.00, 18.00, 17.25, 17.75, 11064, -
CYBERTECH,20231009, 157.45, 158.85, 147.20, 149.10, 350866, 104752
CYIENT,20231009, 1670.00, 1672.95, 1637.05, 1648.45, 392123, 300340
CYIENTDLM,20231009, 668.90, 679.90, 654.50, 668.55, 616692, 405992
DAAWAT,20231009, 169.10, 170.85, 165.55, 169.50, 998308, 456643
DABUR,20231009, 543.15, 545.20, 540.10, 541.75, 1076708, 722490
DALBHARAT,20231009, 2207.05, 2242.45, 2198.65, 2219.05, 238173, 92905
DALMIASUG,20231009, 455.25, 457.00, 436.10, 442.25, 180381, 49256
DAMODARIND,20231009, 50.75, 50.75, 48.50, 48.90, 34632, 14082
DANGEE,20231009, 9.50, 9.60, 9.35, 9.40, 304936, 170574
DATAMATICS,20231009, 584.00, 604.00, 573.20, 586.55, 103134, 56763
DATAPATTNS,20231009, 2052.00, 2079.95, 2031.55, 2056.80, 65113, 28274
DBCORP,20231009, 257.00, 268.80, 253.05, 256.45, 166417, 90214
DBL,20231009, 321.00, 321.80, 307.00, 308.75, 906053, 311904
DBOL,20231009, 175.90, 180.70, 173.00, 175.95, 346089, 169299
DBREALTY,20231009, 165.00, 165.00, 158.40, 159.30, 742259, 428187
DBSTOCKBRO,20231009, 31.05, 35.90, 29.60, 34.95, 647567, 173643
DCAL,20231009, 158.75, 160.50, 155.25, 157.85, 407983, 184561
DCBBANK,20231009, 122.80, 122.80, 119.70, 120.00, 900659, 529214
DCI,20231009, 173.20, 173.20, 173.20, 173.20, 169, -
DCM,20231009, 78.80, 82.00, 78.75, 81.45, 59086, -
DCMFINSERV,20231009, 5.50, 5.65, 5.25, 5.65, 104527, 79144
DCMNVL,20231009, 164.00, 168.25, 163.50, 164.25, 27753, 20053
DCMSHRIRAM,20231009, 1092.75, 1092.75, 1050.20, 1054.55, 55781, 27157
DCMSRIND,20231009, 137.25, 138.35, 130.40, 131.55, 323511, 197065
DCW,20231009, 55.05, 55.40, 53.20, 53.50, 2188227, 1003199
DCXINDIA,20231009, 299.00, 299.50, 291.20, 296.45, 535557, 247541
DECCANCE,20231009, 549.85, 549.85, 532.15, 536.10, 17115, 9906
DEEPAKFERT,20231009, 636.00, 637.00, 617.75, 623.30, 393116, 182406
DEEPAKNTR,20231009, 2070.00, 2093.40, 2064.25, 2068.95, 422727, 324388
DEEPENR,20231009, 161.95, 161.95, 154.50, 159.95, 12653, -
DEEPINDS,20231009, 276.00, 297.70, 259.20, 288.30, 472598, 105479
DELHIVERY,20231009, 408.55, 413.90, 403.00, 409.40, 432979, 253203
DELPHIFX,20231009, 361.00, 377.40, 359.00, 362.05, 2916, 1757
DELTACORP,20231009, 137.75, 144.85, 135.65, 141.65, 13298995, 3414029
DELTAMAGNT,20231009, 86.50, 88.45, 83.50, 84.10, 8484, -
DEN,20231009, 50.90, 51.50, 49.90, 50.15, 4458358, 1835247
DENEERS,20231009, 234.90, 235.00, 234.90, 235.00, 4800, 4800
DENORA,20231009, 1510.00, 1560.00, 1460.05, 1486.00, 24519, 14170
DENTALKART,20231009, 430.90, 430.90, 427.00, 427.00, 5000, 2000
DESTINY,20231009, 46.05, 46.05, 46.05, 46.05, 6000, 6000
DEVIT,20231009, 130.05, 136.50, 130.05, 133.80, 20336, 12729
DEVYANI,20231009, 220.00, 220.50, 214.10, 216.80, 2154891, 1104448
DGCONTENT,20231009, 20.70, 20.70, 19.60, 19.75, 7584, 4669
DHAMPURSUG,20231009, 302.65, 305.70, 292.55, 294.05, 429460, 145024
DHANBANK,20231009, 31.00, 31.00, 29.30, 29.65, 5137103, 2637661
DHANI,20231009, 41.00, 41.00, 39.55, 39.80, 620497, -
DHANUKA,20231009, 820.00, 843.90, 811.60, 840.60, 52355, 23989
DHARMAJ,20231009, 230.90, 238.40, 225.05, 232.80, 901802, 349178
DHRUV,20231009, 58.90, 58.90, 57.00, 58.25, 38127, 22670
DHUNINV,20231009, 755.30, 764.55, 738.00, 741.00, 2265, 1539
DIACABS,20231009, 47.75, 47.75, 47.75, 47.75, 97, -
DIAMINESQ,20231009, 515.00, 525.30, 509.30, 515.45, 9272, 5022
DIAMONDYD,20231009, 839.05, 857.45, 826.05, 853.65, 33236, 26093
DICIND,20231009, 432.15, 433.70, 420.35, 428.30, 2710, 1866
DIGIKORE,20231009, 263.80, 285.00, 263.80, 279.80, 279200, 251200
DIGISPICE,20231009, 33.05, 34.10, 32.65, 32.85, 26356, -
DIGJAMLMTD,20231009, 83.00, 83.00, 82.85, 82.85, 1304, -
DIL,20231009, 9.70, 10.15, 9.30, 10.10, 955497, -
DISHTV,20231009, 17.75, 17.75, 17.10, 17.30, 11168816, 3829963
DIVGIITTS,20231009, 1040.10, 1060.10, 1025.00, 1033.45, 28657, 13370
DIVISLAB,20231009, 3700.00, 3796.50, 3683.85, 3705.30, 447464, 206737
DIVOPPBEES,20231009, 59.95, 59.95, 56.68, 57.70, 40619, 25348
DIXON,20231009, 5032.15, 5162.90, 5028.00, 5104.65, 189301, 44952
DJML,20231009, 148.50, 152.90, 145.55, 148.25, 1482, 707
DLF,20231009, 547.05, 547.45, 536.55, 540.85, 3107088, 928608
DLINKINDIA,20231009, 335.00, 335.00, 323.00, 324.95, 171601, 68564
DMART,20231009, 3809.60, 3818.00, 3771.00, 3798.60, 278929, 148793
DMCC,20231009, 309.60, 309.60, 298.20, 300.50, 21663, 11248
DNAMEDIA,20231009, 4.60, 4.60, 4.20, 4.60, 2174284, 1240804
DODLA,20231009, 690.00, 690.00, 671.00, 676.20, 180575, 68939
DOLATALGO,20231009, 54.95, 55.10, 52.20, 53.05, 513749, 231914
DOLLAR,20231009, 437.95, 437.95, 416.80, 421.00, 115033, 56460
DOLLEX,20231009, 42.05, 42.05, 39.00, 39.10, 20000, 8000
DOLPHIN,20231009, 425.15, 425.15, 425.15, 425.15, 33, -
DONEAR,20231009, 106.00, 107.00, 102.60, 103.15, 219954, 88397
DPABHUSHAN,20231009, 664.00, 664.95, 632.05, 645.90, 15007, 8404
DPSCLTD,20231009, 16.20, 16.25, 15.25, 15.50, 316793, 225500
DPWIRES,20231009, 659.95, 669.00, 642.55, 666.25, 37363, 14290
DRCSYSTEMS,20231009, 41.80, 42.05, 40.70, 41.35, 59755, 44752
DREAMFOLKS,20231009, 501.10, 504.60, 489.00, 500.05, 386770, 166426
DREDGECORP,20231009, 455.00, 458.90, 443.10, 445.25, 71018, 32652
DRONE,20231009, 130.00, 130.00, 126.00, 127.45, 52000, 36000
DRREDDY,20231009, 5410.05, 5527.35, 5400.15, 5494.85, 473622, 178409
DSPBANKETF,20231009, 44.33, 45.68, 44.02, 44.26, 9309, 6938
DSPGOLDETF,20231009, 57.50, 58.40, 57.05, 57.95, 18624, 16879
DSPITETF,20231009, 32.44, 32.60, 31.93, 32.25, 9167, 7440
DSPPSBKETF,20231009, 53.40, 53.40, 50.45, 50.53, 3715, 3685
DSPPVBKETF,20231009, 23.20, 23.20, 22.79, 22.83, 2349, 2349
DSPSENXETF,20231009, 65.44, 65.44, 65.44, 65.44, 150, 150
DSPSILVETF,20231009, 68.97, 69.39, 67.86, 68.66, 30801, 23805
DSSL,20231009, 744.00, 760.90, 710.00, 718.70, 115664, 48992
DTIL,20231009, 224.80, 224.80, 215.00, 216.45, 3123, 1871
DUCOL,20231009, 180.00, 180.00, 160.00, 160.00, 16000, 14400
DUCON,20231009, 6.95, 6.95, 6.85, 6.85, 12893, -
DUDIG-RE,20231009, 29.00, 29.00, 29.00, 29.00, 7500, 7500
DUGLOBAL,20231009, 53.10, 61.90, 52.10, 59.30, 25000, 20000
DVL,20231009, 268.55, 268.55, 256.00, 257.15, 38723, 28126
DWARKESH,20231009, 101.50, 103.35, 98.00, 98.65, 2640567, 1005936
DYCL,20231009, 432.20, 435.00, 422.45, 422.70, 66557, -
DYNAMATECH,20231009, 4540.15, 4579.30, 4450.30, 4463.55, 12019, 5024
DYNAMIC,20231009, 113.50, 113.50, 113.50, 113.50, 4000, 4000
DYNPRO,20231009, 325.00, 326.70, 316.10, 321.10, 15678, 10299
E2E,20231009, 459.00, 468.15, 459.00, 468.00, 17622, -
EASEMYTRIP,20231009, 41.90, 41.90, 40.55, 40.70, 11797815, 6011397
EASTSILK,20231009, 2.00, 2.00, 2.00, 2.00, 550, -
EBBETF0433,20231009, 1056.99, 1057.99, 1053.06, 1054.92, 2402, 2158
ECLERX,20231009, 2150.00, 2150.00, 2053.10, 2091.15, 191758, 67288
EDELWEISS,20231009, 69.00, 69.00, 65.00, 66.40, 7160960, 2935885
EDUCOMP,20231009, 2.35, 2.35, 2.35, 2.35, 2840, -
EFACTOR,20231009, 115.00, 120.75, 115.00, 120.75, 1300800, 1300800
EICHERMOT,20231009, 3420.20, 3476.00, 3401.00, 3445.60, 471285, 265346
EIDPARRY,20231009, 524.40, 526.05, 517.05, 520.20, 353113, 194570
EIFFL,20231009, 142.90, 145.00, 142.35, 143.80, 9975, 9004
EIHAHOTELS,20231009, 492.85, 492.85, 476.00, 478.25, 22624, 9361
EIHOTEL,20231009, 236.15, 236.15, 226.35, 228.65, 764908, 353216
EIMCOELECO,20231009, 996.00, 1108.00, 996.00, 1091.20, 179929, 58003
EKC,20231009, 116.00, 116.00, 112.60, 113.00, 296813, 140781
ELDEHSG,20231009, 710.10, 712.95, 690.15, 696.70, 941, 518
ELECON,20231009, 765.95, 802.00, 758.60, 762.65, 547909, 214567
ELECTCAST,20231009, 74.20, 74.95, 72.30, 73.40, 3681171, 1586947
ELECTHERM,20231009, 146.40, 146.40, 142.60, 146.40, 72478, -
ELGIEQUIP,20231009, 494.70, 514.00, 475.50, 497.50, 469615, 214002
ELGIRUBCO,20231009, 53.00, 53.00, 50.50, 51.25, 38824, -
ELIN,20231009, 185.85, 185.85, 175.75, 178.15, 440832, 245968
EMAMILTD,20231009, 525.55, 525.55, 501.55, 507.15, 246108, 109404
EMAMIPAP,20231009, 130.70, 130.95, 126.05, 129.15, 18648, 8987
EMAMIREAL,20231009, 77.40, 77.50, 73.20, 74.85, 46259, 27801
EMBASSY,20231009, 302.70, 305.00, 300.22, 304.00, 325387, 285366
EMIL,20231009, 150.00, 157.95, 144.60, 148.85, 2518946, 1486083
EMKAY,20231009, 86.10, 87.75, 83.00, 83.40, 26109, 18380
EMMBI,20231009, 109.95, 115.00, 108.25, 109.95, 124638, 58551
EMSLIMITED,20231009, 320.00, 332.85, 308.00, 312.05, 2569485, 863393
EMUDHRA,20231009, 468.10, 473.00, 461.60, 464.75, 76797, 32976
ENDURANCE,20231009, 1585.10, 1587.95, 1540.05, 1552.30, 47666, 33017
ENERGYDEV,20231009, 19.05, 19.50, 18.65, 18.85, 74764, 54605
ENGINERSIN,20231009, 140.10, 140.95, 137.05, 138.15, 2199665, 1011777
ENIL,20231009, 173.40, 174.40, 168.00, 171.15, 105299, 46620
EPIGRAL,20231009, 986.00, 986.00, 963.00, 975.55, 30827, 14378
EPL,20231009, 190.45, 192.85, 187.10, 192.05, 343058, 160362
EQUIPPP,20231009, 29.50, 30.95, 29.30, 29.85, 10305, -
EQUITASBNK,20231009, 91.05, 92.95, 89.80, 92.65, 5090211, 3421760
ERIS,20231009, 890.00, 895.80, 875.70, 880.45, 57805, 28681
EROSMEDIA,20231009, 18.50, 18.50, 17.85, 18.00, 361081, 225260
ESABINDIA,20231009, 4965.25, 4995.45, 4842.05, 4868.55, 4247, 2523
ESCORTS,20231009, 3148.00, 3223.00, 3145.00, 3201.05, 163067, 28982
ESFL,20231009, 131.00, 131.80, 130.00, 130.85, 28800, 26400
ESG,20231009, 32.46, 32.46, 32.18, 32.24, 63319, 60845
ESSARSHPNG,20231009, 17.65, 17.65, 17.50, 17.65, 523218, -
ESSENTIA,20231009, 6.10, 6.10, 6.10, 6.10, 135555, -
ESTER,20231009, 96.30, 96.30, 92.55, 92.95, 154104, 91145
ETHOSLTD,20231009, 1706.00, 1729.70, 1685.55, 1717.45, 19145, 8531
EUROBOND,20231009, 136.70, 142.00, 136.70, 140.20, 12000, 10000
EUROTEXIND,20231009, 11.95, 11.95, 11.95, 11.95, 100, -
EVEREADY,20231009, 382.50, 387.45, 375.10, 377.50, 87778, 33955
EVERESTIND,20231009, 1092.95, 1144.00, 1090.00, 1134.75, 11027, 4213
EXCEL,20231009, 0.35, 0.40, 0.35, 0.35, 1299741, -
EXCELINDUS,20231009, 864.35, 869.10, 851.00, 854.70, 10397, 5999
EXIDEIND,20231009, 256.00, 257.85, 253.20, 255.00, 1339264, 507076
EXPLEOSOL,20231009, 1370.00, 1378.00, 1356.60, 1370.35, 19618, 9385
EXXARO,20231009, 130.00, 131.65, 126.20, 129.05, 70314, 40797
FACT,20231009, 528.00, 528.00, 506.00, 512.55, 549430, 155791
FAIRCHEMOR,20231009, 1137.20, 1143.35, 1107.65, 1131.75, 21198, 10186
FAZE3Q,20231009, 376.05, 376.05, 365.00, 367.15, 25884, 19849
FCL,20231009, 312.10, 317.00, 306.70, 308.00, 298253, 143081
FCONSUMER,20231009, 0.85, 0.90, 0.85, 0.85, 7929675, -
FCSSOFT,20231009, 3.00, 3.00, 2.70, 2.75, 35324124, 18633984
FDC,20231009, 378.05, 380.50, 370.00, 372.20, 172501, 96158
FEDERALBNK,20231009, 145.10, 145.65, 143.15, 144.95, 11349775, 5065389
FEL,20231009, 0.90, 0.90, 0.90, 0.90, 13803, -
FELDVR,20231009, 5.35, 5.80, 5.35, 5.35, 10134, -
FELIX,20231009, 108.55, 108.55, 104.90, 104.90, 8000, 8000
FIBERWEB,20231009, 31.55, 32.55, 31.55, 32.05, 66123, 37400
FIDEL,20231009, 116.00, 120.00, 116.00, 120.00, 15000, 15000
FIEMIND,20231009, 1781.00, 1801.95, 1770.00, 1783.10, 17994, 9568
FILATEX,20231009, 51.60, 51.60, 49.80, 50.25, 1183916, 461101
FINCABLES,20231009, 1065.00, 1072.05, 1031.00, 1040.40, 301166, 128481
FINEORG,20231009, 4800.00, 4921.00, 4786.10, 4904.90, 22211, 11146
FINOPB,20231009, 308.60, 312.40, 301.30, 304.70, 55410, 20935
FINPIPE,20231009, 222.00, 224.45, 218.75, 221.55, 370950, 148518
FIVESTAR,20231009, 714.40, 719.70, 703.55, 716.10, 122963, 57904
FLEXITUFF,20231009, 51.45, 51.45, 48.00, 51.40, 84275, -
FLFL,20231009, 3.15, 3.15, 3.05, 3.10, 212628, -
FLUOROCHEM,20231009, 2811.00, 2835.00, 2781.80, 2828.90, 106555, 74738
FMGOETZE,20231009, 352.80, 358.10, 348.60, 353.75, 56264, 26551
FMNL,20231009, 6.00, 6.00, 5.65, 5.75, 31013, -
FOCE,20231009, 779.00, 779.50, 779.00, 779.15, 3000, 3000
FOCUS,20231009, 174.00, 174.80, 163.50, 167.45, 501228, 279523
FOODSIN,20231009, 210.50, 216.00, 205.00, 207.45, 2246538, 394835
FORCEMOT,20231009, 4077.00, 4077.00, 3905.25, 3939.80, 29701, 16384
FORTIS,20231009, 327.90, 333.70, 326.80, 330.55, 1435111, 1055479
FOSECOIND,20231009, 3374.70, 3384.75, 3328.70, 3359.30, 1216, 605
FRETAIL,20231009, 3.10, 3.15, 3.05, 3.05, 314805, -
FROG,20231009, 229.00, 232.95, 228.00, 232.95, 9600, 7600
FSC,20231009, 10.55, 10.55, 10.55, 10.55, 3934, -
FSL,20231009, 160.65, 163.25, 159.10, 160.35, 1076299, 510692
FUSION,20231009, 586.00, 599.00, 576.20, 595.75, 147042, 69714
GABRIEL,20231009, 340.45, 341.00, 325.55, 327.80, 759515, 324582
GAEL,20231009, 339.50, 347.70, 325.95, 345.40, 430978, 256916
GAIL,20231009, 122.40, 122.90, 120.90, 121.80, 11378558, 6842040
GALAXYSURF,20231009, 2656.00, 2664.45, 2583.05, 2611.55, 16443, 7170
GALLANTT,20231009, 88.00, 88.60, 84.85, 86.10, 90029, 40584
GANDHITUBE,20231009, 693.00, 693.00, 675.45, 683.55, 4881, 2891
GANECOS,20231009, 961.00, 973.25, 947.55, 962.35, 49619, 23014
GANESHBE,20231009, 148.05, 150.35, 147.20, 147.70, 60019, 36997
GANESHHOUC,20231009, 425.90, 437.00, 423.20, 430.60, 31914, 19428
GANGAFORGE,20231009, 6.75, 6.90, 6.35, 6.75, 205228, -
GANGESSECU,20231009, 118.50, 124.85, 113.20, 114.50, 35578, 8478
GANGOTRI,20231009, 0.90, 0.90, 0.90, 0.90, 983, -
GARFIBRES,20231009, 3204.95, 3289.00, 3144.95, 3155.60, 16353, 6145
GATECH,20231009, 1.10, 1.15, 1.05, 1.15, 118335, -
GATECHDVR,20231009, 9.80, 10.00, 9.35, 9.75, 318998, -
GATEWAY,20231009, 91.90, 92.00, 88.55, 89.60, 758236, 377144
GATI,20231009, 149.30, 151.25, 145.10, 146.10, 466527, 173349
GAYAHWS,20231009, 0.85, 0.85, 0.80, 0.80, 47938, -
GAYAPROJ,20231009, 6.15, 6.45, 6.05, 6.05, 252696, -
GEECEE,20231009, 207.10, 207.10, 190.80, 194.25, 54937, 26934
GEEKAYWIRE,20231009, 323.00, 323.00, 309.70, 313.35, 21681, -
GENCON,20231009, 46.60, 48.85, 45.00, 45.95, 10936, -
GENESYS,20231009, 353.90, 355.85, 343.80, 350.65, 47910, 24972
GENSOL,20231009, 2010.00, 2187.00, 1990.00, 2117.20, 138884, 66688
GENUSPAPER,20231009, 20.10, 20.65, 19.40, 19.75, 1251768, 454663
GENUSPOWER,20231009, 259.40, 268.30, 251.10, 260.70, 718706, 335299
GEOJITFSL,20231009, 53.80, 53.80, 52.05, 52.40, 493930, 234899
GEPIL,20231009, 160.90, 161.50, 157.75, 159.45, 135889, 55277
GESHIP,20231009, 830.70, 856.25, 816.10, 847.85, 365528, 136557
GET&D,20231009, 400.00, 400.00, 385.55, 392.05, 21782, -
GFLLIMITED,20231009, 86.00, 87.50, 83.75, 85.55, 116210, 51848
GFSTEELS,20231009, 7.20, 7.20, 7.20, 7.20, 4460, -
GHCL,20231009, 619.45, 619.45, 603.50, 606.05, 210160, 114757
GHCLTEXTIL,20231009, 78.55, 79.40, 77.25, 78.05, 282396, 188615
GICHSGFIN,20231009, 211.05, 214.45, 205.10, 206.50, 641946, 240723
GICL,20231009, 58.20, 58.40, 58.20, 58.40, 30000, 30000
GICL-RE,20231009, 0.40, 0.55, 0.25, 0.25, 1101000, 1098000
GICRE,20231009, 220.65, 221.60, 216.00, 216.50, 351326, 135243
GILLANDERS,20231009, 102.20, 104.50, 101.50, 101.50, 20073, -
GILLETTE,20231009, 6200.00, 6230.95, 6092.20, 6192.90, 9884, 4482
GILT5YBEES,20231009, 52.85, 52.86, 52.77, 52.83, 266043, 230989
GINNIFILA,20231009, 26.50, 26.50, 26.50, 26.50, 7182, -
GIPCL,20231009, 151.85, 151.85, 145.10, 145.90, 1822308, 860699
GISOLUTION,20231009, 11.90, 11.95, 11.40, 11.50, 161550, -
GKWLIMITED,20231009, 1075.00, 1075.00, 1016.00, 1023.80, 226, 226
GLAND,20231009, 1650.00, 1656.15, 1604.05, 1614.95, 160537, 64048
GLAXO,20231009, 1548.00, 1570.00, 1530.00, 1539.95, 48806, 25771
GLENMARK,20231009, 790.00, 797.25, 781.45, 784.40, 749063, 306640
GLFL,20231009, 3.60, 3.65, 3.60, 3.65, 14745, 14745
GLOBAL,20231009, 190.05, 193.50, 186.40, 189.10, 50149, 33561
GLOBALPET,20231009, 76.00, 77.20, 74.10, 74.90, 42000, 21000
GLOBALVECT,20231009, 77.50, 78.90, 77.05, 78.05, 6765, -
GLOBE,20231009, 4.55, 4.55, 4.55, 4.55, 127883, -
GLOBUSSPR,20231009, 854.40, 855.60, 836.75, 848.65, 143220, 65969
GLS,20231009, 626.00, 634.00, 622.20, 623.60, 275252, 164289
GMBREW,20231009, 780.80, 805.50, 778.05, 792.85, 371239, 133264
GMDCLTD,20231009, 325.20, 325.80, 316.25, 319.55, 3684662, 946010
GMMPFAUDLR,20231009, 1786.00, 1815.45, 1761.00, 1804.05, 87311, 44613
GMRINFRA,20231009, 60.80, 60.80, 57.50, 57.75, 11462883, 3893742
GMRP&UI,20231009, 34.00, 34.00, 33.10, 33.10, 3829000, 2299922
GNA,20231009, 458.15, 459.80, 451.15, 453.30, 65342, 32190
GNFC,20231009, 611.45, 614.95, 601.00, 611.15, 720859, 309494
GOACARBON,20231009, 534.00, 543.95, 526.00, 536.60, 53194, 20881
GOCLCORP,20231009, 535.00, 537.00, 503.00, 508.35, 682858, 241262
GOCOLORS,20231009, 1272.00, 1314.45, 1240.00, 1285.10, 31784, 15207
GODFRYPHLP,20231009, 2080.15, 2154.65, 2080.15, 2110.60, 51626, 21627
GODHA,20231009, 0.90, 0.90, 0.85, 0.85, 4090997, -
GODREJAGRO,20231009, 499.75, 510.00, 479.00, 486.10, 650906, 293261
GODREJCP,20231009, 965.85, 974.10, 961.85, 966.45, 500836, 287286
GODREJIND,20231009, 720.00, 733.70, 662.05, 678.25, 6480796, 1444862
GODREJPROP,20231009, 1670.00, 1670.00, 1623.90, 1630.65, 614131, 154000
GOENKA,20231009, 0.85, 0.85, 0.85, 0.85, 38913, -
GOKEX,20231009, 809.95, 809.95, 763.00, 772.00, 337599, 115029
GOKUL,20231009, 39.60, 39.60, 37.05, 37.45, 361378, 178223
GOKULAGRO,20231009, 113.00, 113.35, 110.00, 110.75, 153733, 83124
GOLDBEES,20231009, 49.85, 49.94, 48.63, 48.88, 18450424, 16204315
GOLDENTOBC,20231009, 51.45, 53.00, 51.45, 52.90, 2544, -
GOLDETF,20231009, 58.40, 60.40, 57.20, 57.75, 106631, 96132
GOLDIAM,20231009, 127.50, 127.50, 124.50, 125.10, 231442, 165370
GOLDSHARE,20231009, 49.40, 49.65, 48.55, 48.95, 124349, 82462
GOLDSTAR,20231009, 16.70, 16.70, 15.95, 16.70, 2407500, 1530000
GOLDTECH,20231009, 100.10, 100.10, 96.20, 96.20, 37659, -
GOODLUCK,20231009, 733.50, 743.40, 710.05, 725.55, 436151, 142648
GOODYEAR,20231009, 1301.00, 1311.30, 1286.00, 1295.30, 9504, 5406
GOYALALUM,20231009, 10.50, 10.50, 10.50, 10.50, 68592, -
GPIL,20231009, 585.00, 595.00, 578.30, 581.00, 401456, 248363
GPPL,20231009, 126.50, 131.50, 125.05, 129.00, 4468631, 1631152
GPTINFRA,20231009, 102.85, 102.85, 100.00, 100.00, 124367, -
GRANULES,20231009, 353.00, 364.70, 353.00, 355.80, 1988089, 886089
GRAPHITE,20231009, 495.05, 497.05, 483.00, 486.35, 861233, 298758
GRASIM,20231009, 1890.05, 1896.90, 1875.10, 1889.00, 345924, 194514
GRAUWEIL,20231009, 126.80, 126.80, 120.55, 121.90, 192584, 91474
GRAVITA,20231009, 900.00, 900.00, 861.90, 881.55, 454150, 214829
GRCL,20231009, 119.10, 119.10, 119.10, 119.10, 4000, 4000
GREAVESCOT,20231009, 134.10, 134.90, 132.30, 133.55, 653558, 315821
GREENCHEF,20231009, 109.45, 109.50, 105.05, 106.00, 30400, 24000
GREENLAM,20231009, 400.00, 413.20, 400.00, 408.60, 21429, 11745
GREENPANEL,20231009, 366.00, 373.50, 362.70, 366.85, 170470, 83528
GREENPLY,20231009, 165.20, 166.25, 161.20, 162.00, 210021, 129744
GREENPOWER,20231009, 13.95, 13.95, 13.35, 13.35, 7184102, -
GRINDWELL,20231009, 2105.00, 2137.00, 2073.05, 2107.55, 39612, 17720
GRINFRA,20231009, 1208.95, 1208.95, 1190.00, 1192.45, 13977, 7739
GRMOVER,20231009, 194.70, 194.70, 185.85, 188.65, 110712, 48419
GROBTEA,20231009, 894.15, 894.15, 876.60, 879.85, 61, 52
GRPLTD,20231009, 3900.00, 3989.00, 3780.00, 3944.90, 236, -
GRSE,20231009, 806.90, 806.90, 781.20, 785.75, 646201, 217246
GRWRHITECH,20231009, 1500.00, 1634.00, 1494.00, 1505.95, 245945, 100232
GSEC10YEAR,20231009, 24.08, 25.40, 24.08, 24.72, 1616, 1008
GSFC,20231009, 170.00, 170.00, 166.20, 167.55, 967408, 478882
GSLSU,20231009, 203.00, 212.00, 197.00, 204.75, 1081601, 437824
GSPL,20231009, 290.00, 291.95, 285.65, 288.10, 389706, 175358
GSS,20231009, 206.50, 214.50, 206.00, 207.20, 88845, 69905
GSTL,20231009, 99.50, 99.50, 99.50, 99.50, 1000, 1000
GTECJAINX,20231009, 99.00, 99.00, 98.55, 98.55, 4543, -
GTL,20231009, 7.90, 8.10, 7.80, 7.80, 317201, -
GTLINFRA,20231009, 1.00, 1.05, 1.00, 1.00, 33162793, 29341315
GTPL,20231009, 179.80, 179.80, 172.70, 173.15, 104306, 55113
GUFICBIO,20231009, 293.00, 293.00, 279.75, 283.75, 100564, 50666
GUJALKALI,20231009, 716.00, 722.55, 702.30, 707.20, 70288, 31638
GUJAPOLLO,20231009, 214.95, 215.00, 206.00, 210.05, 6418, -
GUJGASLTD,20231009, 423.90, 425.15, 416.75, 422.85, 767140, 407599
GUJRAFFIA,20231009, 35.00, 35.00, 32.65, 34.05, 249, -
GULFOILLUB,20231009, 531.10, 541.40, 522.35, 525.55, 57773, 33719
GULFPETRO,20231009, 53.25, 53.45, 51.65, 52.50, 349408, 175924
GULPOLY,20231009, 221.00, 222.90, 214.55, 216.50, 83834, 48116
GVKPIL,20231009, 11.25, 11.25, 11.25, 11.25, 1373272, -
GVPTECH,20231009, 12.80, 13.30, 12.80, 13.30, 170010, -
HAL,20231009, 1936.00, 1947.00, 1915.65, 1920.85, 824232, 334990
HAPPSTMNDS,20231009, 845.00, 847.05, 835.05, 839.50, 331041, 175759
HARDWYN,20231009, 37.40, 37.40, 36.60, 36.85, 79111, 49211
HARIOMPIPE,20231009, 590.00, 625.00, 586.05, 598.30, 87604, 36726
HARRMALAYA,20231009, 155.50, 158.85, 150.60, 152.15, 40554, 20548
HARSHA,20231009, 413.95, 414.30, 404.20, 406.80, 77883, 47336
HATHWAY,20231009, 20.30, 20.30, 19.15, 19.30, 13949648, 5954785
HATSUN,20231009, 1151.75, 1151.75, 1126.25, 1137.10, 8196, 4887
HAVELLS,20231009, 1390.40, 1397.90, 1380.00, 1384.55, 370048, 132847
HAVISHA,20231009, 1.90, 1.90, 1.75, 1.80, 33861, -
HBLPOWER,20231009, 283.20, 285.00, 275.00, 278.20, 2176039, 849761
HBSL,20231009, 55.20, 55.20, 53.75, 53.80, 15604, 6956
HCC,20231009, 27.75, 28.20, 26.85, 27.10, 35169537, 13286805
HCG,20231009, 365.00, 367.10, 359.05, 362.40, 318138, 274160
HCL-INSYS,20231009, 16.50, 16.50, 15.40, 15.70, 245746, -
HCLTECH,20231009, 1236.00, 1266.65, 1231.15, 1249.60, 3430211, 1396410
HDFCAMC,20231009, 2714.90, 2720.80, 2673.40, 2689.80, 412278, 164307
HDFCBANK,20231009, 1528.00, 1530.00, 1512.00, 1516.25, 8227486, 5637607
HDFCBSE500,20231009, 27.73, 27.89, 27.03, 27.33, 9530, 6794
HDFCGOLD,20231009, 50.05, 50.88, 50.05, 50.29, 2093864, 1588931
HDFCGROWTH,20231009, 100.00, 100.80, 99.90, 99.91, 984, 661
HDFCLIFE,20231009, 625.00, 629.55, 613.35, 615.15, 3308557, 2316047
HDFCLIQUID,20231009, 999.99, 1000.01, 999.99, 1000.01, 1375, 1122
HDFCMID150,20231009, 148.86, 150.23, 148.76, 149.18, 7487, 6132
HDFCMOMENT,20231009, 237.80, 237.80, 226.00, 229.18, 1310, 1199
HDFCNEXT50,20231009, 448.46, 448.46, 444.65, 446.99, 939, 873
HDFCNIF100,20231009, 202.53, 202.53, 195.94, 196.90, 982, 854
HDFCNIFBAN,20231009, 445.23, 446.93, 443.22, 444.98, 5642, 4080
HDFCNIFIT,20231009, 325.01, 328.95, 318.00, 326.01, 1270, 907
HDFCNIFTY,20231009, 215.99, 215.99, 212.75, 213.39, 53526, 42392
HDFCPVTBAN,20231009, 227.59, 232.50, 227.59, 229.30, 928, 747
HDFCQUAL,20231009, 45.25, 45.25, 44.23, 44.54, 1138, 1078
HDFCSENSEX,20231009, 725.87, 725.87, 711.10, 722.10, 1729, 1225
HDFCSILVER,20231009, 70.95, 70.95, 68.81, 69.12, 234518, 180687
HDFCSML250,20231009, 123.55, 123.55, 120.99, 121.31, 168265, 96800
HDFCVALUE,20231009, 104.00, 106.61, 104.00, 105.49, 1341, 779
HDIL,20231009, 3.15, 3.15, 3.15, 3.15, 154668, -
HEADSUP,20231009, 11.50, 11.65, 11.30, 11.50, 9865, 5477
HEALTHY,20231009, 9.66, 9.70, 9.48, 9.64, 65367, 39039
HECPROJECT,20231009, 47.50, 48.90, 46.00, 46.20, 12183, 5035
HEG,20231009, 1748.20, 1777.70, 1730.40, 1766.80, 245248, 88634
HEIDELBERG,20231009, 190.20, 192.90, 187.30, 188.65, 333145, 153010
HEMIPROP,20231009, 113.50, 113.50, 109.60, 110.20, 647810, 369570
HERANBA,20231009, 342.35, 360.00, 342.35, 349.05, 38056, 19236
HERCULES,20231009, 316.00, 319.85, 309.20, 311.80, 44784, 29233
HERITGFOOD,20231009, 230.35, 234.55, 226.50, 228.55, 252447, 108166
HEROMOTOCO,20231009, 3021.10, 3049.95, 2923.95, 2955.10, 976306, 333390
HESTERBIO,20231009, 1712.55, 1712.55, 1661.00, 1668.70, 1703, 1075
HEUBACHIND,20231009, 444.75, 444.75, 433.00, 436.05, 41875, 21438
HEXATRADEX,20231009, 149.05, 150.40, 145.15, 145.70, 4105, 2676
HFCL,20231009, 73.45, 73.70, 71.75, 72.15, 6624292, 2819740
HGINFRA,20231009, 954.00, 961.25, 919.15, 927.70, 107484, 51715
HGS,20231009, 999.70, 999.70, 982.60, 985.50, 24590, 14283
HIGREEN,20231009, 108.20, 108.20, 97.90, 108.20, 620800, 528000
HIKAL,20231009, 284.30, 285.00, 278.75, 279.35, 192824, 108302
HIL,20231009, 2902.00, 2902.90, 2842.10, 2887.40, 6834, 3242
HILTON,20231009, 156.85, 160.00, 150.75, 157.20, 122938, 66660
HIMATSEIDE,20231009, 134.90, 137.50, 131.10, 132.90, 397069, 191152
HINDALCO,20231009, 472.45, 473.50, 464.60, 469.80, 2681298, 1004633
HINDCOMPOS,20231009, 414.00, 414.00, 402.55, 405.40, 6026, 3474
HINDCON,20231009, 130.20, 131.95, 126.20, 126.95, 8681, -
HINDCOPPER,20231009, 151.15, 152.70, 147.75, 148.85, 5632085, 1510020
HINDMOTORS,20231009, 17.65, 19.00, 17.00, 17.90, 6558162, 3289666
HINDNATGLS,20231009, 15.65, 15.65, 15.65, 15.65, 108275, -
HINDOILEXP,20231009, 163.95, 168.70, 162.20, 163.50, 2234123, 699965
HINDPETRO,20231009, 252.10, 253.00, 249.00, 251.70, 5323422, 2688085
HINDUNILVR,20231009, 2485.00, 2516.50, 2481.00, 2511.30, 1468771, 1045441
HINDWAREAP,20231009, 535.00, 546.00, 516.10, 521.80, 135388, 96290
HINDZINC,20231009, 308.00, 314.50, 302.80, 311.80, 1103868, 467091
HIRECT,20231009, 352.60, 368.45, 342.00, 361.15, 6191, -
HISARMETAL,20231009, 172.55, 178.00, 171.70, 172.65, 6723, -
HITECH,20231009, 82.90, 90.15, 82.90, 84.80, 6116951, 1906358
HITECHCORP,20231009, 237.00, 240.00, 226.15, 228.95, 8931, 7468
HITECHGEAR,20231009, 364.35, 364.50, 354.50, 355.70, 7827, 5386
HLEGLAS,20231009, 538.00, 538.30, 527.00, 529.10, 50490, 25532
HLVLTD,20231009, 23.00, 23.45, 21.90, 22.10, 3173742, 1106910
HMAAGRO,20231009, 704.10, 725.95, 690.00, 711.35, 159459, 99472
HMT,20231009, 59.05, 59.05, 59.05, 59.05, 50675, -
HMVL,20231009, 73.30, 84.35, 71.30, 79.70, 493845, 242658
HNDFDS,20231009, 531.65, 540.45, 531.65, 536.15, 50257, 29581
HNGSNGBEES,20231009, 271.90, 271.90, 261.11, 264.27, 33237, 22727
HOLMARC,20231009, 85.00, 85.00, 80.75, 80.75, 114000, 108000
HOMEFIRST,20231009, 840.95, 849.50, 823.00, 843.15, 89080, 51958
HOMESFY,20231009, 401.00, 450.00, 401.00, 450.00, 900, 600
HONAUT,20231009, 38985.25, 39189.60, 38421.00, 38454.10, 2181, 1235
HONDAPOWER,20231009, 3055.00, 3055.00, 2941.30, 2954.50, 17990, 8761
HOVS,20231009, 58.95, 58.95, 52.55, 53.80, 77033, 40761
HPAL,20231009, 473.60, 482.70, 460.45, 472.50, 130373, 60238
HPIL,20231009, 120.15, 123.15, 118.20, 118.30, 1964, -
HPL,20231009, 216.00, 216.00, 207.85, 209.30, 382368, 173620
HSCL,20231009, 240.15, 241.35, 234.20, 235.95, 2307971, 1377533
HTMEDIA,20231009, 25.45, 27.95, 24.55, 25.90, 3873260, 1572294
HUBTOWN,20231009, 60.80, 60.80, 58.75, 59.55, 220768, 115660
HUDCO,20231009, 90.50, 90.80, 86.65, 87.35, 13163530, 4157254
HUHTAMAKI,20231009, 251.35, 258.45, 251.35, 254.45, 32856, 18958
HYBRIDFIN,20231009, 8.15, 8.15, 7.75, 7.75, 9305, -
IBREALEST,20231009, 80.00, 81.00, 77.50, 77.95, 10411046, 4039906
IBULHSGFIN,20231009, 982.80, 982.80, 982.80, 982.80, 1, 1
IBULHSGFIN,20231009, 900.30, 990.00, 900.30, 990.00, 20, 10
IBULHSGFIN,20231009, 940.00, 940.00, 940.00, 940.00, 50, 50
IBULHSGFIN,20231009, 968.24, 968.24, 968.24, 968.24, 34, 34
IBULHSGFIN,20231009, 1000.00, 1000.00, 1000.00, 1000.00, 10, 10
IBULHSGFIN,20231009, 172.15, 177.95, 168.40, 173.00, 18115227, 4451168
IBULHSGFIN,20231009, 1018.16, 1018.16, 1018.16, 1018.16, 13, 13
IBULHSGFIN,20231009, 999.90, 999.90, 999.90, 999.90, 10, 10
ICDSLTD,20231009, 26.80, 26.80, 26.35, 26.35, 101, -
ICEMAKE,20231009, 638.55, 654.80, 590.05, 607.75, 132337, 69605
ICICI10GS,20231009, 216.20, 217.00, 216.20, 216.20, 540, 219
ICICI5GSEC,20231009, 53.62, 53.62, 52.75, 53.05, 3527, 3430
ICICIBANK,20231009, 940.25, 942.05, 936.30, 938.60, 6725306, 4766205
ICICICOMMO,20231009, 63.93, 64.97, 63.00, 63.15, 42790, 39180
ICICIFIN,20231009, 20.86, 20.98, 20.50, 20.54, 43257, 27423
ICICIGI,20231009, 1314.95, 1320.65, 1295.05, 1298.55, 120033, 41049
ICICIGOLD,20231009, 49.72, 50.80, 49.72, 50.46, 1278924, 1142476
ICICIINFRA,20231009, 64.80, 64.80, 62.23, 62.86, 16876, 11722
ICICIMOM30,20231009, 23.49, 23.50, 23.01, 23.12, 59119, 44469
ICICIPRULI,20231009, 559.00, 560.70, 541.00, 543.80, 1180000, 605907
ICICIQTY30,20231009, 163.96, 164.00, 163.11, 163.81, 3321, 3279
ICIL,20231009, 226.90, 226.90, 221.00, 223.85, 160173, 74278
ICRA,20231009, 5463.10, 5480.00, 5360.00, 5452.30, 2717, 1284
IDBI,20231009, 68.00, 68.60, 65.90, 66.75, 15282624, 4613457
IDEA,20231009, 10.70, 11.40, 10.55, 10.90, 388193444, 74040765
IDEAFORGE,20231009, 828.00, 828.95, 780.05, 785.45, 526548, 341064
IDFC,20231009, 123.00, 123.45, 121.10, 122.75, 10276242, 5809971
IDFCFIRSTB,20231009, 90.05, 90.40, 88.90, 90.05, 23075073, 9354378
IEL,20231009, 10.50, 10.50, 9.50, 10.45, 162803, -
IEX,20231009, 132.00, 132.90, 129.55, 131.50, 6882229, 3089155
IFBAGRO,20231009, 522.35, 525.95, 516.20, 518.95, 1555, 1112
IFBIND,20231009, 899.00, 901.55, 882.25, 890.20, 9885, 3846
IFCI,20231009, 24.20, 24.20, 22.50, 22.65, 38861343, 12678694
IFGLEXPOR,20231009, 475.05, 479.90, 462.50, 465.45, 35420, 16704
IGARASHI,20231009, 617.65, 629.05, 594.05, 615.50, 50453, 20696
IGL,20231009, 455.20, 462.00, 448.60, 460.45, 1310570, 769653
IGPL,20231009, 511.00, 516.90, 503.95, 505.70, 24165, 13443
IIFL,20231009, 639.00, 639.00, 620.05, 627.40, 272919, 148447
IIFL,20231009, 920.00, 922.00, 920.00, 921.00, 75, 75
IIFLSEC,20231009, 88.45, 90.20, 87.00, 88.15, 1196540, 579376
IITL,20231009, 106.70, 106.70, 104.50, 105.95, 1184, -
IKIO,20231009, 353.00, 353.25, 341.00, 345.45, 233748, 115760
IL&FSENGG,20231009, 20.55, 20.55, 20.55, 20.55, 20790, -
IL&FSTRANS,20231009, 4.70, 4.70, 4.70, 4.70, 15366, -
IMAGICAA,20231009, 50.80, 52.40, 49.55, 49.95, 1314882, 619081
IMFA,20231009, 423.00, 428.20, 406.85, 408.75, 91351, 40974
IMPAL,20231009, 781.25, 787.00, 767.80, 778.00, 2510, 1717
IMPEXFERRO,20231009, 3.15, 3.15, 3.15, 3.15, 2759, -
INCREDIBLE,20231009, 31.15, 32.00, 29.30, 30.30, 121441, 46675
INDBANK,20231009, 34.25, 35.30, 34.25, 34.25, 47408, -
INDHOTEL,20231009, 420.00, 420.70, 413.30, 415.50, 2768044, 1110553
INDIACEM,20231009, 229.50, 229.55, 223.65, 225.00, 2461506, 643519
INDIAGLYCO,20231009, 712.70, 712.70, 692.25, 695.00, 95409, 48747
INDIAMART,20231009, 2867.90, 2867.90, 2790.00, 2804.60, 132425, 47592
INDIANB,20231009, 420.00, 424.00, 402.00, 403.25, 1817791, 841171
INDIANCARD,20231009, 251.00, 251.00, 242.05, 243.70, 3731, 2434
INDIANHUME,20231009, 246.40, 249.95, 236.30, 241.65, 63136, 31848
INDIGO,20231009, 2498.05, 2500.00, 2440.30, 2473.50, 782723, 293687
INDIGOPNTS,20231009, 1476.00, 1488.40, 1451.30, 1467.50, 92757, 47826
INDLMETER,20231009, 4.95, 4.95, 4.60, 4.65, 7146, -
INDNIPPON,20231009, 493.55, 509.30, 485.65, 488.75, 15055, 6990
INDOAMIN,20231009, 117.35, 117.35, 112.70, 113.75, 104618, 52282
INDOBORAX,20231009, 158.50, 161.90, 156.55, 158.45, 24364, -
INDOCO,20231009, 332.00, 338.40, 325.30, 335.70, 189674, 109987
INDORAMA,20231009, 50.40, 50.85, 48.50, 49.15, 422655, 110797
INDOSTAR,20231009, 172.65, 174.70, 169.10, 170.60, 33138, -
INDOTECH,20231009, 459.00, 460.95, 442.00, 460.95, 32001, -
INDOTHAI,20231009, 226.25, 226.25, 217.05, 220.75, 2366, 1779
INDOWIND,20231009, 13.50, 13.60, 12.90, 13.45, 176973, -
INDRAMEDCO,20231009, 176.05, 180.00, 170.20, 175.05, 110072, -
INDSWFTLAB,20231009, 92.10, 92.85, 89.80, 90.15, 146042, 74623
INDSWFTLTD,20231009, 15.20, 15.20, 15.20, 15.20, 3516, -
INDTERRAIN,20231009, 63.95, 63.95, 61.30, 62.05, 198962, 96703
INDUSINDBK,20231009, 1420.10, 1445.00, 1410.00, 1428.55, 1613546, 612564
INDUSTOWER,20231009, 180.10, 182.80, 177.00, 179.25, 6436174, 2343065
INFIBEAM,20231009, 19.95, 21.40, 19.25, 20.40, 173092443, 30483525
INFINIUM,20231009, 247.95, 247.95, 247.95, 247.95, 12000, 12000
INFOBEAN,20231009, 452.35, 460.00, 452.35, 455.15, 13688, 8274
INFOLLION,20231009, 188.50, 188.50, 183.00, 184.00, 8000, 8000
INFOMEDIA,20231009, 6.40, 6.40, 5.85, 6.05, 5567, -
INFRABEES,20231009, 654.79, 654.79, 638.28, 641.12, 4256, 3402
INFY,20231009, 1464.90, 1491.00, 1462.20, 1475.45, 3567552, 1845921
INGERRAND,20231009, 2901.00, 2998.40, 2875.20, 2886.95, 27087, 10626
INNOVANA,20231009, 558.00, 558.00, 555.00, 556.00, 4000, 4000
INNOVATIVE,20231009, 6.15, 6.40, 6.15, 6.40, 69000, 48000
INOXGREEN,20231009, 65.55, 66.55, 63.80, 64.65, 1580110, 609023
INOXWIND,20231009, 207.50, 215.80, 206.20, 208.30, 1439590, 727590
INSECTICID,20231009, 511.90, 512.00, 502.25, 509.45, 66948, 45253
INSPIRE,20231009, 71.20, 72.00, 68.30, 70.65, 394000, 380000
INSPIRISYS,20231009, 64.70, 64.70, 61.25, 62.55, 6037, 4132
INTELLECT,20231009, 695.05, 708.95, 676.10, 687.90, 254974, 90900
INTENTECH,20231009, 82.00, 82.00, 78.00, 78.75, 93019, 54654
INTLCONV,20231009, 81.00, 81.00, 78.60, 79.65, 145098, 69843
INVENTURE,20231009, 2.30, 2.30, 2.20, 2.25, 2495733, 1447604
IOB,20231009, 45.00, 45.25, 42.90, 43.30, 66403485, 9938380
IOC,20231009, 88.45, 88.60, 87.00, 87.45, 10345543, 5620838
IOLCP,20231009, 465.00, 467.35, 453.00, 455.15, 245385, 107681
IONEXCHANG,20231009, 502.15, 519.45, 500.00, 513.45, 99779, 49779
IPCALAB,20231009, 930.95, 956.35, 925.25, 936.10, 659239, 194957
IPL,20231009, 297.00, 299.70, 283.30, 285.45, 1547088, 525994
IRB,20231009, 32.00, 32.65, 31.00, 31.20, 29925369, 12668650
IRCON,20231009, 137.95, 137.95, 131.60, 132.90, 9431758, 3098697
IRCTC,20231009, 709.00, 710.00, 698.25, 702.85, 1760290, 798389
IRFC,20231009, 72.65, 72.95, 70.35, 71.15, 49805228, 18939456
IRIS,20231009, 103.90, 104.45, 100.05, 103.45, 28485, -
IRISDOREME,20231009, 86.95, 87.00, 81.50, 82.80, 111769, 61466
ISEC,20231009, 617.00, 624.45, 617.00, 619.05, 112777, 68182
ISFT,20231009, 132.05, 134.50, 129.00, 130.80, 45133, 30369
ISGEC,20231009, 700.00, 721.10, 694.10, 715.25, 81000, 40904
ISHAN,20231009, 32.00, 33.00, 32.00, 33.00, 3200, 3200
ISMTLTD,20231009, 76.40, 76.40, 73.00, 73.35, 248242, 126159
ITBEES,20231009, 34.02, 34.25, 33.75, 33.88, 4402773, 2680983
ITC,20231009, 440.95, 443.20, 437.25, 440.45, 5611154, 3137698
ITDC,20231009, 390.00, 400.00, 380.55, 383.70, 71218, 25765
ITDCEM,20231009, 218.10, 218.70, 212.65, 214.00, 533997, 250061
ITI,20231009, 190.20, 225.90, 184.20, 215.00, 44089403, 3291817
IVC,20231009, 8.00, 8.00, 7.70, 7.85, 115760, -
IVP,20231009, 165.75, 176.95, 159.50, 160.80, 148711, 46616
IWEL,20231009, 2555.05, 2648.95, 2498.55, 2564.55, 6218, 3452
IZMO,20231009, 186.80, 187.25, 186.80, 187.10, 11117, -
J&KBANK,20231009, 111.50, 113.10, 108.30, 110.00, 9035438, 3005620
JAGRAN,20231009, 100.10, 102.40, 98.35, 99.15, 167715, 95597
JAGSNPHARM,20231009, 421.40, 423.40, 412.20, 419.50, 10344, 5554
JAIBALAJI,20231009, 504.50, 515.00, 483.00, 500.90, 365428, -
JAICORPLTD,20231009, 234.00, 234.00, 222.10, 223.65, 1734766, 647066
JAINAM,20231009, 131.00, 131.00, 130.05, 130.05, 2000, 2000
JAIPURKURT,20231009, 85.70, 85.70, 81.00, 85.05, 35285, 26064
JALAN,20231009, 4.55, 4.60, 4.55, 4.55, 21000, 21000
JAMNAAUTO,20231009, 118.50, 118.50, 113.80, 114.45, 965716, 559739
JASH,20231009, 1480.00, 1499.90, 1412.00, 1439.30, 9212, 4826
JAYAGROGN,20231009, 203.60, 203.60, 198.00, 199.00, 14461, 9262
JAYBARMARU,20231009, 273.00, 273.00, 263.00, 264.40, 24656, 15354
JAYNECOIND,20231009, 39.00, 40.95, 37.85, 39.30, 784913, 412381
JAYSREETEA,20231009, 108.00, 108.65, 101.10, 102.40, 172736, 83700
JBCHEPHARM,20231009, 1479.05, 1518.70, 1455.90, 1474.45, 158423, 74035
JBMA,20231009, 1264.05, 1280.00, 1255.00, 1260.40, 46326, -
JCHAC,20231009, 1218.00, 1218.00, 1169.10, 1175.75, 16862, 8712
JETAIRWAYS,20231009, 67.00, 67.70, 67.00, 67.50, 169670, -
JETFREIGHT,20231009, 10.10, 10.20, 9.60, 9.60, 60788, -
JFLLIFE,20231009, 46.50, 46.50, 46.25, 46.30, 30000, 30000
JHS,20231009, 21.55, 22.70, 21.15, 21.85, 35892, -
JINDALPHOT,20231009, 515.00, 515.00, 492.00, 495.05, 27755, 14174
JINDALPOLY,20231009, 674.00, 693.35, 667.05, 676.60, 40781, 19910
JINDALSAW,20231009, 343.25, 344.80, 328.55, 334.25, 458340, 227356
JINDALSTEL,20231009, 677.95, 680.00, 663.55, 676.55, 1118794, 313095
JINDRILL,20231009, 684.00, 685.00, 640.50, 655.85, 213497, 84377
JINDWORLD,20231009, 366.00, 372.60, 358.20, 365.90, 39084, 16574
JIOFIN,20231009, 223.00, 223.00, 218.85, 219.65, 9696908, 6219911
JISLDVREQS,20231009, 33.50, 33.50, 32.10, 32.95, 49494, -
JISLJALEQS,20231009, 62.70, 63.75, 61.10, 61.55, 7122413, 3119319
JITFINFRA,20231009, 499.90, 499.90, 486.30, 499.90, 124382, -
JIWANRAM,20231009, 20.00, 20.00, 19.35, 19.50, 156000, 150000
JKCEMENT,20231009, 3161.00, 3161.00, 3071.00, 3088.95, 41386, 9390
JKIL,20231009, 432.80, 435.65, 420.25, 423.70, 102613, 44937
JKLAKSHMI,20231009, 682.70, 684.45, 663.65, 668.85, 316978, 177876
JKPAPER,20231009, 380.35, 387.45, 376.40, 380.45, 459504, 215087
JKTYRE,20231009, 276.50, 279.85, 265.00, 267.15, 1141092, 481302
JLHL,20231009, 1140.00, 1140.00, 1062.10, 1082.10, 198187, 68824
JMA,20231009, 74.30, 77.35, 74.25, 75.60, 26141, 11442
JMFINANCIL,20231009, 88.30, 88.30, 85.30, 85.75, 2637958, 1025526
JOCIL,20231009, 192.25, 192.65, 187.85, 190.45, 13163, 8660
JPASSOCIAT,20231009, 10.90, 11.20, 10.55, 10.80, 21081360, 7341614
JPOLYINVST,20231009, 528.30, 528.30, 489.70, 493.55, 20182, 10311
JPPOWER,20231009, 9.45, 9.50, 8.95, 9.05, 130737464, 43165268
JSL,20231009, 458.00, 467.90, 457.00, 460.20, 721656, 403814
JSLL,20231009, 1070.05, 1150.00, 1070.05, 1132.95, 22500, 15000
JSWENERGY,20231009, 410.00, 417.25, 400.65, 412.40, 4774705, 2272519
JSWHL,20231009, 4919.05, 4941.80, 4783.20, 4834.80, 53981, 51659
JSWINFRA,20231009, 168.00, 169.05, 161.20, 162.85, 8685101, 4807157
JSWSTEEL,20231009, 756.50, 761.40, 749.15, 757.55, 725323, 286798
JTEKTINDIA,20231009, 139.35, 141.00, 136.00, 137.20, 144304, 73925
JTLIND,20231009, 234.45, 234.85, 228.00, 229.25, 878137, 472693
JUBLFOOD,20231009, 530.10, 539.95, 525.65, 536.90, 2831589, 1348249
JUBLINDS,20231009, 654.05, 654.95, 591.00, 596.85, 116155, 55273
JUBLINGREA,20231009, 480.95, 483.60, 470.20, 473.95, 134401, 67172
JUBLPHARMA,20231009, 427.90, 435.60, 416.45, 427.00, 107823, 48818
JUNIORBEES,20231009, 490.15, 490.15, 461.60, 470.57, 135659, 69141
JUSTDIAL,20231009, 744.00, 745.00, 731.05, 736.20, 76641, 37428
JWL,20231009, 302.25, 306.90, 298.50, 298.50, 698161, 420864
JYOTHYLAB,20231009, 354.95, 361.95, 350.05, 359.95, 730990, 290992
JYOTISTRUC,20231009, 15.85, 16.10, 15.85, 16.10, 3952564, -
KABRAEXTRU,20231009, 447.95, 447.95, 436.05, 437.45, 45529, 26116
KAJARIACER,20231009, 1305.00, 1310.00, 1275.00, 1279.75, 95950, 55771
KAKATCEM,20231009, 224.10, 230.45, 215.10, 221.20, 12922, 6636
KALAMANDIR,20231009, 239.05, 243.00, 233.00, 234.95, 914208, 493977
KALYANIFRG,20231009, 460.00, 460.00, 459.20, 459.20, 350, -
KALYANKJIL,20231009, 257.25, 260.70, 241.50, 251.25, 6668843, 2015255
KAMATHOTEL,20231009, 197.00, 201.50, 193.35, 195.35, 29935, 20006
KAMDHENU,20231009, 305.80, 312.70, 302.60, 304.30, 58400, 31232
KAMOPAINTS,20231009, 149.35, 154.00, 147.30, 153.10, 523407, -
KANANIIND,20231009, 9.95, 9.95, 9.90, 9.95, 390363, 234692
KANDARP,20231009, 21.90, 21.90, 20.00, 20.00, 20000, 20000
KANORICHEM,20231009, 134.25, 135.45, 129.50, 130.30, 61572, 35126
KANPRPLA,20231009, 117.50, 122.45, 117.50, 119.85, 17221, 9696
KANSAINER,20231009, 306.50, 319.95, 306.50, 316.15, 273373, 169147
KAPSTON,20231009, 179.05, 182.35, 171.00, 175.65, 11918, 8877
KARMAENG,20231009, 52.40, 52.40, 47.60, 51.95, 17063, -
KARURVYSYA,20231009, 130.00, 133.80, 128.00, 129.50, 1179276, 751316
KAUSHALYA,20231009, 8.65, 8.65, 8.30, 8.30, 174050, -
KAVVERITEL,20231009, 7.95, 7.95, 7.85, 7.85, 1595, -
KAYA,20231009, 351.90, 351.90, 332.00, 333.35, 9335, 7367
KAYNES,20231009, 2555.95, 2965.60, 2555.95, 2631.15, 576967, 141849
KBCGLOBAL,20231009, 2.60, 2.60, 2.55, 2.60, 1349028, -
KCK,20231009, 25.00, 25.00, 25.00, 25.00, 16000, 16000
KCP,20231009, 133.90, 136.75, 127.65, 133.60, 1773950, 709587
KCPSUGIND,20231009, 35.20, 38.00, 35.05, 36.65, 2068915, 797588
KDDL,20231009, 2049.10, 2079.00, 1963.00, 2037.90, 16579, 8089
KDL,20231009, 300.00, 306.50, 300.00, 304.75, 7200, 6400
KEC,20231009, 675.00, 678.95, 661.00, 664.35, 131132, 49946
KECL,20231009, 126.50, 136.65, 121.25, 127.25, 3968426, 1359419
KEEPLEARN,20231009, 3.00, 3.05, 3.00, 3.05, 5943, -
KEI,20231009, 2657.95, 2709.80, 2644.95, 2672.70, 173841, 80273
KEL,20231009, 72.95, 75.90, 71.00, 74.55, 70800, 68400
KELLTONTEC,20231009, 85.20, 85.25, 82.05, 82.70, 747825, 371778
KENNAMET,20231009, 2664.95, 2689.00, 2599.85, 2646.65, 6805, 3343
KERNEX,20231009, 480.00, 503.00, 470.25, 484.95, 86433, -
KESORAMIND,20231009, 87.50, 90.05, 84.90, 88.45, 454842, -
KEYFINSERV,20231009, 110.05, 110.05, 108.15, 109.70, 1362, 901
KFINTECH,20231009, 455.00, 463.00, 449.00, 456.45, 112122, 53315
KHADIM,20231009, 315.55, 323.60, 314.85, 318.35, 104400, 57643
KHAICHEM,20231009, 64.25, 65.00, 62.15, 63.55, 186453, 71957
KHAITANLTD,20231009, 56.00, 56.00, 56.00, 56.00, 114, -
KHANDSE,20231009, 23.65, 26.05, 23.65, 26.00, 36488, 24001
KICL,20231009, 2950.00, 2950.00, 2840.00, 2867.30, 3953, 1780
KILITCH,20231009, 261.95, 263.00, 261.95, 263.00, 15199, -
KIMS,20231009, 1901.00, 1950.90, 1890.50, 1910.95, 47391, 24470
KINGFA,20231009, 2291.00, 2340.00, 2220.00, 2243.00, 9854, 5120
KIOCL,20231009, 321.70, 321.70, 301.20, 303.50, 426143, 138250
KIRIINDUS,20231009, 266.50, 267.70, 262.00, 262.95, 89825, 43731
KIRLFER,20231009, 465.50, 471.90, 455.50, 467.30, 87953, 41159
KIRLOSBROS,20231009, 886.75, 894.20, 864.35, 878.00, 45447, 23805
KIRLOSENG,20231009, 524.50, 527.70, 507.45, 520.10, 422530, 223255
KIRLOSIND,20231009, 3050.00, 3085.00, 3010.00, 3022.45, 2761, 1814
KIRLPNU,20231009, 671.70, 678.00, 661.20, 668.20, 19879, 8491
KITEX,20231009, 202.80, 204.50, 196.20, 197.60, 306268, 148178
KKCL,20231009, 748.00, 754.75, 730.05, 742.15, 147962, 94397
KMSUGAR,20231009, 34.90, 35.35, 34.10, 34.45, 677338, 239600
KNAGRI,20231009, 131.45, 131.45, 130.00, 130.00, 4800, 4800
KNRCON,20231009, 281.80, 285.65, 277.00, 279.05, 734162, 439349
KODYTECH,20231009, 220.00, 220.00, 216.45, 216.60, 44800, 42400
KOHINOOR,20231009, 34.50, 34.65, 33.55, 33.85, 68807, 42417
KOKUYOCMLN,20231009, 135.20, 135.20, 131.20, 132.45, 38769, -
KOLTEPATIL,20231009, 468.00, 472.95, 459.00, 464.00, 152478, 62472
KOPRAN,20231009, 218.50, 218.70, 213.00, 214.05, 242352, 111342
KORE,20231009, 289.05, 300.95, 289.05, 300.95, 8000, 5000
KOTAKALPHA,20231009, 34.81, 35.24, 34.20, 34.24, 263596, 191798
KOTAKBANK,20231009, 1730.00, 1733.80, 1717.05, 1719.30, 1839513, 1131436
KOTAKCONS,20231009, 84.75, 84.75, 84.75, 84.75, 124, 89
KOTAKIT,20231009, 33.98, 34.00, 33.20, 33.60, 51815, 31385
KOTAKLIQ,20231009, 999.99, 999.99, 999.99, 999.99, 19, 19
KOTAKLOVOL,20231009, 15.33, 15.49, 14.86, 15.24, 179985, 173612
KOTAKMNC,20231009, 22.39, 22.39, 21.53, 21.62, 19381, 9844
KOTAKSILVE,20231009, 72.48, 72.48, 68.73, 69.05, 914731, 911881
KOTARISUG,20231009, 55.00, 55.00, 52.00, 52.25, 138593, -
KOTHARIPET,20231009, 113.00, 123.50, 113.00, 114.65, 260799, 120787
KOTHARIPRO,20231009, 130.20, 130.20, 122.00, 123.30, 26930, 17896
KOTYARK,20231009, 790.00, 825.00, 770.00, 797.90, 57200, 41800
KOVAI,20231009, 2550.00, 2607.45, 2550.00, 2558.65, 3469, 2623
KPIGREEN,20231009, 910.00, 929.00, 889.95, 905.40, 379380, 167577
KPIL,20231009, 636.30, 667.45, 626.00, 636.40, 607478, 101304
KPITTECH,20231009, 1135.00, 1147.00, 1110.00, 1133.20, 538664, 263182
KPRMILL,20231009, 730.00, 737.90, 718.00, 722.70, 101811, 44757
KRBL,20231009, 395.80, 395.80, 383.10, 385.15, 291727, 133078
KREBSBIO,20231009, 69.00, 69.00, 65.85, 67.85, 1990, -
KRIDHANINF,20231009, 2.75, 2.75, 2.75, 2.75, 1442, -
KRISHANA,20231009, 501.05, 504.00, 496.50, 497.25, 32283, 23120
KRISHCA,20231009, 222.00, 222.00, 213.00, 213.00, 4000, 2000
KRISHNADEF,20231009, 295.80, 299.95, 284.10, 286.10, 26000, 19000
KRITI,20231009, 102.10, 103.35, 99.00, 99.75, 26808, 14622
KRITIKA,20231009, 21.65, 21.65, 21.65, 21.65, 31302, -
KRITINUT,20231009, 70.55, 73.00, 70.55, 71.55, 23463, -
KRSNAA,20231009, 661.00, 681.40, 661.00, 670.90, 55849, 30278
KSB,20231009, 3000.00, 3027.25, 2921.00, 2945.75, 23015, 9039
KSCL,20231009, 600.00, 600.05, 578.00, 584.55, 94523, 45826
KSHITIJPOL,20231009, 5.50, 5.50, 5.50, 5.50, 51458, -
KSL,20231009, 481.00, 497.80, 481.00, 483.70, 73335, 34542
KSOLVES,20231009, 1020.00, 1052.00, 1020.00, 1036.50, 12433, -
KTKBANK,20231009, 243.00, 245.00, 237.00, 238.55, 1720593, 686844
KUANTUM,20231009, 177.45, 184.45, 176.60, 178.65, 213457, 96201
L&TFH,20231009, 135.50, 135.90, 130.25, 131.00, 11815350, 4028328
L&TFINANCE,20231009, 1079.99, 1090.00, 1079.00, 1090.00, 1171, 1150
LAGNAM,20231009, 66.75, 66.75, 63.10, 63.60, 4275, -
LAL,20231009, 227.00, 235.00, 221.15, 230.00, 188535, -
LALPATHLAB,20231009, 2445.50, 2519.00, 2441.90, 2479.15, 219804, 77603
LAMBODHARA,20231009, 180.80, 180.80, 168.00, 169.95, 59361, 33027
LANDMARK,20231009, 790.10, 798.00, 770.30, 777.95, 69155, 29885
LAOPALA,20231009, 431.05, 438.90, 420.00, 433.65, 176765, 127394
LASA,20231009, 25.80, 26.75, 25.65, 25.90, 25852, -
LATENTVIEW,20231009, 404.50, 404.50, 395.00, 396.45, 302996, 148584
LATTEYS,20231009, 39.00, 42.30, 38.60, 40.60, 657941, -
LAURUSLABS,20231009, 394.30, 402.00, 393.00, 399.15, 1156839, 480716
LAXMICOT,20231009, 22.00, 22.70, 21.50, 21.80, 77902, 63380
LAXMIMACH,20231009, 14296.00, 14363.65, 14041.50, 14104.80, 2571, 1360
LCCINFOTEC,20231009, 1.70, 1.70, 1.65, 1.65, 1206, -
LEMERITE,20231009, 45.15, 46.45, 45.10, 46.45, 11200, 4800
LEMONTREE,20231009, 118.00, 118.00, 115.00, 116.10, 5798437, 2055006
LEXUS,20231009, 36.00, 36.90, 35.05, 35.20, 7155, -
LFIC,20231009, 122.90, 143.90, 122.90, 140.80, 13079, 6521
LGBBROSLTD,20231009, 1028.00, 1039.35, 1008.75, 1034.10, 35507, 16534
LGBFORGE,20231009, 9.50, 9.50, 9.10, 9.35, 209246, 119715
LIBAS,20231009, 13.25, 13.60, 12.95, 13.00, 72570, 49910
LIBERTSHOE,20231009, 283.00, 283.00, 271.60, 273.50, 243973, 86616
LICHSGFIN,20231009, 465.95, 468.30, 457.20, 466.10, 1648827, 657351
LICI,20231009, 639.20, 639.25, 630.10, 635.30, 718556, 354123
LICMFGOLD,20231009, 5319.85, 5319.85, 5216.35, 5286.80, 254, 145
LIKHITHA,20231009, 324.85, 325.00, 312.20, 317.75, 163830, 78976
LINC,20231009, 772.05, 798.75, 770.20, 785.55, 17122, 7148
LINCOLN,20231009, 519.15, 519.15, 500.05, 506.20, 64940, 31878
LINDEINDIA,20231009, 5943.90, 5989.90, 5911.05, 5951.95, 19204, 9075
LIQUID,20231009, 999.00, 1000.00, 999.00, 999.99, 289427, 278535
LIQUIDBEES,20231009, 999.99, 1000.00, 999.99, 999.99, 7877594, 7731056
LLOYDSME,20231009, 555.00, 563.70, 547.30, 550.40, 187916, 131798
LODHA,20231009, 769.10, 808.45, 754.25, 777.20, 931789, 315177
LOKESHMACH,20231009, 225.00, 230.20, 221.90, 225.05, 202479, 104259
LORDSCHLO,20231009, 160.50, 168.00, 155.55, 157.00, 24451, 16621
LOTUSEYE,20231009, 84.30, 84.30, 80.30, 83.00, 4150, -
LOVABLE,20231009, 133.70, 133.70, 128.90, 129.75, 22614, 14695
LOWVOL,20231009, 149.99, 149.99, 149.26, 149.83, 6, 5
LOYALTEX,20231009, 643.50, 643.50, 616.70, 620.70, 324, 274
LPDC,20231009, 7.00, 7.00, 6.60, 6.80, 128266, 82730
LSIL,20231009, 43.80, 45.95, 42.20, 44.65, 3555584, -
LT,20231009, 3075.00, 3085.00, 3055.55, 3074.70, 1181760, 679550
LTGILTBEES,20231009, 24.20, 24.20, 24.15, 24.16, 553366, 494623
LTIM,20231009, 5215.95, 5234.00, 5173.50, 5206.45, 353035, 110990
LTTS,20231009, 4601.25, 4764.00, 4601.20, 4746.95, 365469, 136911
LUMAXIND,20231009, 2349.95, 2349.95, 2291.65, 2306.95, 3154, 1710
LUMAXTECH,20231009, 370.05, 373.50, 365.10, 366.45, 57362, 27235
LUPIN,20231009, 1138.60, 1160.00, 1138.05, 1149.45, 281609, 90468
LUXIND,20231009, 1418.00, 1420.00, 1393.30, 1399.80, 45265, 23932
LXCHEM,20231009, 277.00, 278.00, 270.00, 270.40, 386945, 205360
LYKALABS,20231009, 119.00, 120.65, 116.15, 118.40, 94931, 47277
LYPSAGEMS,20231009, 5.30, 5.55, 5.30, 5.35, 16759, -
M&M,20231009, 1540.00, 1541.25, 1514.00, 1515.20, 2123175, 1590119
M&MFIN,20231009, 286.00, 289.35, 282.55, 285.65, 2928535, 1376849
MAANALU,20231009, 88.80, 88.80, 87.05, 87.05, 61379, -
MACPOWER,20231009, 300.00, 303.95, 295.10, 299.05, 32035, 14949
MADHAV,20231009, 50.15, 52.45, 48.90, 49.35, 56969, 23779
MADHUCON,20231009, 5.25, 5.40, 5.00, 5.05, 50736, -
MADHUSUDAN,20231009, 106.55, 109.60, 106.00, 106.10, 66000, 62000
MADRASFERT,20231009, 74.90, 76.30, 72.70, 73.45, 618774, 90868
MAFANG,20231009, 62.63, 62.69, 62.10, 62.32, 656708, 466733
MAGADSUGAR,20231009, 685.00, 698.95, 654.30, 663.30, 21787, 9426
MAGNUM,20231009, 39.00, 39.00, 38.05, 38.50, 13493, -
MAGSON,20231009, 83.50, 85.00, 82.35, 82.35, 30000, 28000
MAHABANK,20231009, 47.50, 47.50, 45.00, 45.30, 47950239, 18040436
MAHAPEXLTD,20231009, 138.10, 141.70, 132.70, 139.35, 10707, 8627
MAHASTEEL,20231009, 75.10, 82.30, 75.10, 77.85, 162045, 38400
MAHEPC,20231009, 118.50, 118.50, 115.60, 115.95, 24379, 14216
MAHESHWARI,20231009, 83.00, 84.10, 80.80, 82.50, 64304, 40078
MAHICKRA,20231009, 84.00, 84.00, 84.00, 84.00, 1500, 1500
MAHKTECH,20231009, 13.75, 13.84, 13.63, 13.78, 280196, 200643
MAHLIFE,20231009, 531.00, 533.20, 525.00, 525.65, 84674, 48090
MAHLOG,20231009, 370.00, 373.50, 358.70, 359.75, 272770, 189010
MAHSCOOTER,20231009, 7520.00, 7775.00, 7443.00, 7533.30, 11386, 4814
MAHSEAMLES,20231009, 582.20, 626.40, 578.05, 620.50, 553913, 283340
MAITHANALL,20231009, 1003.95, 1007.45, 982.80, 998.60, 27526, 11658
MAKEINDIA,20231009, 96.94, 97.60, 96.80, 97.08, 32077, 30880
MAKS,20231009, 98.00, 98.00, 92.95, 98.00, 42000, 36000
MAL,20231009, 65.20, 65.20, 65.20, 65.20, 19200, 19200
MALLCOM,20231009, 1103.50, 1106.45, 1080.00, 1083.90, 9260, 6059
MALUPAPER,20231009, 38.15, 38.15, 35.65, 35.90, 77985, 58337
MANAKALUCO,20231009, 27.00, 27.00, 25.55, 25.80, 95145, 60395
MANAKCOAT,20231009, 24.65, 25.30, 24.55, 24.85, 64226, -
MANAKSIA,20231009, 138.95, 138.95, 132.30, 132.90, 372859, 134493
MANAKSTEEL,20231009, 46.15, 46.50, 42.85, 44.05, 165633, 93624
MANALIPETC,20231009, 67.50, 67.60, 64.55, 64.75, 468281, 250090
MANAPPURAM,20231009, 141.20, 141.60, 138.40, 139.95, 4967572, 2081804
MANGALAM,20231009, 101.00, 101.15, 97.70, 99.40, 33015, 13226
MANGCHEFER,20231009, 104.10, 104.95, 102.10, 104.00, 437992, 217975
MANGLMCEM,20231009, 362.00, 381.40, 362.00, 371.55, 109917, 53705
MANINDS,20231009, 192.90, 198.70, 187.55, 190.65, 735844, 276585
MANINFRA,20231009, 157.00, 158.40, 151.20, 151.95, 1944988, 882587
MANKIND,20231009, 1800.00, 1800.05, 1757.25, 1768.10, 52615, 27741
MANOMAY,20231009, 135.20, 137.90, 134.60, 135.85, 1687, 1390
MANORAMA,20231009, 2250.00, 2345.00, 2178.00, 2322.00, 19689, 12660
MANORG,20231009, 375.00, 380.70, 366.10, 367.75, 5593, 3650
MANUGRAPH,20231009, 24.65, 24.65, 24.55, 24.65, 70077, -
MANYAVAR,20231009, 1284.90, 1311.40, 1276.05, 1289.15, 71792, 46311
MAPMYINDIA,20231009, 2205.00, 2274.95, 2161.05, 2172.90, 361781, 78125
MARALOVER,20231009, 75.50, 76.30, 71.15, 72.00, 56880, 38470
MARATHON,20231009, 434.95, 439.70, 420.60, 422.90, 61201, 23232
MARCO,20231009, 44.00, 44.00, 42.00, 42.35, 207000, 189000
MARICO,20231009, 535.05, 540.55, 532.45, 538.05, 1105136, 623335
MARINE,20231009, 59.00, 59.00, 55.80, 56.35, 159077, -
MARKSANS,20231009, 105.50, 108.20, 104.95, 105.85, 1310743, 659336
MARSHALL,20231009, 55.00, 57.80, 54.55, 56.95, 100575, 74991
MARUTI,20231009, 10250.00, 10334.40, 10183.95, 10244.80, 230083, 118303
MASFIN,20231009, 895.00, 911.40, 877.65, 894.85, 49394, 29435
MASKINVEST,20231009, 65.00, 65.00, 65.00, 65.00, 56, -
MASTEK,20231009, 2367.55, 2405.90, 2350.00, 2393.30, 36416, 14621
MASTER,20231009, 140.15, 141.35, 140.15, 140.25, 18000, 18000
MATRIMONY,20231009, 601.15, 605.45, 591.60, 595.65, 5668, 2687
MAWANASUG,20231009, 108.00, 108.75, 104.50, 105.20, 238908, 77655
MAXHEALTH,20231009, 554.90, 575.10, 553.25, 568.60, 1046123, 610123
MAXIND,20231009, 140.40, 141.95, 137.00, 137.50, 57934, 37739
MAYURUNIQ,20231009, 567.35, 569.60, 552.50, 555.55, 86366, 43905
MAZDA,20231009, 1101.00, 1130.00, 1059.55, 1077.45, 8922, 4813
MAZDOCK,20231009, 2118.00, 2118.00, 2063.70, 2073.35, 749147, 208939
MBAPL,20231009, 606.25, 614.85, 602.45, 604.50, 8591, 4878
MBECL,20231009, 3.30, 3.30, 3.15, 3.30, 83600, -
MBLINFRA,20231009, 29.50, 29.50, 26.90, 26.95, 60477, -
MCDOWELL-N,20231009, 1030.70, 1031.40, 1005.95, 1014.50, 1215500, 683068
MCL,20231009, 31.70, 31.80, 30.35, 30.60, 33054, -
MCLEODRUSS,20231009, 20.50, 20.50, 19.70, 19.80, 722013, -
MCX,20231009, 2104.95, 2150.00, 2051.05, 2078.95, 6054481, 887459
MDL,20231009, 44.15, 44.95, 40.00, 41.75, 16000, 10000
MEDANTA,20231009, 730.65, 751.75, 728.85, 749.95, 366219, 187806
MEDICAMEQ,20231009, 640.30, 641.75, 624.85, 628.00, 10602, 6442
MEDICO,20231009, 71.90, 72.60, 70.35, 71.40, 247624, 92863
MEDPLUS,20231009, 760.50, 779.90, 747.70, 774.55, 103990, 47482
MEGASOFT,20231009, 45.70, 45.70, 45.70, 45.70, 38595, -
MEGASTAR,20231009, 300.20, 304.75, 288.75, 290.30, 10036, 4897
MELSTAR,20231009, 2.25, 2.25, 2.25, 2.25, 2622, -
MENONBE,20231009, 146.65, 147.60, 141.20, 142.70, 165194, 79818
MEP,20231009, 11.30, 12.20, 11.30, 12.10, 865692, 540482
METALFORGE,20231009, 4.05, 4.05, 4.05, 4.05, 2000, -
METROBRAND,20231009, 1138.90, 1198.55, 1117.50, 1176.20, 395809, 63802
METROPOLIS,20231009, 1471.00, 1519.95, 1457.70, 1501.10, 747603, 139181
MFSL,20231009, 909.30, 915.00, 892.55, 896.35, 400292, 152935
MGEL,20231009, 16.00, 16.40, 15.20, 15.20, 100370, -
MGL,20231009, 1101.55, 1118.00, 1095.30, 1111.90, 340775, 102114
MHHL,20231009, 64.50, 68.00, 64.50, 68.00, 18000, 12000
MHLXMIRU,20231009, 190.10, 204.55, 190.10, 196.85, 21416, 10551
MHRIL,20231009, 428.05, 440.00, 418.05, 438.70, 780746, 272773
MICEL,20231009, 32.35, 32.55, 30.40, 32.55, 947635, 560497
MID150BEES,20231009, 150.02, 155.95, 150.02, 151.75, 1225514, 1132591
MIDCAPETF,20231009, 15.05, 15.34, 14.70, 14.95, 542523, 428962
MIDHANI,20231009, 409.80, 409.80, 397.10, 400.00, 456224, 183876
MINDACORP,20231009, 334.00, 334.00, 324.75, 326.60, 330156, 143748
MINDSPACE,20231009, 312.80, 313.75, 308.00, 311.53, 302338, 267442
MINDTECK,20231009, 208.95, 208.95, 187.80, 191.05, 641795, 235015
MIRCELECTR,20231009, 17.55, 18.15, 17.25, 17.30, 369510, -
MIRZAINT,20231009, 49.00, 49.85, 46.10, 47.10, 2437112, 1083739
MITCON,20231009, 80.95, 80.95, 77.00, 77.75, 13401, 7544
MITTAL,20231009, 16.35, 17.00, 15.55, 16.95, 356278, 87003
MKPL,20231009, 874.95, 891.50, 844.15, 856.15, 64811, 17450
MMFL,20231009, 865.00, 878.00, 865.00, 876.45, 19483, 11233
MMP,20231009, 231.00, 231.00, 230.30, 230.30, 1440, -
MMTC,20231009, 54.00, 58.00, 54.00, 56.00, 5652566, 1333884
MODIRUBBER,20231009, 81.15, 84.30, 81.15, 83.90, 29548, -
MODISONLTD,20231009, 78.50, 79.45, 75.40, 77.40, 39130, -
MOGSEC,20231009, 52.90, 52.90, 52.51, 52.61, 35531, 34648
MOHEALTH,20231009, 29.07, 29.07, 27.50, 28.42, 7299, 5931
MOHITIND,20231009, 19.10, 19.80, 18.60, 19.00, 25070, -
MOIL,20231009, 213.90, 213.90, 207.05, 208.65, 321804, 139201
MOKSH,20231009, 16.20, 16.30, 15.50, 15.65, 167974, -
MOL,20231009, 79.50, 79.60, 77.35, 77.65, 900014, 626414
MOLDTECH,20231009, 350.00, 357.85, 330.00, 342.65, 92246, 42284
MOLDTKPAC,20231009, 885.00, 907.90, 875.05, 885.25, 55615, 29193
MOLOWVOL,20231009, 28.40, 28.95, 28.15, 28.35, 1731, 922
MOMENTUM,20231009, 23.67, 23.67, 22.56, 22.96, 5427, 2981
MOMOMENTUM,20231009, 46.48, 46.48, 45.62, 46.09, 19667, 14833
MONARCH,20231009, 386.00, 388.00, 374.05, 379.50, 302917, 76947
MONIFTY500,20231009, 19.74, 19.74, 17.24, 17.25, 38066, 27547
MONOPHARMA,20231009, 33.05, 39.70, 33.05, 37.40, 124000, 88000
MONTECARLO,20231009, 798.95, 798.95, 772.55, 778.35, 18705, 8943
MOQUALITY,20231009, 136.54, 136.54, 135.77, 136.05, 57, 47
MORARJEE,20231009, 23.90, 24.25, 22.05, 22.45, 166274, 91090
MOREPENLAB,20231009, 35.25, 35.80, 34.35, 34.50, 2604627, 1042294
MOS,20231009, 87.05, 88.50, 87.05, 87.50, 16000, 14400
MOTHERSON,20231009, 91.40, 91.65, 90.15, 90.45, 5216130, 2816587
MOTILALOFS,20231009, 919.05, 919.95, 890.00, 898.45, 142780, 65647
MOTOGENFIN,20231009, 31.00, 32.35, 30.25, 30.45, 15126, -
MOVALUE,20231009, 61.87, 66.30, 61.73, 62.14, 7030, 5067
MPHASIS,20231009, 2461.60, 2499.00, 2454.00, 2475.00, 365316, 139827
MPSLTD,20231009, 1688.05, 1723.90, 1654.90, 1693.85, 36361, 10622
MRF,20231009, 107350.00, 107684.55, 106405.00, 107266.95, 4229, 687
MRO-TEK,20231009, 60.90, 60.95, 59.40, 60.50, 10373, 4984
MRPL,20231009, 94.95, 95.25, 90.50, 92.50, 5100094, 1585334
MSPL,20231009, 18.45, 18.45, 18.45, 18.45, 337481, -
MSTCLTD,20231009, 420.65, 421.15, 410.50, 413.55, 154022, 71385
MSUMI,20231009, 61.10, 62.05, 59.75, 61.50, 4278772, 2656836
MTARTECH,20231009, 2554.00, 2580.00, 2513.15, 2525.65, 237417, 91803
MTEDUCARE,20231009, 4.25, 4.25, 4.25, 4.25, 95984, -
MTNL,20231009, 28.20, 28.75, 27.35, 27.65, 7441955, 2403412
MUKANDLTD,20231009, 170.45, 170.45, 160.45, 161.30, 242282, 139788
MUKTAARTS,20231009, 65.00, 66.50, 63.15, 64.35, 42785, 21074
MUNJALAU,20231009, 56.15, 56.40, 54.90, 55.10, 317803, 257174
MUNJALSHOW,20231009, 139.60, 141.95, 137.15, 138.25, 56618, 24921
MURUDCERA,20231009, 52.00, 54.15, 50.15, 50.85, 404662, 214798
MUTHOOTCAP,20231009, 425.00, 429.25, 413.80, 422.85, 51367, 22957
MUTHOOTFIN,20231009, 1199.95, 1201.40, 1182.35, 1190.10, 660947, 367105
MVGJL,20231009, 222.25, 244.35, 213.10, 237.65, 2173174, 839867
NACLIND,20231009, 78.15, 78.65, 76.80, 77.70, 73809, 35372
NAGAFERT,20231009, 8.65, 8.65, 8.30, 8.55, 1740623, 1084999
NAGREEKCAP,20231009, 15.25, 15.25, 15.00, 15.00, 187, -
NAGREEKEXP,20231009, 54.00, 55.30, 52.05, 52.85, 61834, 14793
NAHARCAP,20231009, 300.60, 305.95, 294.00, 296.05, 5877, 3543
NAHARINDUS,20231009, 145.95, 145.95, 133.35, 135.95, 173687, 96430
NAHARPOLY,20231009, 244.20, 244.20, 234.05, 235.85, 14459, 8068
NAHARSPING,20231009, 255.00, 258.00, 253.25, 256.05, 20456, 11725
NAM-INDIA,20231009, 333.00, 346.70, 328.30, 336.95, 1984541, 696489
NARMADA,20231009, 19.10, 19.45, 18.60, 19.05, 26220, 19845
NATCOPHARM,20231009, 855.00, 864.00, 847.00, 852.65, 170167, 91764
NATHBIOGEN,20231009, 200.20, 206.55, 197.65, 200.60, 51352, 25902
NATIONALUM,20231009, 94.35, 94.90, 92.50, 93.60, 5455408, 2274711
NAUKRI,20231009, 4151.00, 4230.00, 4130.35, 4213.60, 267209, 186161
NAVA,20231009, 428.00, 429.30, 418.10, 421.45, 219880, 106101
NAVINFLUOR,20231009, 3712.05, 3735.00, 3674.00, 3719.90, 295898, 149273
NAVINIFTY,20231009, 196.03, 196.03, 194.65, 194.68, 681, 500
NAVKARCORP,20231009, 59.35, 59.35, 57.35, 57.90, 349281, 203400
NAVNETEDUL,20231009, 160.40, 166.50, 160.25, 161.45, 532223, 232801
NAZARA,20231009, 854.95, 877.00, 819.05, 870.35, 502307, 116125
NBCC,20231009, 59.70, 59.85, 57.55, 57.80, 20170634, 8540717
NBIFIN,20231009, 1788.70, 1796.00, 1751.00, 1773.50, 59, 42
NCC,20231009, 154.95, 156.25, 152.65, 153.30, 3470859, 1674923
NCLIND,20231009, 215.00, 218.00, 212.50, 215.30, 194679, 92191
NDGL,20231009, 1726.65, 1748.45, 1713.55, 1726.35, 71, 47
NDL,20231009, 24.20, 24.45, 23.00, 23.15, 261235, 172678
NDLVENTURE,20231009, 142.00, 143.00, 140.00, 142.00, 3520, -
NDRAUTO,20231009, 615.00, 615.00, 614.00, 615.00, 2734, -
NDTV,20231009, 214.25, 214.65, 205.55, 206.30, 290393, 176294
NECCLTD,20231009, 23.25, 23.25, 22.25, 22.70, 704646, 114751
NECLIFE,20231009, 23.55, 23.85, 23.00, 23.15, 231584, 124716
NELCAST,20231009, 160.00, 162.50, 158.00, 158.80, 198245, 136937
NELCO,20231009, 777.00, 777.90, 754.00, 755.05, 54504, 28188
NEOGEN,20231009, 1741.55, 1770.00, 1718.50, 1730.25, 32217, 17041
NESCO,20231009, 670.00, 679.55, 660.10, 664.65, 36609, 20219
NESTLEIND,20231009, 22812.05, 22980.80, 22800.00, 22881.85, 23755, 10252
NETWEB,20231009, 812.00, 814.95, 792.80, 812.95, 51152, 26111
NETWORK18,20231009, 71.80, 71.80, 69.35, 70.95, 3838722, 1254563
NEULANDLAB,20231009, 3890.05, 4027.40, 3793.30, 3909.75, 47672, 21354
NEWGEN,20231009, 893.00, 924.00, 875.55, 889.05, 133635, 66246
NEWJAISA,20231009, 78.00, 78.00, 70.90, 74.50, 801000, 765000
NEXT50,20231009, 450.00, 451.64, 447.81, 449.54, 1029, 952
NEXTMEDIA,20231009, 6.35, 6.75, 6.30, 6.40, 63204, 55991
NFL,20231009, 69.85, 72.25, 68.45, 70.00, 8909994, 1954156
NGIL,20231009, 45.30, 45.30, 41.80, 43.00, 11781, 9737
NGLFINE,20231009, 1936.00, 1936.00, 1845.00, 1862.85, 5550, 2769
NH,20231009, 1080.00, 1083.00, 1051.00, 1053.65, 210595, 119709
NHPC,20231009, 52.50, 52.55, 51.60, 52.00, 21159737, 12604039
NIACL,20231009, 137.00, 138.95, 134.25, 135.60, 538607, 261923
NIBL,20231009, 31.20, 31.20, 31.15, 31.20, 1809, -
NIDAN,20231009, 31.50, 31.50, 30.80, 31.40, 40000, 32000
NIF100BEES,20231009, 203.98, 209.00, 201.00, 202.99, 23745, 13962
NIFMID150,20231009, 151.00, 151.00, 147.20, 148.14, 1407, 1197
NIFTYBEES,20231009, 223.10, 223.10, 214.71, 215.48, 2314698, 1629716
NIFTYETF,20231009, 207.34, 207.34, 205.29, 205.71, 11056, 8929
NIFTYQLITY,20231009, 16.56, 16.90, 16.10, 16.52, 16614, 8964
NIITLTD,20231009, 117.00, 125.80, 117.00, 120.30, 1142933, 382724
NIITMTS,20231009, 433.05, 435.00, 420.05, 423.15, 132604, 66841
NILAINFRA,20231009, 6.50, 6.65, 6.35, 6.35, 430845, -
NILASPACES,20231009, 3.00, 3.00, 3.00, 3.00, 32992, -
NILKAMAL,20231009, 2294.45, 2308.10, 2262.10, 2276.10, 2204, 1326
NINSYS,20231009, 357.00, 377.35, 345.00, 352.95, 8367, 3249
NIPPOBATRY,20231009, 490.00, 505.00, 490.00, 490.00, 2502, -
NIRAJ,20231009, 38.50, 38.50, 36.10, 36.65, 51444, -
NIRMAN,20231009, 170.00, 175.00, 163.00, 168.65, 6000, 4800
NITCO,20231009, 19.65, 19.65, 18.10, 18.40, 558920, 376002
NITINSPIN,20231009, 281.75, 281.95, 273.30, 280.60, 80865, 41107
NITIRAJ,20231009, 112.00, 114.45, 112.00, 114.45, 18895, -
NKIND,20231009, 39.40, 44.25, 36.95, 44.25, 25551, 8576
NLCINDIA,20231009, 139.65, 139.90, 133.75, 134.80, 2819461, 1061248
NMDC,20231009, 144.00, 144.00, 140.65, 143.15, 9180199, 3716719
NOCIL,20231009, 223.80, 224.00, 219.45, 221.85, 295013, 138018
NOIDATOLL,20231009, 7.90, 7.95, 7.30, 7.60, 268690, 189050
NORBTEAEXP,20231009, 13.00, 14.20, 13.00, 13.80, 13072, -
NOVARTIND,20231009, 720.85, 721.95, 704.60, 707.20, 10390, 7295
NPBET,20231009, 237.28, 237.28, 232.45, 232.88, 491, 345
NPST,20231009, 1415.00, 1556.50, 1402.00, 1551.60, 8000, 7600
NRAIL,20231009, 362.60, 365.90, 354.45, 360.00, 23551, 13911
NRBBEARING,20231009, 265.00, 272.95, 262.00, 266.30, 116595, 57922
NRL,20231009, 96.55, 97.70, 94.50, 95.90, 39318, 21354
NSIL,20231009, 2591.00, 2625.60, 2550.00, 2557.70, 2408, 1484
NSLNISP,20231009, 51.50, 51.80, 50.30, 51.60, 4884927, 2970396
NTPC,20231009, 233.85, 236.30, 230.50, 234.70, 10659145, 7175154
NUCLEUS,20231009, 1105.90, 1129.90, 1068.00, 1081.15, 168479, 105104
NURECA,20231009, 371.00, 371.00, 353.50, 356.60, 55699, 26986
NUVAMA,20231009, 2289.00, 2323.00, 2201.55, 2240.85, 11473, -
NUVOCO,20231009, 364.00, 364.60, 355.00, 357.30, 145181, 70237
NV20BEES,20231009, 119.00, 119.00, 116.31, 117.37, 14932, 12823
NXST,20231009, 128.00, 128.89, 125.23, 128.02, 167933, 108556
NYKAA,20231009, 149.20, 149.20, 145.00, 147.05, 2546272, 1183704
OAL,20231009, 377.25, 377.25, 365.90, 371.15, 11677, 6334
OBCL,20231009, 53.50, 53.50, 51.20, 51.65, 38679, 25226
OBEROIRLTY,20231009, 1104.00, 1125.55, 1098.15, 1113.60, 576991, 259107
OCCL,20231009, 784.05, 791.05, 775.00, 781.35, 7819, 5412
OFSS,20231009, 4094.00, 4171.75, 4069.25, 4093.25, 73679, 19862
OIL,20231009, 298.80, 318.40, 297.60, 311.25, 17113849, 2876158
OILCOUNTUB,20231009, 25.00, 25.55, 24.85, 25.55, 281417, -
OLECTRA,20231009, 1185.00, 1186.00, 1134.00, 1143.70, 342640, 199910
OMAXAUTO,20231009, 60.90, 60.95, 57.95, 58.00, 47765, 29797
OMAXE,20231009, 71.00, 71.00, 68.50, 68.80, 553833, 349799
OMINFRAL,20231009, 88.60, 88.60, 88.60, 88.60, 126356, -
OMKARCHEM,20231009, 11.35, 11.35, 10.85, 11.35, 29339, -
ONELIFECAP,20231009, 15.45, 15.80, 14.60, 14.85, 84119, 33859
ONEPOINT,20231009, 33.50, 33.60, 33.50, 33.60, 326332, -
ONGC,20231009, 182.90, 184.70, 181.25, 181.70, 14622727, 6087759
ONMOBILE,20231009, 114.10, 114.45, 108.00, 108.70, 1259178, 488694
ONWARDTEC,20231009, 553.00, 560.00, 543.25, 547.60, 45560, 16340
OPTIEMUS,20231009, 304.00, 310.25, 298.15, 299.45, 286086, 149808
ORBTEXP,20231009, 178.00, 183.00, 166.10, 171.90, 23523, 14021
ORCHPHARMA,20231009, 529.00, 529.00, 498.05, 507.85, 34434, 17556
ORIANA,20231009, 312.35, 314.00, 298.05, 303.85, 97200, 69600
ORICONENT,20231009, 27.15, 30.15, 26.95, 28.90, 1842632, 1053793
ORIENTALTL,20231009, 7.05, 7.30, 6.85, 6.90, 64901, 54642
ORIENTBELL,20231009, 474.50, 474.50, 455.00, 462.15, 11005, 6796
ORIENTCEM,20231009, 174.35, 181.45, 170.25, 176.75, 1196964, 321683
ORIENTCER,20231009, 35.55, 36.40, 35.10, 35.35, 65718, -
ORIENTELEC,20231009, 222.00, 222.95, 218.30, 219.85, 593815, 518596
ORIENTHOT,20231009, 93.30, 106.90, 89.40, 100.65, 12275087, 2812344
ORIENTLTD,20231009, 73.85, 76.50, 72.25, 74.30, 7332, -
ORIENTPPR,20231009, 49.05, 49.45, 48.00, 48.80, 1317159, 577090
ORISSAMINE,20231009, 5810.05, 6257.95, 5724.00, 6018.15, 97209, 23494
ORTEL,20231009, 0.85, 0.90, 0.85, 0.90, 2130, -
ORTINLAB,20231009, 19.40, 20.50, 19.40, 20.50, 29577, 26921
OSIAHYPER,20231009, 49.90, 49.90, 47.00, 47.55, 18016, -
OSWALAGRO,20231009, 35.25, 35.25, 33.40, 33.70, 226671, 112875
OSWALGREEN,20231009, 26.50, 28.85, 26.25, 27.15, 1278162, 579010
OSWALSEEDS,20231009, 68.00, 69.90, 64.45, 66.85, 92001, 46682
PAGEIND,20231009, 39380.00, 39680.00, 38900.00, 39463.85, 15754, 5876
PAISALO,20231009, 68.85, 68.95, 65.10, 66.60, 2716873, 1296335
PAKKA,20231009, 223.90, 226.95, 215.00, 216.45, 437645, 233065
PALASHSECU,20231009, 106.50, 110.00, 105.95, 108.30, 8403, 3591
PALREDTEC,20231009, 146.25, 162.00, 140.45, 154.85, 62186, 35223
PANACEABIO,20231009, 176.00, 176.00, 167.85, 169.30, 633177, 262537
PANACHE,20231009, 73.55, 74.00, 70.30, 72.50, 10741, -
PANAMAPET,20231009, 313.00, 313.00, 298.60, 303.10, 66215, 31426
PANSARI,20231009, 85.50, 85.50, 78.45, 79.55, 3027, -
PAR,20231009, 200.00, 207.00, 191.50, 200.95, 11400, 6984
PARACABLES,20231009, 62.00, 62.00, 60.55, 60.90, 345304, -
PARADEEP,20231009, 68.00, 68.00, 66.00, 66.30, 2560661, 1192262
PARAGMILK,20231009, 207.10, 209.90, 202.00, 203.30, 573380, 260811
PARAS,20231009, 722.35, 722.35, 706.05, 713.25, 217981, 74229
PARASPETRO,20231009, 2.15, 2.15, 2.15, 2.15, 214271, -
PARSVNATH,20231009, 10.85, 11.00, 10.65, 10.65, 287283, -
PARTYCRUS,20231009, 65.05, 66.50, 64.65, 64.65, 16000, 12000
PASUPTAC,20231009, 45.45, 47.00, 43.45, 44.05, 1439140, 622436
PATANJALI,20231009, 1232.00, 1251.90, 1219.90, 1246.80, 136182, -
PATELENG,20231009, 49.55, 50.85, 49.25, 49.25, 5003129, 3312103
PATINTLOG,20231009, 15.30, 15.30, 14.65, 14.85, 117585, -
PAVNAIND,20231009, 469.80, 469.80, 409.05, 415.90, 13682, 8796
PAYTM,20231009, 917.50, 928.30, 891.00, 905.20, 2468269, 820843
PCBL,20231009, 194.00, 201.65, 193.45, 199.20, 11464364, 3371600
PCJEWELLER,20231009, 27.10, 27.10, 26.00, 26.40, 3610643, 1588094
PDMJEPAPER,20231009, 49.40, 50.50, 48.50, 48.80, 264403, 141451
PDSL,20231009, 481.80, 487.80, 464.70, 474.35, 141196, 57841
PEARLPOLY,20231009, 27.20, 28.00, 26.55, 26.75, 111618, 78698
PEL,20231009, 1057.95, 1059.00, 1037.05, 1044.15, 592463, 159014
PENIND,20231009, 106.00, 106.95, 101.60, 103.50, 816045, 329966
PENINLAND,20231009, 31.90, 32.90, 31.70, 32.80, 1608767, 1076904
PERFECT,20231009, 22.50, 23.40, 22.30, 23.40, 18000, 12000
PERSISTENT,20231009, 5734.95, 5791.00, 5576.80, 5595.85, 448744, 231534
PETRONET,20231009, 229.95, 230.00, 222.20, 223.20, 1917861, 955662
PFC,20231009, 243.00, 245.25, 239.00, 240.25, 12865038, 4502539
PFIZER,20231009, 3984.00, 3990.00, 3938.40, 3960.90, 9805, 5343
PFOCUS,20231009, 94.90, 96.25, 93.20, 95.50, 89472, 61068
PFS,20231009, 28.00, 28.00, 27.25, 27.35, 2048300, 1119060
PGEL,20231009, 1792.00, 1903.75, 1792.00, 1875.75, 167657, 84255
PGHH,20231009, 17700.10, 17904.65, 17505.10, 17599.45, 1991, 811
PGHL,20231009, 5050.00, 5085.00, 5000.60, 5069.20, 3840, 2719
PGIL,20231009, 1052.00, 1057.00, 1005.70, 1014.25, 29712, 14497
PHANTOMFX,20231009, 441.00, 441.00, 422.00, 426.05, 42000, 24000
PHARMABEES,20231009, 15.40, 15.47, 15.26, 15.33, 1129960, 758927
PHOENIXLTD,20231009, 1799.90, 1814.00, 1782.05, 1800.45, 75635, 41252
PIDILITIND,20231009, 2430.10, 2438.85, 2410.10, 2425.00, 370569, 253128
PIGL,20231009, 42.50, 42.50, 40.55, 41.45, 7280, -
PIIND,20231009, 3402.05, 3440.55, 3365.10, 3422.85, 121797, 58372
PILANIINVS,20231009, 2032.35, 2369.05, 2032.35, 2323.90, 26518, 9515
PILITA,20231009, 9.55, 9.95, 9.35, 9.55, 187892, -
PIONEEREMB,20231009, 58.75, 58.75, 54.60, 55.90, 212090, 123409
PITTIENG,20231009, 600.00, 634.90, 584.25, 615.20, 271492, 132936
PIXTRANS,20231009, 1196.95, 1207.80, 1160.75, 1201.00, 18725, 8825
PKTEA,20231009, 298.85, 299.00, 298.85, 298.85, 506, -
PLASTIBLEN,20231009, 225.55, 227.95, 224.00, 224.90, 4568, 3372
PNB,20231009, 76.00, 76.00, 72.85, 73.35, 73864732, 23885796
PNBGILTS,20231009, 88.90, 89.45, 84.20, 84.55, 7706394, 1656931
PNBHOUSING,20231009, 714.00, 733.20, 697.85, 711.00, 549023, 108291
PNC,20231009, 37.80, 37.80, 36.55, 36.95, 25409, 14416
PNCINFRA,20231009, 369.80, 370.90, 360.35, 366.45, 271784, 110280
POCL,20231009, 464.00, 468.05, 450.50, 454.80, 18188, 8694
PODDARHOUS,20231009, 111.00, 115.00, 107.30, 107.85, 29142, 7325
PODDARMENT,20231009, 348.00, 352.55, 337.55, 344.40, 5470, 2522
POKARNA,20231009, 482.50, 497.50, 472.05, 478.75, 64570, 27302
POLICYBZR,20231009, 758.00, 768.00, 747.70, 757.10, 672327, 444488
POLYCAB,20231009, 5202.10, 5238.00, 5140.15, 5178.95, 280349, 85843
POLYMED,20231009, 1410.00, 1410.90, 1362.00, 1372.25, 43161, 21763
POLYPLEX,20231009, 1148.00, 1159.10, 1138.20, 1142.10, 59828, 30920
PONNIERODE,20231009, 414.00, 422.30, 404.30, 407.70, 36479, 17591
POONAWALLA,20231009, 384.00, 384.00, 373.05, 374.45, 1641191, 896259
POWERGRID,20231009, 196.50, 196.90, 193.75, 196.25, 7853369, 4770844
POWERINDIA,20231009, 3960.00, 3984.60, 3895.90, 3938.20, 32594, 18511
POWERMECH,20231009, 4090.00, 4199.00, 4005.00, 4149.70, 22349, 12652
PPAP,20231009, 265.00, 277.75, 259.80, 265.10, 30358, 20335
PPL,20231009, 259.90, 259.90, 248.10, 249.25, 104426, 55063
PPLPHARMA,20231009, 99.60, 99.70, 96.90, 97.45, 1837002, 937425
PRAENG,20231009, 13.70, 13.70, 13.15, 13.25, 68638, 40230
PRAJIND,20231009, 571.00, 576.10, 565.85, 573.90, 872051, 400904
PRAKASH,20231009, 146.00, 151.25, 143.05, 146.30, 4164603, 1779275
PRAKASHSTL,20231009, 5.15, 5.20, 5.10, 5.10, 198975, -
PRAMARA,20231009, 90.00, 92.50, 85.75, 87.60, 12000, 8000
PRAXIS,20231009, 30.80, 30.80, 30.80, 30.80, 12050, -
PRECAM,20231009, 270.10, 270.10, 256.75, 263.05, 157075, 85274
PRECISION,20231009, 44.25, 44.25, 42.30, 42.55, 6000, 4000
PRECOT,20231009, 221.50, 228.60, 218.50, 220.90, 3609, 2459
PRECWIRE,20231009, 129.95, 133.20, 126.05, 129.40, 809861, 279844
PREMEXPLN,20231009, 1079.95, 1079.95, 1016.00, 1053.50, 12108, -
PREMIER,20231009, 3.65, 3.65, 3.35, 3.55, 97095, -
PREMIERPOL,20231009, 122.00, 140.85, 121.90, 139.30, 622780, 200548
PRESTIGE,20231009, 697.00, 700.95, 663.85, 670.50, 2684389, 1225628
PRICOLLTD,20231009, 326.35, 335.20, 326.35, 328.85, 360210, 162689
PRIMESECU,20231009, 148.95, 149.40, 146.60, 147.90, 7100, 4773
PRINCEPIPE,20231009, 666.95, 666.95, 650.45, 659.70, 64771, 32049
PRITI,20231009, 171.00, 171.05, 164.00, 166.95, 35886, 23861
PRITIKA,20231009, 72.00, 72.00, 70.00, 70.00, 20000, 20000
PRITIKAUTO,20231009, 18.50, 18.70, 18.50, 18.70, 114522, -
PRIVISCL,20231009, 1203.60, 1212.95, 1186.30, 1198.25, 18917, 14169
PROLIFE,20231009, 229.85, 230.00, 229.85, 230.00, 2000, 2000
PROPEQUITY,20231009, 206.90, 214.00, 205.05, 212.20, 24000, 22800
PROV,20231009, 895.00, 895.00, 895.00, 895.00, 14240, 14240
PROZONER,20231009, 29.30, 33.45, 29.30, 31.90, 4158363, 1866847
PRSMJOHNSN,20231009, 128.65, 129.00, 124.25, 125.45, 147652, 75024
PRUDENT,20231009, 1269.60, 1316.95, 1252.80, 1288.30, 83953, 41839
PSB,20231009, 44.70, 44.70, 42.50, 42.75, 5041914, 1643475
PSPPROJECT,20231009, 779.00, 790.80, 761.55, 772.35, 65963, 31303
PSUBANKICI,20231009, 51.80, 51.80, 50.70, 50.85, 101289, 53121
PSUBNKBEES,20231009, 59.85, 59.85, 56.01, 56.14, 7027211, 5417132
PTC,20231009, 136.00, 137.80, 132.85, 133.70, 1410972, 670764
PTCIL,20231009, 5520.30, 5565.00, 5355.10, 5393.00, 1254, 852
PTL,20231009, 39.40, 39.45, 37.60, 38.00, 216676, 127394
PUNJABCHEM,20231009, 1200.80, 1223.05, 1174.45, 1190.20, 36374, 14609
PURVA,20231009, 125.00, 126.90, 120.45, 123.65, 624761, 215850
PVP,20231009, 14.05, 14.05, 14.05, 14.05, 163906, 163906
PVRINOX,20231009, 1697.00, 1697.00, 1661.00, 1674.80, 271055, 112024
PYRAMID,20231009, 170.00, 183.05, 167.50, 176.05, 684551, 348818
QFIL,20231009, 99.00, 99.00, 96.65, 96.65, 6000, 6000
QMSMEDI,20231009, 140.00, 141.00, 135.40, 137.40, 37000, 30000
QUADPRO,20231009, 5.80, 6.10, 5.80, 6.10, 48000, 48000
QUESS,20231009, 419.00, 425.55, 415.85, 422.25, 197325, 90146
QUICKHEAL,20231009, 314.70, 350.70, 304.25, 337.90, 3753243, 474932
QUICKTOUCH,20231009, 198.00, 199.50, 190.10, 199.50, 6000, 4000
QUINTEGRA,20231009, 1.30, 1.35, 1.30, 1.35, 13176, -
RACE,20231009, 251.25, 252.00, 246.15, 249.30, 8101, 5927
RADHIKAJWE,20231009, 36.05, 36.50, 35.35, 35.80, 304776, 155955
RADIANTCMS,20231009, 93.15, 95.40, 91.65, 93.55, 884858, 511426
RADICO,20231009, 1220.15, 1244.00, 1209.05, 1216.00, 311393, 125026
RADIOCITY,20231009, 16.25, 16.25, 14.65, 14.90, 2192477, 1092817
RADIOCITY,20231009, 93.95, 93.95, 92.00, 92.10, 161, 161
RAILTEL,20231009, 213.75, 213.75, 207.05, 209.40, 1934002, 763971
RAIN,20231009, 164.45, 167.00, 162.85, 163.75, 1098083, 488612
RAINBOW,20231009, 1041.30, 1052.80, 1029.20, 1045.65, 107184, 66513
RAJESHEXPO,20231009, 496.00, 496.00, 476.35, 478.20, 1491350, 575403
RAJMET,20231009, 9.80, 9.95, 9.40, 9.80, 683339, -
RAJRATAN,20231009, 759.85, 764.80, 747.40, 760.25, 27239, 18284
RAJRILTD,20231009, 36.40, 37.75, 36.40, 36.40, 15041, -
RAJSREESUG,20231009, 53.00, 53.00, 48.50, 49.05, 36635, -
RAJTV,20231009, 50.40, 55.55, 49.80, 52.90, 107358, 75743
RALLIS,20231009, 214.00, 214.55, 208.35, 209.30, 332870, 145097
RAMANEWS,20231009, 15.05, 15.15, 14.60, 14.70, 38518, 26249
RAMAPHO,20231009, 232.00, 237.10, 228.00, 232.40, 13573, 7185
RAMASTEEL,20231009, 35.10, 36.10, 34.55, 35.85, 2094874, 684089
RAMCOCEM,20231009, 940.10, 954.20, 926.20, 949.70, 473866, 217101
RAMCOIND,20231009, 176.00, 179.05, 175.00, 175.75, 62906, 36642
RAMCOSYS,20231009, 301.70, 306.35, 300.00, 302.50, 74996, 35594
RAMKY,20231009, 586.00, 586.00, 570.00, 578.50, 121158, 74509
RAMRAT,20231009, 269.75, 269.75, 258.25, 260.05, 76908, 38186
RANASUG,20231009, 27.10, 27.35, 26.40, 26.85, 1416843, 485269
RANEENGINE,20231009, 301.00, 304.80, 296.10, 299.90, 1854, -
RANEHOLDIN,20231009, 1156.00, 1166.70, 1112.90, 1121.35, 12946, 7610
RATEGAIN,20231009, 580.10, 606.10, 580.10, 594.00, 152660, 67028
RATNAMANI,20231009, 2536.55, 2608.45, 2525.25, 2603.05, 15984, 7273
RATNAVEER,20231009, 115.00, 117.30, 113.80, 114.10, 405049, 206911
RAYMOND,20231009, 1774.00, 1774.00, 1725.00, 1735.85, 191881, 87933
RBA,20231009, 124.15, 124.50, 122.15, 122.80, 1134321, 626581
RBL,20231009, 802.10, 808.00, 778.05, 782.25, 21807, 6374
RBLBANK,20231009, 243.95, 250.70, 238.25, 243.85, 9546705, 1629803
RBMINFRA,20231009, 186.60, 186.60, 186.60, 186.60, 18000, 18000
RCF,20231009, 121.25, 125.40, 119.05, 120.90, 7100805, 1479071
RCOM,20231009, 1.70, 1.75, 1.65, 1.65, 2476572, -
RECLTD,20231009, 282.25, 285.45, 278.50, 280.40, 10063388, 3331576
REDINGTON,20231009, 155.00, 155.00, 152.20, 153.05, 716165, 385491
REDTAPE,20231009, 479.90, 484.65, 464.25, 469.35, 142848, 76644
REFEX,20231009, 621.00, 624.85, 603.50, 608.35, 69884, 39159
REGENCERAM,20231009, 38.60, 38.60, 38.60, 38.60, 5311, -
RELAXO,20231009, 900.00, 915.00, 897.50, 911.15, 93215, 53401
RELCAPITAL,20231009, 9.80, 9.80, 9.80, 9.80, 112876, -
RELCHEMQ,20231009, 229.90, 236.00, 214.05, 220.70, 74373, 41389
RELIABLE,20231009, 61.00, 61.00, 61.00, 61.00, 2400, 2400
RELIANCE,20231009, 2308.10, 2311.95, 2295.00, 2298.25, 3788439, 2577507
RELIGARE,20231009, 237.00, 239.40, 235.10, 236.05, 673445, 392845
RELINFRA,20231009, 171.65, 172.40, 166.05, 171.25, 666861, -
REMSONSIND,20231009, 449.70, 455.00, 433.30, 449.70, 10902, -
REMUS,20231009, 5120.00, 5223.90, 5000.00, 5000.00, 500, 400
RENUKA,20231009, 54.10, 55.15, 53.15, 53.50, 16804612, 5049063
REPCOHOME,20231009, 385.05, 389.10, 380.80, 383.90, 156567, 64900
REPL,20231009, 186.10, 186.10, 182.05, 182.85, 47038, 33276
REPRO,20231009, 742.15, 764.95, 735.30, 755.50, 5085, 3245
RESPONIND,20231009, 341.70, 341.70, 320.00, 324.45, 144524, 54748
REXPIPES,20231009, 70.65, 70.65, 70.65, 70.65, 4000, 4000
RGL,20231009, 106.00, 106.00, 103.45, 103.95, 67875, 20634
RHFL,20231009, 2.15, 2.15, 2.00, 2.00, 4968880, -
RHIM,20231009, 720.90, 728.70, 707.55, 716.25, 109760, 56281
RHL,20231009, 107.90, 107.90, 104.85, 106.55, 5703, 3690
RICHA,20231009, 55.00, 55.00, 55.00, 55.00, 1000, 1000
RICOAUTO,20231009, 85.95, 85.95, 82.20, 83.45, 697688, 360968
RIIL,20231009, 976.95, 976.95, 952.00, 954.35, 204625, 78309
RILINFRA,20231009, 98.40, 98.40, 94.25, 95.25, 7700, 6100
RISHABH,20231009, 526.40, 541.70, 508.50, 526.95, 615498, 211697
RITCO,20231009, 240.00, 243.90, 235.25, 237.05, 3280, -
RITES,20231009, 482.00, 482.00, 467.15, 470.20, 685487, 305229
RKDL,20231009, 18.50, 18.50, 18.50, 18.50, 19047, -
RKEC,20231009, 78.30, 80.00, 75.00, 75.50, 263819, 172346
RKFORGE,20231009, 621.00, 643.70, 621.00, 631.40, 164877, 83795
RMCL,20231009, 1.85, 1.90, 1.85, 1.85, 7042, -
RMDRIP,20231009, 54.45, 54.45, 54.45, 54.45, 2000, 2000
RML,20231009, 850.00, 850.00, 815.55, 824.05, 27059, 10845
ROHLTD,20231009, 325.00, 332.55, 311.40, 317.45, 338290, 58609
ROLEXRINGS,20231009, 2150.00, 2288.90, 2150.00, 2238.05, 24922, 7743
ROLLT,20231009, 1.25, 1.25, 1.20, 1.25, 353176, -
ROLTA,20231009, 2.10, 2.10, 2.10, 2.10, 24143, -
ROML,20231009, 46.75, 48.05, 44.60, 46.90, 22892, 13809
ROSSARI,20231009, 830.00, 832.50, 791.05, 822.15, 80646, 50368
ROSSELLIND,20231009, 502.00, 513.95, 488.05, 493.30, 79914, 36085
ROTO,20231009, 350.00, 352.65, 343.25, 346.25, 28241, 13986
ROUTE,20231009, 1552.50, 1563.00, 1542.80, 1557.35, 95571, 47555
RPGLIFE,20231009, 1260.00, 1266.95, 1225.05, 1250.75, 17012, 8542
RPOWER,20231009, 18.50, 18.50, 17.70, 17.85, 50799957, 14232223
RPPINFRA,20231009, 80.50, 80.50, 77.00, 77.05, 413435, -
RPPL,20231009, 241.00, 241.00, 222.00, 230.60, 366968, 138905
RPSGVENT,20231009, 594.20, 594.20, 565.50, 569.40, 50155, 24017
RRKABEL,20231009, 1475.00, 1507.15, 1432.00, 1442.85, 564296, 180181
RSSOFTWARE,20231009, 54.45, 54.45, 49.30, 49.65, 56147, -
RSWM,20231009, 187.05, 187.70, 182.80, 184.30, 42956, 24650
RSYSTEMS,20231009, 513.70, 517.25, 501.00, 508.60, 52394, 31429
RTNINDIA,20231009, 57.00, 57.25, 54.60, 55.00, 2675828, 1228857
RTNPOWER,20231009, 6.85, 6.85, 6.60, 6.65, 54363759, 23841895
RUBYMILLS,20231009, 234.00, 234.00, 226.55, 228.45, 25684, 17401
RUCHINFRA,20231009, 17.00, 17.00, 17.00, 17.00, 295677, -
RUCHIRA,20231009, 140.30, 140.40, 136.50, 137.35, 87748, 44473
RUPA,20231009, 268.90, 268.90, 262.50, 262.85, 117200, 60865
RUSHIL,20231009, 281.10, 281.10, 272.55, 275.20, 42445, 24569
RUSTOMJEE,20231009, 539.00, 539.00, 526.00, 535.15, 17987, 11723
RVHL,20231009, 33.55, 33.55, 32.50, 33.25, 22617, -
RVNL,20231009, 165.50, 166.25, 160.25, 161.25, 21811811, 7972911
S&SPOWER,20231009, 110.35, 110.35, 110.35, 110.35, 18, -
SAAKSHI,20231009, 175.00, 177.05, 164.00, 177.05, 842400, 835200
SABAR,20231009, 26.70, 26.70, 26.70, 26.70, 10000, 10000
SABEVENTS,20231009, 4.20, 4.20, 4.20, 4.20, 301, -
SABTN,20231009, 1.55, 1.55, 1.55, 1.55, 2752, -
SADBHAV,20231009, 16.10, 16.10, 16.10, 16.10, 1147325, -
SADBHIN,20231009, 4.95, 4.95, 4.95, 4.95, 21478, -
SADHNANIQ,20231009, 78.70, 82.45, 78.40, 79.40, 328035, 138772
SAFARI,20231009, 4285.25, 4351.85, 4235.00, 4328.45, 31830, 16167
SAGARDEEP,20231009, 23.75, 24.80, 23.10, 23.60, 34199, 16448
SAGCEM,20231009, 237.95, 237.95, 227.30, 230.10, 64439, 31986
SAH,20231009, 96.15, 96.15, 90.90, 91.40, 75302, 28304
SAHAJ,20231009, 27.50, 27.50, 27.00, 27.00, 8000, 4000
SAHANA,20231009, 253.00, 260.00, 252.50, 254.00, 10000, 8000
SAHYADRI,20231009, 429.90, 429.90, 409.95, 412.30, 5222, 3694
SAIL,20231009, 88.00, 88.25, 86.00, 86.35, 12795052, 4779663
SAKAR,20231009, 347.15, 347.15, 336.55, 340.85, 30183, 13088
SAKHTISUG,20231009, 32.25, 32.25, 30.55, 30.90, 1154987, 428103
SAKSOFT,20231009, 339.70, 354.00, 324.60, 333.85, 393418, 225662
SAKUMA,20231009, 16.80, 16.80, 16.20, 16.20, 321924, -
SALASAR,20231009, 49.50, 50.00, 48.55, 49.20, 836282, 495606
SALONA,20231009, 279.00, 284.80, 270.05, 280.60, 9731, 7019
SALSTEEL,20231009, 16.10, 16.40, 15.95, 16.00, 60444, -
SALZERELEC,20231009, 385.00, 388.00, 377.00, 378.95, 80082, 32438
SAMBHAAV,20231009, 3.15, 3.20, 3.05, 3.05, 50074, -
SAMHI,20231009, 160.25, 165.90, 153.05, 155.20, 1156408, 460754
SAMPANN,20231009, 15.20, 15.20, 15.20, 15.20, 3861, -
SANCO,20231009, 6.80, 7.35, 6.65, 7.30, 7844, -
SANDESH,20231009, 1038.60, 1053.20, 1002.20, 1015.95, 2059, 1503
SANDHAR,20231009, 420.60, 422.35, 400.00, 402.45, 117926, 55226
SANDUMA,20231009, 1461.05, 1579.35, 1461.05, 1542.60, 43496, 24017
SANGAMIND,20231009, 351.00, 356.00, 338.55, 343.35, 45631, 23106
SANGHIIND,20231009, 131.75, 131.75, 123.65, 131.70, 4046180, -
SANGHVIMOV,20231009, 703.85, 714.50, 681.75, 688.30, 85571, 40164
SANGINITA,20231009, 22.00, 22.00, 20.25, 20.95, 59266, 34021
SANOFI,20231009, 7286.80, 7295.75, 7227.05, 7258.75, 15006, 11361
SANSERA,20231009, 924.00, 926.00, 909.00, 914.40, 50832, 28827
SANWARIA,20231009, 0.45, 0.45, 0.45, 0.45, 118385, -
SAPPHIRE,20231009, 1413.00, 1422.70, 1375.20, 1416.30, 32986, 16539
SARDAEN,20231009, 214.80, 217.55, 208.10, 212.10, 340440, 203187
SAREGAMA,20231009, 352.80, 352.95, 343.05, 344.90, 235743, 117403
SARLAPOLY,20231009, 51.00, 51.50, 49.00, 49.40, 211542, 128616
SAROJA,20231009, 58.65, 58.65, 58.65, 58.65, 4800, 3200
SARVESHWAR,20231009, 5.20, 5.20, 5.20, 5.20, 342538, -
SASKEN,20231009, 1320.00, 1370.00, 1255.15, 1311.70, 212803, 33252
SASTASUNDR,20231009, 304.00, 305.05, 284.75, 297.40, 56548, 28225
SATIA,20231009, 126.10, 127.50, 122.85, 126.35, 554134, 240652
SATIN,20231009, 240.15, 240.20, 228.50, 231.10, 329204, 142293
SATINDLTD,20231009, 95.00, 95.00, 91.80, 94.60, 343899, 134070
SBC,20231009, 25.00, 25.45, 23.90, 25.05, 2400095, 1211132
SBCL,20231009, 523.00, 527.55, 512.85, 517.45, 82130, 43655
SBFC,20231009, 85.70, 85.70, 82.10, 83.00, 1342030, 763298
SBGLP,20231009, 387.90, 387.90, 371.00, 377.00, 10904, 5424
SBICARD,20231009, 793.50, 795.00, 782.00, 783.15, 1207012, 784853
SBILIFE,20231009, 1278.10, 1290.75, 1272.00, 1277.25, 1345177, 926650
SBIN,20231009, 588.00, 589.00, 581.55, 585.10, 9189597, 3891031
SCHAEFFLER,20231009, 3174.00, 3232.00, 3101.00, 3113.00, 80850, 34473
SCHAND,20231009, 270.00, 288.80, 270.00, 273.25, 296303, 79135
SCHNEIDER,20231009, 326.15, 352.60, 326.15, 348.55, 661468, 211529
SCI,20231009, 144.00, 145.90, 140.10, 144.30, 3743589, 1708401
SCPL,20231009, 440.05, 459.40, 440.05, 445.00, 19552, 13935
SDBL,20231009, 368.40, 379.45, 348.75, 365.40, 721559, 279057
SDL24BEES,20231009, 116.34, 116.34, 116.11, 116.33, 57, 32
SDL26BEES,20231009, 114.40, 116.30, 114.40, 115.32, 958, 665
SEAMECLTD,20231009, 629.05, 632.80, 619.65, 624.25, 10932, 6011
SECL,20231009, 27.50, 29.00, 27.45, 27.50, 93750, 50000
SECURCRED,20231009, 16.50, 16.60, 16.00, 16.20, 60836, 39813
SECURKLOUD,20231009, 41.30, 41.30, 39.50, 39.90, 137575, 39490
SEJALLTD,20231009, 230.00, 248.95, 230.00, 248.40, 2109, -
SEL,20231009, 201.50, 204.80, 180.00, 191.75, 51200, 40000
SELAN,20231009, 391.05, 402.00, 390.00, 391.15, 141090, 41145
SELMC,20231009, 111.65, 111.65, 111.65, 111.65, 1665, -
SEMAC,20231009, 2361.55, 2361.55, 2350.00, 2352.00, 611, -
SENCO,20231009, 640.80, 644.60, 601.25, 607.95, 460524, 251175
SENSEXETF,20231009, 65.00, 65.95, 65.00, 65.10, 2688, 2076
SEPC,20231009, 14.40, 15.85, 13.90, 15.15, 34850847, 15317409
SEQUENT,20231009, 93.60, 93.95, 90.90, 93.05, 1250640, 604141
SERVOTECH,20231009, 72.55, 73.25, 70.00, 71.20, 190278, 146320
SESHAPAPER,20231009, 376.00, 376.00, 363.40, 367.95, 81336, 34241
SETCO,20231009, 6.60, 6.60, 6.35, 6.50, 51622, -
SEYAIND,20231009, 21.40, 21.40, 20.40, 21.40, 13761, -
SFL,20231009, 1000.05, 1084.00, 1000.05, 1078.90, 85680, 28131
SGIL,20231009, 238.50, 238.50, 234.25, 234.25, 1025, -
SGL,20231009, 15.90, 15.90, 15.05, 15.30, 22074, -
SHAH,20231009, 2.75, 3.05, 2.70, 2.90, 4023198, 2013385
SHAHALLOYS,20231009, 54.15, 55.50, 54.00, 54.70, 4764, -
SHAILY,20231009, 1817.05, 1858.00, 1790.00, 1833.60, 4287, 2009
SHAKTIPUMP,20231009, 923.05, 944.80, 895.25, 904.00, 549342, 103862
SHALBY,20231009, 244.00, 247.70, 236.40, 238.15, 277610, 123394
SHALPAINTS,20231009, 162.00, 165.50, 161.55, 164.90, 490028, 349388
SHANKARA,20231009, 726.00, 726.00, 702.45, 705.45, 77001, 46041
SHANTI,20231009, 17.45, 20.75, 17.05, 20.10, 1035092, 226588
SHANTIGEAR,20231009, 434.70, 446.00, 428.00, 439.15, 66760, 26758
SHARDACROP,20231009, 418.25, 421.60, 416.30, 418.70, 54116, 30549
SHARDAMOTR,20231009, 967.10, 967.10, 939.05, 948.55, 28429, 16896
SHAREINDIA,20231009, 1390.00, 1404.70, 1358.00, 1367.75, 127063, 55524
SHARIABEES,20231009, 433.09, 445.97, 433.09, 440.57, 849, 538
SHEMAROO,20231009, 126.20, 133.65, 126.20, 128.30, 29641, 17591
SHERA,20231009, 156.00, 158.20, 153.00, 155.85, 52000, 36000
SHIGAN,20231009, 117.15, 117.15, 111.30, 115.00, 13500, 9000
SHILPAMED,20231009, 347.60, 347.60, 332.25, 333.60, 213363, 128739
SHIVALIK,20231009, 704.05, 710.75, 688.55, 693.75, 5717, 3369
SHIVAMAUTO,20231009, 34.00, 34.00, 32.90, 32.90, 122190, -
SHIVAMILLS,20231009, 79.15, 83.80, 72.10, 73.30, 26714, 11348
SHIVATEX,20231009, 145.05, 145.05, 138.90, 139.15, 5753, 3889
SHK,20231009, 152.80, 153.80, 149.05, 150.10, 159122, 79563
SHOPERSTOP,20231009, 650.00, 666.05, 649.95, 653.95, 23934, 8578
SHRADHA,20231009, 49.95, 50.25, 48.10, 48.90, 89984, 22381
SHREDIGCEM,20231009, 91.70, 93.20, 89.35, 89.70, 461819, 258220
SHREECEM,20231009, 25649.05, 25774.70, 25501.00, 25730.00, 6134, 2069
SHREEPUSHK,20231009, 200.00, 200.00, 184.70, 195.20, 40058, 18301
SHREERAMA,20231009, 24.90, 24.95, 22.70, 22.70, 410550, -
SHRENIK,20231009, 0.95, 0.95, 0.90, 0.95, 848196, 775380
SHREYANIND,20231009, 231.55, 244.00, 231.55, 239.80, 14826, -
SHREYAS,20231009, 358.55, 371.70, 352.00, 369.70, 188750, 138419
SHRIPISTON,20231009, 976.95, 1000.00, 975.00, 989.80, 6898, -
SHRIRAMFIN,20231009, 1840.05, 1840.85, 1803.65, 1820.90, 1070824, 700705
SHRIRAMFIN,20231009, 1594.00, 1594.00, 1594.00, 1594.00, 17, 17
SHRIRAMFIN,20231009, 1015.00, 1015.00, 1015.00, 1015.00, 98, 98
SHRIRAMFIN,20231009, 1010.00, 1016.00, 1010.00, 1016.00, 6, 6
SHRIRAMPPS,20231009, 90.00, 91.60, 87.10, 88.05, 1989920, 686647
SHRITECH,20231009, 80.20, 80.40, 79.00, 79.00, 18000, 16000
SHUBHLAXMI,20231009, 83.00, 88.75, 83.00, 88.00, 5000, 3000
SHYAMCENT,20231009, 20.20, 20.25, 19.60, 19.75, 420802, 207534
SHYAMMETL,20231009, 442.80, 442.80, 432.00, 433.75, 421804, 231429
SHYAMTEL,20231009, 6.75, 7.00, 6.75, 7.00, 146, 146
SIEMENS,20231009, 3520.00, 3557.35, 3468.65, 3541.95, 272565, 165927
SIGACHI,20231009, 40.65, 41.00, 39.25, 39.50, 3252063, 1627608
SIGIND,20231009, 56.85, 57.85, 54.25, 56.00, 117949, 42826
SIGMA,20231009, 447.65, 451.50, 432.05, 447.45, 12041, 8449
SIGNATURE,20231009, 479.00, 492.70, 472.65, 482.15, 498268, 279930
SIKKO,20231009, 58.20, 59.15, 57.00, 57.70, 25221, 17561
SIL,20231009, 22.20, 22.75, 22.00, 22.55, 73059, -
SILGO,20231009, 23.45, 25.00, 23.45, 24.35, 11674, -
SILINV,20231009, 326.85, 326.85, 319.00, 320.15, 860, 582
SILLYMONKS,20231009, 15.00, 15.80, 14.65, 15.80, 1490, 1490
SILVER,20231009, 72.18, 73.77, 70.80, 71.31, 481911, 431030
SILVERBEES,20231009, 68.50, 69.70, 68.32, 69.31, 5071774, 4365352
SILVERETF,20231009, 72.80, 72.80, 70.50, 71.28, 42986, 33666
SILVERTUC,20231009, 613.55, 624.90, 596.00, 604.35, 19855, 4233
SILVRETF,20231009, 70.97, 70.97, 69.03, 69.67, 3485, 3014
SIMBHALS,20231009, 29.25, 29.25, 27.55, 27.85, 395883, 285471
SIMPLEXINF,20231009, 58.80, 58.80, 58.80, 58.80, 1385, -
SINDHUTRAD,20231009, 26.05, 26.70, 24.75, 25.30, 27921, -
SINTERCOM,20231009, 129.85, 129.85, 128.00, 128.00, 1380, 875
SIRCA,20231009, 380.00, 383.20, 370.05, 375.95, 107827, 49196
SIS,20231009, 462.00, 467.90, 454.85, 456.35, 55433, 24282
SITINET,20231009, 0.75, 0.80, 0.75, 0.75, 888494, -
SIYSIL,20231009, 551.60, 563.85, 542.75, 550.80, 78414, 37640
SJS,20231009, 655.00, 687.85, 655.00, 668.90, 132636, 52528
SJVN,20231009, 71.00, 71.45, 69.25, 69.70, 20508019, 7634585
SKFINDIA,20231009, 5375.00, 5378.00, 5251.10, 5292.95, 11313, 4692
SKIL,20231009, 4.00, 4.25, 3.85, 4.25, 604243, -
SKIPPER,20231009, 217.05, 228.85, 202.20, 223.70, 302038, 139210
SKMEGGPROD,20231009, 431.15, 444.35, 429.65, 429.65, 135600, 97769
SKP,20231009, 206.65, 209.85, 202.60, 204.95, 14000, 13000
SKYGOLD,20231009, 400.00, 418.35, 374.00, 413.50, 889552, 335151
SMARTLINK,20231009, 191.00, 191.00, 177.00, 178.10, 31957, 19863
SMCGLOBAL,20231009, 79.40, 79.40, 76.20, 77.85, 54965, 31602
SMLISUZU,20231009, 1228.60, 1244.85, 1211.00, 1220.30, 15344, 5576
SMLT,20231009, 230.10, 233.65, 218.45, 225.90, 53556, 36878
SMSLIFE,20231009, 520.40, 520.40, 509.05, 511.60, 286, 179
SMSPHARMA,20231009, 123.05, 123.05, 120.10, 120.60, 46901, 31734
SNOWMAN,20231009, 49.65, 50.00, 48.50, 49.15, 774830, 387855
SOBHA,20231009, 700.00, 732.85, 686.60, 713.55, 1310189, 337203
SOFTTECH,20231009, 255.10, 263.30, 239.45, 240.45, 69262, 36504
SOLARA,20231009, 345.60, 345.90, 337.40, 338.75, 79399, 51652
SOLARINDS,20231009, 5205.05, 5320.40, 5112.00, 5163.50, 162649, 38276
SOLEX,20231009, 561.35, 569.45, 551.20, 552.60, 6000, 5600
SOMANYCERA,20231009, 686.30, 727.00, 670.55, 719.70, 70769, 33401
SOMATEX,20231009, 18.90, 19.25, 18.90, 18.90, 3170, -
SOMICONVEY,20231009, 61.35, 61.35, 61.35, 61.35, 31411, -
SONACOMS,20231009, 565.40, 566.00, 550.30, 555.10, 1172173, 807556
SONAMCLOCK,20231009, 64.70, 64.70, 62.30, 63.05, 183308, 169713
SONATSOFTW,20231009, 1033.00, 1051.05, 1025.60, 1042.90, 147140, 71243
SONUINFRA,20231009, 53.10, 53.95, 53.10, 53.95, 6000, 6000
SOTAC,20231009, 117.00, 121.00, 117.00, 120.95, 98400, 98400
SOTL,20231009, 318.00, 325.00, 313.00, 320.75, 64450, 28520
SOUTHBANK,20231009, 26.00, 26.20, 25.55, 25.75, 43329755, 17958605
SOUTHWEST,20231009, 130.00, 136.00, 129.00, 133.90, 28398, 6337
SPAL,20231009, 507.00, 517.90, 498.35, 510.60, 56363, 37380
SPANDANA,20231009, 800.00, 802.80, 781.15, 785.55, 63925, 24815
SPARC,20231009, 230.95, 230.95, 224.30, 227.40, 229126, 87897
SPCENET,20231009, 23.40, 24.70, 22.70, 23.30, 1354511, 778847
SPECIALITY,20231009, 204.00, 204.00, 197.00, 198.75, 34506, 14244
SPECTSTM,20231009, 126.30, 128.00, 125.00, 126.60, 15200, 11200
SPENCERS,20231009, 69.10, 69.45, 66.10, 66.90, 140457, 81458
SPENTEX,20231009, 2.25, 2.25, 2.20, 2.20, 20200, -
SPIC,20231009, 70.60, 70.90, 68.85, 69.35, 883675, 355996
SPLIL,20231009, 72.40, 72.40, 66.80, 69.45, 155845, 87034
SPLPETRO,20231009, 523.80, 533.30, 512.00, 518.50, 188430, 90398
SPMLINFRA,20231009, 51.50, 52.40, 51.50, 52.40, 101090, -
SPORTKING,20231009, 790.00, 804.40, 776.90, 784.00, 15236, 10663
SPTL,20231009, 1.25, 1.25, 1.25, 1.25, 109419, -
SPYL,20231009, 0.50, 0.55, 0.50, 0.55, 950, -
SREEL,20231009, 240.00, 242.25, 233.10, 234.10, 28358, 16980
SRF,20231009, 2228.00, 2231.15, 2198.00, 2206.40, 363638, 212315
SRGHFL,20231009, 256.95, 259.45, 247.90, 250.00, 4729, 3816
SRHHYPOLTD,20231009, 585.50, 593.80, 580.50, 585.95, 17538, 9215
SRIRAM,20231009, 9.50, 9.60, 9.15, 9.15, 72000, 72000
SRIVASAVI,20231009, 113.50, 115.40, 113.25, 113.25, 9000, 9000
SRPL,20231009, 1.25, 1.30, 1.20, 1.20, 3657621, -
SSFL,20231009, 113.70, 114.00, 113.00, 113.85, 18000, 15000
SSWL,20231009, 281.05, 292.80, 278.55, 286.15, 311540, 98352
STAR,20231009, 501.00, 506.00, 490.80, 500.65, 378268, 137288
STARCEMENT,20231009, 156.80, 157.75, 154.20, 155.90, 301517, 174679
STARHEALTH,20231009, 585.00, 591.70, 580.00, 582.40, 393696, 250519
STARPAPER,20231009, 221.75, 221.90, 217.75, 220.20, 68951, 39245
STARTECK,20231009, 149.10, 162.70, 149.10, 160.00, 4640, -
STCINDIA,20231009, 120.00, 120.00, 114.50, 115.15, 251523, 185944
STEELCAS,20231009, 681.30, 681.30, 662.05, 669.25, 26276, 8273
STEELCITY,20231009, 67.30, 67.30, 64.50, 65.50, 18177, 10723
STEELXIND,20231009, 8.70, 8.75, 7.80, 7.95, 8648486, 5927356
STEL,20231009, 210.00, 218.90, 210.00, 210.05, 3467, -
STERTOOLS,20231009, 373.00, 373.15, 350.10, 363.45, 40648, 17701
STLTECH,20231009, 155.70, 157.90, 153.10, 153.70, 690570, 312797
STOVEKRAFT,20231009, 567.20, 567.20, 552.20, 557.70, 114418, 57959
STYLAMIND,20231009, 1709.15, 1738.95, 1646.60, 1709.60, 56370, 28683
STYRENIX,20231009, 1070.00, 1103.00, 1061.00, 1086.35, 36635, 22330
SUBEXLTD,20231009, 31.10, 31.45, 30.05, 30.35, 3107186, 1464557
SUBROS,20231009, 383.30, 383.30, 371.10, 373.75, 57831, 30206
SUDARSCHEM,20231009, 478.00, 488.00, 470.70, 483.30, 107553, 48018
SUKHJITS,20231009, 431.00, 443.70, 427.80, 432.90, 10943, 6660
SULA,20231009, 465.35, 467.70, 459.00, 464.15, 298111, 125143
SUMEETINDS,20231009, 3.00, 3.20, 3.00, 3.20, 176419, -
SUMICHEM,20231009, 430.00, 433.85, 424.55, 425.40, 142320, 63733
SUMIT,20231009, 29.60, 31.25, 29.60, 31.20, 71819, -
SUMMITSEC,20231009, 981.50, 985.00, 951.00, 956.85, 7204, 4332
SUNDARAM,20231009, 3.40, 3.50, 3.30, 3.45, 1153806, -
SUNDARMFIN,20231009, 3178.95, 3200.00, 3130.35, 3181.95, 63174, 40491
SUNDARMHLD,20231009, 117.55, 120.00, 115.30, 116.50, 130040, 64458
SUNDRMBRAK,20231009, 530.00, 561.10, 530.00, 561.10, 14376, -
SUNDRMFAST,20231009, 1232.00, 1265.95, 1227.05, 1235.95, 65533, 34505
SUNFLAG,20231009, 197.00, 197.00, 191.05, 191.65, 199083, 67736
SUNPHARMA,20231009, 1111.00, 1133.80, 1109.00, 1123.05, 1080276, 615153
SUNTECK,20231009, 445.05, 447.95, 423.20, 432.95, 492936, 212900
SUNTV,20231009, 627.25, 627.25, 608.55, 611.45, 694670, 189805
SUPERHOUSE,20231009, 236.05, 246.15, 230.15, 236.40, 50510, 23298
SUPERSPIN,20231009, 8.20, 8.20, 7.75, 7.85, 42544, 25957
SUPRAJIT,20231009, 389.50, 396.85, 384.25, 391.35, 157477, 66470
SUPREMEENG,20231009, 0.80, 0.85, 0.80, 0.80, 162130, -
SUPREMEIND,20231009, 3900.00, 4048.00, 3882.05, 4011.80, 205823, 125347
SUPREMEINF,20231009, 25.70, 25.70, 24.45, 24.50, 9671, -
SUPRIYA,20231009, 269.90, 269.90, 262.10, 264.65, 188627, 84222
SURANASOL,20231009, 24.10, 24.10, 22.80, 23.15, 53442, -
SURANAT&P,20231009, 11.70, 11.70, 10.10, 11.05, 132162, 77929
SURANI,20231009, 295.00, 296.00, 295.00, 296.00, 8000, 8000
SURYALAXMI,20231009, 70.80, 70.80, 66.00, 66.60, 39767, 18291
SURYAROSNI,20231009, 493.90, 503.45, 480.40, 492.50, 340428, 165297
SURYODAY,20231009, 167.00, 168.90, 162.55, 167.45, 368766, 160915
SUTLEJTEX,20231009, 55.40, 56.00, 53.60, 54.40, 237918, 137102
SUULD,20231009, 7.55, 7.55, 7.45, 7.45, 43595, -
SUVEN,20231009, 70.55, 74.00, 70.05, 70.65, 683161, 272618
SUVENPHAR,20231009, 561.90, 568.70, 545.10, 565.90, 211392, 133031
SUVIDHAA,20231009, 4.60, 4.60, 4.30, 4.40, 164124, -
SUZLON,20231009, 28.20, 28.35, 27.65, 27.65, 151080200, 74950281
SVLL,20231009, 168.00, 174.00, 168.00, 173.45, 5628, -
SVPGLOB,20231009, 8.05, 8.50, 8.00, 8.00, 324615, -
SWANENERGY,20231009, 293.10, 293.10, 286.90, 290.20, 834149, 243518
SWARAJ,20231009, 104.65, 104.65, 104.65, 104.65, 4000, 4000
SWARAJENG,20231009, 1977.95, 1977.95, 1929.95, 1957.40, 9059, 4955
SWASTIK,20231009, 95.90, 96.00, 95.90, 96.00, 3600, 3600
SWELECTES,20231009, 598.30, 598.30, 571.85, 578.75, 34947, 22326
SWSOLAR,20231009, 335.00, 336.00, 324.55, 325.95, 236588, -
SYMPHONY,20231009, 866.00, 869.85, 860.15, 864.55, 17345, 9831
SYNCOMF,20231009, 9.40, 9.60, 8.90, 9.15, 6004554, 2675048
SYNGENE,20231009, 780.05, 790.65, 777.70, 779.90, 176196, 76540
SYNOPTICS,20231009, 124.00, 124.00, 120.00, 121.75, 15000, 10200
SYRMA,20231009, 625.00, 644.40, 606.30, 622.15, 1257559, 457275
SYSTANGO,20231009, 222.05, 223.65, 217.00, 219.95, 24000, 19200
TAINWALCHM,20231009, 136.95, 136.95, 130.70, 131.60, 11602, 7851
TAJGVK,20231009, 240.50, 244.00, 235.55, 236.55, 228850, 71219
TAKE,20231009, 21.60, 21.60, 20.75, 20.80, 159828, -
TALBROAUTO,20231009, 1024.05, 1040.00, 1003.20, 1006.00, 48704, 27608
TANLA,20231009, 1021.30, 1026.00, 985.25, 1021.40, 495169, 170124
TARACHAND,20231009, 138.80, 138.80, 126.00, 130.00, 214000, 150000
TARAPUR,20231009, 4.60, 4.80, 4.40, 4.80, 39272, -
TARC,20231009, 89.60, 91.40, 87.80, 89.20, 929826, 397679
TARMAT,20231009, 87.60, 89.60, 84.35, 86.15, 222660, 103598
TARSONS,20231009, 523.95, 523.95, 510.00, 511.15, 69814, 33507
TASTYBITE,20231009, 16572.00, 16572.00, 16100.00, 16282.35, 2866, 2027
TATACHEM,20231009, 1005.00, 1011.00, 996.35, 1004.35, 405937, 161649
TATACOFFEE,20231009, 252.00, 258.90, 251.80, 258.20, 530734, 192811
TATACOMM,20231009, 1835.15, 1835.20, 1799.00, 1807.25, 775466, 405512
TATACONSUM,20231009, 868.00, 883.85, 866.80, 880.65, 1200788, 574023
TATAELXSI,20231009, 7199.95, 7315.90, 7185.00, 7299.40, 84115, 41090
TATAINVEST,20231009, 3249.95, 3297.85, 3177.00, 3193.85, 91631, 35894
TATAMETALI,20231009, 923.00, 934.95, 916.95, 922.25, 100482, 41211
TATAMOTORS,20231009, 620.80, 622.00, 613.70, 617.35, 6381189, 3139214
TATAMTRDVR,20231009, 415.05, 416.90, 408.20, 409.10, 2076362, 1173545
TATAPOWER,20231009, 255.10, 255.95, 249.10, 250.00, 11210941, 4387168
TATASTEEL,20231009, 124.80, 124.90, 122.60, 123.85, 21457836, 8857712
TATASTLLP,20231009, 795.00, 795.00, 779.10, 784.85, 45501, 15031
TATVA,20231009, 1595.00, 1602.30, 1584.00, 1592.55, 17095, 11297
TBZ,20231009, 116.80, 121.00, 113.05, 115.10, 864473, 267462
TCI,20231009, 787.95, 792.90, 770.60, 784.35, 31686, 12520
TCIEXP,20231009, 1392.00, 1400.75, 1366.10, 1385.55, 89609, 60305
TCIFINANCE,20231009, 3.00, 3.20, 2.95, 3.20, 7591, -
TCNSBRANDS,20231009, 362.00, 366.00, 358.00, 361.70, 77751, 43117
TCPLPACK,20231009, 2108.00, 2187.45, 2108.00, 2158.90, 7041, 3665
TCS,20231009, 3645.05, 3679.00, 3631.00, 3638.35, 4233074, 2313193
TDPOWERSYS,20231009, 250.00, 256.50, 246.05, 254.85, 170614, 96249
TEAMLEASE,20231009, 2641.90, 2641.90, 2572.20, 2590.45, 14114, 8595
TECH,20231009, 33.44, 33.69, 32.66, 33.19, 21132, 10437
TECHIN,20231009, 12.00, 12.45, 11.80, 11.80, 3245, -
TECHM,20231009, 1203.25, 1227.75, 1202.15, 1212.65, 1451064, 700838
TECHNOE,20231009, 529.90, 531.10, 515.60, 521.10, 51089, 18931
TECILCHEM,20231009, 17.75, 17.75, 17.40, 17.40, 211, -
TEGA,20231009, 907.00, 907.50, 881.20, 884.40, 37067, 19452
TEJASNET,20231009, 888.00, 888.00, 865.10, 868.85, 491694, 247531
TEMBO,20231009, 238.75, 240.00, 232.85, 239.35, 45545, 15228
TERASOFT,20231009, 45.95, 45.95, 42.90, 44.35, 136070, 64508
TEXINFRA,20231009, 71.00, 71.00, 67.00, 68.05, 196218, 91989
TEXMOPIPES,20231009, 71.00, 71.00, 69.05, 69.45, 38188, -
TEXRAIL,20231009, 126.80, 128.00, 123.00, 124.25, 1452710, 711991
TFCILTD,20231009, 98.40, 98.40, 94.00, 94.25, 441024, 218650
TFL,20231009, 9.75, 9.95, 9.30, 9.80, 56517, 50809
TGBHOTELS,20231009, 9.80, 10.05, 9.60, 9.80, 69445, 35841
THANGAMAYL,20231009, 1325.00, 1350.10, 1276.00, 1328.25, 40050, 20368
THEINVEST,20231009, 81.90, 84.95, 80.30, 84.50, 20522, 12398
THEJO,20231009, 1675.00, 1700.00, 1675.00, 1694.45, 6600, 6300
THEMISMED,20231009, 1880.05, 1888.90, 1823.85, 1842.50, 26932, 18014
THERMAX,20231009, 3027.00, 3027.00, 2921.20, 2927.30, 71590, 44149
THOMASCOOK,20231009, 122.80, 124.95, 118.00, 122.10, 456947, -
THOMASCOTT,20231009, 123.70, 125.20, 122.00, 125.20, 101440, -
THYROCARE,20231009, 570.00, 576.35, 556.35, 564.75, 64675, 35377
TI,20231009, 212.85, 214.00, 206.85, 207.60, 296915, 143156
TIDEWATER,20231009, 1150.05, 1179.85, 1119.00, 1176.50, 46048, 20720
TIIL,20231009, 2002.30, 2018.00, 1960.00, 2008.45, 6895, 3027
TIINDIA,20231009, 2950.00, 2995.00, 2916.35, 2932.00, 230283, 179070
TIJARIA,20231009, 6.10, 6.25, 5.35, 5.90, 27030, 15528
TIL,20231009, 274.55, 292.00, 274.55, 282.00, 10994, -
TIMESGTY,20231009, 66.35, 75.60, 66.35, 71.90, 115350, 36750
TIMETECHNO,20231009, 142.70, 144.70, 140.10, 141.25, 1016129, 445224
TIMKEN,20231009, 3059.95, 3070.85, 2981.00, 2991.75, 43826, 26497
TINPLATE,20231009, 388.05, 391.95, 383.10, 386.05, 103016, 34019
TIPSFILMS,20231009, 561.90, 561.90, 536.20, 544.25, 194, -
TIPSINDLTD,20231009, 305.55, 309.20, 301.15, 303.80, 63071, 29789
TIRUMALCHM,20231009, 210.00, 210.70, 206.55, 207.35, 250899, 133920
TIRUPATI,20231009, 369.05, 369.05, 369.05, 369.05, 1000, 1000
TIRUPATIFL,20231009, 10.20, 10.20, 10.20, 10.20, 205722, -
TITAGARH,20231009, 759.95, 762.25, 735.10, 742.75, 700469, 320778
TITAN,20231009, 3294.70, 3296.00, 3249.05, 3267.50, 822467, 307006
TMB,20231009, 556.90, 568.00, 548.00, 557.45, 163475, 66163
TNIDETF,20231009, 67.69, 67.69, 66.30, 66.62, 7856, 4464
TNPETRO,20231009, 91.30, 91.30, 86.50, 86.95, 347484, 164428
TNPL,20231009, 254.00, 254.00, 247.05, 249.60, 291218, 145214
TNTELE,20231009, 7.90, 7.95, 7.60, 7.70, 7419, -
TOKYOPLAST,20231009, 111.90, 115.90, 105.00, 109.00, 197990, 91607
TORNTPHARM,20231009, 1880.00, 1906.20, 1877.35, 1890.65, 169472, 71511
TORNTPOWER,20231009, 716.00, 725.00, 708.35, 723.60, 359663, 274393
TOTAL,20231009, 115.35, 136.45, 115.35, 131.60, 14829, 7386
TOUCHWOOD,20231009, 143.20, 143.20, 136.05, 136.05, 684, -
TPLPLASTEH,20231009, 43.80, 46.00, 42.15, 43.45, 149789, 74572
TRACXN,20231009, 74.90, 74.90, 72.00, 72.35, 289308, 168789
TREEHOUSE,20231009, 20.10, 20.10, 18.70, 18.70, 169363, 129335
TREJHARA,20231009, 125.10, 125.10, 125.00, 125.10, 42753, -
TREL,20231009, 42.15, 42.30, 40.90, 41.35, 482872, 285342
TRENT,20231009, 2035.00, 2089.45, 2032.40, 2079.05, 487722, 286381
TRF,20231009, 240.00, 240.00, 230.20, 233.25, 65546, 31740
TRIDENT,20231009, 37.45, 37.60, 36.60, 36.70, 12538190, 4970073
TRIDHYA,20231009, 41.25, 42.90, 41.25, 41.75, 42000, 33000
TRIGYN,20231009, 124.50, 126.00, 121.75, 122.30, 209215, 91019
TRIL,20231009, 171.10, 171.10, 163.60, 166.10, 804802, 376726
TRITURBINE,20231009, 412.55, 412.60, 400.35, 401.95, 288850, 148280
TRIVENI,20231009, 382.55, 385.30, 374.60, 376.10, 678429, 235042
TRU,20231009, 63.00, 67.80, 61.20, 64.40, 9150723, 2442868
TTKHLTCARE,20231009, 1101.20, 1135.15, 1101.20, 1122.50, 7208, 4637
TTKPRESTIG,20231009, 769.00, 783.65, 758.65, 771.35, 105676, 65192
TTL,20231009, 94.50, 94.50, 90.25, 90.30, 10580, 7404
TTML,20231009, 97.60, 97.65, 94.05, 94.75, 4983666, 2200573
TV18BRDCST,20231009, 45.50, 45.70, 43.75, 44.00, 11677025, 4745831
TVSELECT,20231009, 349.00, 349.60, 338.60, 341.70, 48022, 22881
TVSHLTD,20231009, 5465.65, 5535.00, 5298.00, 5504.95, 5776, 4239
TVSHLTD,20231009, 10.35, 10.45, 10.35, 10.35, 344531, 344031
TVSMOTOR,20231009, 1499.00, 1533.85, 1495.05, 1522.50, 1131037, 497853
TVSSCS,20231009, 215.00, 215.00, 210.05, 210.95, 1103443, 611329
TVSSRICHAK,20231009, 3401.00, 3570.00, 3379.80, 3545.80, 37969, 18932
TVTODAY,20231009, 215.65, 215.65, 207.70, 209.15, 257155, 157134
TVVISION,20231009, 3.70, 3.70, 3.70, 3.70, 1812, -
UBL,20231009, 1554.00, 1595.00, 1553.95, 1564.00, 564001, 158374
UCAL,20231009, 134.20, 134.20, 132.00, 132.10, 6522, -
UCL,20231009, 63.00, 67.95, 63.00, 67.50, 160000, 160000
UCOBANK,20231009, 42.00, 42.35, 40.05, 40.40, 33707194, 9189765
UDAICEMENT,20231009, 31.00, 31.40, 30.60, 30.75, 945225, 492558
UDS,20231009, 280.00, 283.00, 276.25, 281.40, 249537, 141693
UFLEX,20231009, 440.00, 440.95, 431.00, 433.50, 121960, 65812
UFO,20231009, 115.55, 122.95, 115.10, 122.95, 531188, -
UGARSUGAR,20231009, 105.05, 113.70, 104.85, 108.60, 1348949, 376388
UGROCAP,20231009, 275.40, 275.40, 268.10, 268.75, 141630, 80357
UJAAS,20231009, 2.50, 2.55, 2.50, 2.50, 279529, -
UJJIVAN,20231009, 584.85, 587.00, 570.00, 576.20, 834872, 394255
UJJIVANSFB,20231009, 60.40, 60.40, 56.85, 57.35, 47825548, 12313188
ULTRACEMCO,20231009, 8170.05, 8199.85, 8087.20, 8110.10, 152525, 92990
UMA,20231009, 33.05, 33.05, 32.30, 32.35, 16000, 16000
UMAEXPORTS,20231009, 50.05, 50.05, 48.45, 49.00, 59667, 40376
UMANGDAIRY,20231009, 72.45, 72.45, 68.10, 68.80, 36277, 22710
UMESLTD,20231009, 6.45, 6.45, 6.45, 6.45, 1362, -
UNICHEMLAB,20231009, 414.00, 419.30, 400.30, 410.05, 32339, 21420
UNIDT,20231009, 232.55, 232.55, 219.30, 224.15, 21369, 12797
UNIENTER,20231009, 161.05, 161.95, 158.10, 158.95, 3677, 2686
UNIHEALTH,20231009, 125.00, 125.50, 122.05, 122.05, 9000, 9000
UNIINFO,20231009, 26.15, 31.50, 25.55, 27.20, 191161, 92385
UNIONBANK,20231009, 102.50, 103.75, 99.00, 99.35, 33400853, 14201094
UNIPARTS,20231009, 569.00, 571.40, 561.45, 564.40, 135222, 88998
UNITECH,20231009, 2.30, 2.30, 2.30, 2.30, 1643579, -
UNITEDPOLY,20231009, 100.65, 109.70, 100.65, 102.05, 26334, -
UNITEDTEA,20231009, 314.85, 317.00, 313.00, 316.25, 1011, 731
UNIVAFOODS,20231009, 5.50, 5.50, 5.50, 5.50, 1000, -
UNIVASTU,20231009, 108.20, 122.70, 104.20, 115.35, 1035995, 326674
UNIVCABLES,20231009, 504.85, 506.50, 476.20, 503.95, 77356, 45083
UNIVPHOTO,20231009, 411.00, 425.00, 411.00, 415.80, 916, 545
UNOMINDA,20231009, 592.05, 599.00, 585.40, 596.40, 195667, 109092
UPL,20231009, 606.55, 610.95, 598.30, 609.95, 1866768, 1013820
URAVI,20231009, 231.55, 254.00, 231.55, 242.85, 4404, 2170
URBAN,20231009, 139.45, 147.95, 135.50, 140.00, 26400, 22800
URJA,20231009, 9.80, 9.95, 9.70, 9.75, 5210998, 2264387
USASEEDS,20231009, 358.10, 370.00, 358.10, 367.50, 1800, 1800
USHAMART,20231009, 331.50, 332.35, 325.00, 327.80, 205667, 136355
USK,20231009, 37.35, 37.40, 36.00, 36.50, 488767, 239669
UTIAMC,20231009, 770.15, 789.70, 770.15, 779.45, 65908, 30480
UTKARSHBNK,20231009, 57.10, 57.30, 53.05, 54.05, 19141335, 7678946
UTTAMSUGAR,20231009, 412.45, 419.00, 403.25, 407.00, 121209, 35789
V2RETAIL,20231009, 174.90, 174.90, 168.65, 169.25, 23291, -
VADILALIND,20231009, 2540.00, 2540.00, 2465.60, 2477.85, 4420, 1858
VAIBHAVGBL,20231009, 421.25, 421.25, 408.05, 409.65, 204774, 89573
VAISHALI,20231009, 131.00, 135.20, 128.50, 133.55, 292483, 201450
VAKRANGEE,20231009, 17.00, 17.00, 16.30, 16.45, 7832985, 3140054
VALIANTLAB,20231009, 170.50, 173.95, 162.10, 167.55, 1320242, -
VALIANTORG,20231009, 472.60, 472.60, 459.75, 461.55, 52568, 28687
VARDHACRLC,20231009, 53.10, 53.75, 52.45, 52.75, 38509, 26002
VARDMNPOLY,20231009, 54.60, 54.65, 51.15, 54.05, 10652, -
VARROC,20231009, 494.00, 494.30, 477.00, 480.65, 252126, 107293
VASCONEQ,20231009, 72.45, 78.50, 69.40, 73.80, 21696447, 4165686
VASWANI,20231009, 27.85, 28.25, 26.25, 26.35, 59736, -
VBL,20231009, 918.00, 932.00, 911.10, 928.95, 858676, 464651
VCL,20231009, 1.95, 2.10, 1.85, 1.90, 5036073, 2845558
VEDL,20231009, 219.95, 221.20, 217.35, 218.95, 5142409, 2310657
VELS,20231009, 122.15, 128.00, 122.15, 126.00, 6000, 4800
VENKEYS,20231009, 2040.00, 2069.00, 2039.95, 2051.25, 50470, 25875
VENUSPIPES,20231009, 1299.90, 1299.90, 1235.00, 1242.80, 165872, 72082
VENUSREM,20231009, 229.00, 235.00, 225.00, 226.00, 21048, 14203
VERANDA,20231009, 188.00, 189.80, 185.30, 188.20, 28405, 16292
VERTOZ,20231009, 295.80, 301.95, 287.35, 295.60, 359293, 141003
VESUVIUS,20231009, 3052.00, 3061.00, 2990.00, 2999.85, 19384, 17797
VETO,20231009, 125.60, 125.60, 122.05, 122.50, 97994, 48956
VGUARD,20231009, 291.80, 291.95, 281.00, 282.75, 269905, 148189
VHL,20231009, 2997.65, 3005.90, 2942.00, 2945.15, 1083, 715
VIAZ,20231009, 42.00, 42.00, 42.00, 42.00, 2000, 2000
VICEROY,20231009, 2.50, 2.70, 2.50, 2.70, 91785, -
VIDHIING,20231009, 442.95, 442.95, 424.00, 430.00, 21438, 10433
VIJAYA,20231009, 488.00, 544.00, 487.85, 502.60, 865205, 207798
VIJIFIN,20231009, 1.95, 1.95, 1.85, 1.90, 104555, -
VIKASECO,20231009, 3.60, 3.65, 3.60, 3.60, 2102622, -
VIKASLIFE,20231009, 5.00, 5.00, 4.65, 4.80, 46106478, 16239712
VILINBIO,20231009, 22.90, 23.05, 22.05, 22.65, 20000, 20000
VIMTALABS,20231009, 553.00, 557.55, 540.05, 546.75, 30853, 11745
VINATIORGA,20231009, 1856.05, 1856.05, 1820.20, 1825.35, 15131, 8870
VINDHYATEL,20231009, 2222.20, 2222.20, 2099.15, 2205.60, 13383, 6238
VINEETLAB,20231009, 49.85, 50.90, 48.50, 49.15, 102763, 7436
VINNY,20231009, 3.25, 3.35, 3.20, 3.35, 881189, -
VINSYS,20231009, 276.45, 278.50, 270.00, 277.15, 16000, 9000
VINYAS,20231009, 363.80, 363.80, 352.55, 363.80, 362400, 354400
VINYLINDIA,20231009, 437.00, 447.00, 429.05, 432.25, 51151, 28775
VIPCLOTHNG,20231009, 53.90, 57.45, 52.80, 53.35, 3805160, 1816285
VIPIND,20231009, 664.20, 685.00, 662.25, 673.35, 1186998, 476557
VIPULLTD,20231009, 15.35, 15.90, 14.65, 14.80, 212228, 144792
VIRINCHI,20231009, 34.60, 35.30, 33.80, 34.60, 87772, -
VISAKAIND,20231009, 88.00, 89.00, 86.70, 86.90, 253679, 136842
VISASTEEL,20231009, 16.60, 16.60, 16.60, 16.60, 50070, -
VISESHINFO,20231009, 0.45, 0.50, 0.45, 0.45, 5042939, -
VISHAL,20231009, 21.25, 21.65, 20.05, 20.35, 1647481, 468942
VISHNU,20231009, 328.95, 334.40, 315.00, 329.05, 105947, 54557
VISHWARAJ,20231009, 18.25, 18.25, 17.50, 17.70, 1400375, 685574
VITAL,20231009, 96.00, 96.05, 95.00, 96.05, 7200, 7200
VIVIANA,20231009, 142.90, 146.00, 140.00, 146.00, 14000, 10000
VIVIDHA,20231009, 0.95, 1.00, 0.90, 0.95, 1923874, 608158
VLEGOV,20231009, 33.00, 33.20, 32.20, 32.40, 136301, 101517
VLSFINANCE,20231009, 195.50, 195.50, 190.90, 192.05, 25802, 13305
VMARCIND,20231009, 117.00, 117.00, 111.15, 112.50, 69000, 51000
VMART,20231009, 2021.65, 2021.65, 1942.20, 1964.60, 30226, 15335
VOLTAMP,20231009, 4411.50, 4411.50, 4290.00, 4302.35, 18611, 9062
VOLTAS,20231009, 872.00, 882.00, 848.15, 852.90, 1129737, 464570
VPRPL,20231009, 170.95, 177.85, 166.75, 173.85, 2284946, 847198
VRLLOG,20231009, 681.95, 684.40, 667.25, 674.20, 281482, 204602
VSCL,20231009, 39.60, 39.60, 39.60, 39.60, 3000, 3000
VSSL,20231009, 205.85, 206.80, 198.00, 204.90, 123608, 73739
VSTIND,20231009, 3315.00, 3377.45, 3305.55, 3333.40, 4989, 2418
VSTTILLERS,20231009, 3850.00, 3866.00, 3765.55, 3792.10, 15861, 7936
VTL,20231009, 374.10, 395.00, 370.30, 386.45, 222600, 99238
WABAG,20231009, 454.00, 455.05, 445.60, 448.00, 256358, 150278
WALCHANNAG,20231009, 131.95, 131.95, 131.95, 131.95, 71825, -
WANBURY,20231009, 76.05, 76.05, 73.70, 76.05, 132196, -
WATERBASE,20231009, 80.45, 80.45, 77.50, 77.80, 107923, 60232
WEALTH,20231009, 365.15, 397.75, 355.00, 360.65, 10717, 4830
WEBELSOLAR,20231009, 161.35, 173.40, 155.00, 166.10, 1190589, 546791
WEIZMANIND,20231009, 105.40, 111.10, 104.00, 104.65, 11906, 6356
WEL,20231009, 276.00, 280.00, 263.05, 275.20, 1639, -
WELCORP,20231009, 380.05, 384.00, 376.15, 381.50, 561834, 247816
WELENT,20231009, 279.15, 280.70, 271.35, 274.75, 107644, 54596
WELINV,20231009, 470.00, 588.10, 470.00, 562.00, 16184, 6558
WELSPUNIND,20231009, 117.90, 118.60, 115.65, 117.15, 827096, 363898
WENDT,20231009, 14400.70, 14850.00, 14280.15, 14790.90, 885, 530
WESTLIFE,20231009, 942.30, 948.25, 925.00, 935.85, 177279, 146632
WEWIN,20231009, 57.85, 57.85, 57.85, 57.85, 1093, -
WHEELS,20231009, 777.05, 787.85, 760.65, 764.25, 16602, 8072
WHIRLPOOL,20231009, 1626.00, 1652.00, 1620.00, 1647.00, 202698, 170512
WILLAMAGOR,20231009, 28.35, 28.50, 26.10, 26.85, 72756, 15553
WINDLAS,20231009, 368.15, 370.80, 357.60, 364.45, 53966, 27166
WINDMACHIN,20231009, 72.55, 73.00, 72.55, 73.00, 38356, -
WINSOME,20231009, 7.10, 7.10, 7.10, 7.10, 4054, 4054
WIPL,20231009, 109.00, 109.00, 104.50, 104.70, 26484, -
WIPRO,20231009, 404.20, 411.00, 403.40, 405.60, 3015225, 1179980
WOCKPHARMA,20231009, 230.00, 232.00, 226.55, 227.70, 653348, 318312
WONDERLA,20231009, 772.05, 834.00, 765.05, 820.90, 314302, 89240
WORTH,20231009, 108.40, 108.90, 105.25, 106.70, 46456, 8799
WSI,20231009, 104.90, 104.90, 101.00, 101.15, 9239, -
WSTCSTPAPR,20231009, 706.40, 706.40, 675.50, 679.10, 250800, 107114
XCHANGING,20231009, 91.70, 91.70, 88.05, 88.60, 346898, 160454
XELPMOC,20231009, 85.45, 85.45, 82.85, 83.05, 17545, 9290
XPROINDIA,20231009, 1066.25, 1086.00, 1040.00, 1048.00, 36325, 17062
YAARI,20231009, 10.55, 10.85, 10.40, 10.45, 143007, -
YASHO,20231009, 1770.00, 1815.20, 1750.30, 1796.35, 11221, 7074
YATHARTH,20231009, 389.90, 408.00, 386.00, 392.20, 825731, 211917
YATRA,20231009, 139.85, 139.85, 132.50, 137.55, 502791, 255763
YCCL,20231009, 27.50, 27.50, 26.80, 26.90, 18000, 15000
YESBANK,20231009, 17.20, 17.20, 16.85, 16.90, 103002467, 42658841
YUDIZ,20231009, 150.75, 152.95, 148.00, 148.00, 9600, 8800
YUKEN,20231009, 705.20, 712.45, 702.70, 703.90, 5638, 4401
ZAGGLE,20231009, 211.10, 224.80, 208.35, 211.10, 2015207, 644114
ZEAL,20231009, 170.25, 174.75, 170.25, 174.70, 8400, 7200
ZEEL,20231009, 257.55, 259.15, 255.45, 256.70, 2847215, 801827
ZEELEARN,20231009, 5.80, 5.80, 5.80, 5.80, 136233, -
ZEEMEDIA,20231009, 13.05, 13.35, 12.60, 12.95, 8431397, 3743902
ZENITHEXPO,20231009, 112.00, 113.90, 107.20, 110.00, 647, 638
ZENITHSTL,20231009, 4.00, 4.40, 3.95, 4.40, 688411, 622034
ZENSARTECH,20231009, 523.45, 526.00, 512.20, 525.05, 721023, 253996
ZENTEC,20231009, 727.70, 727.70, 703.00, 709.70, 110399, -
ZFCVINDIA,20231009, 14805.00, 15041.70, 14620.00, 14972.20, 4431, 2482
ZIMLAB,20231009, 118.00, 118.00, 114.30, 114.90, 188855, 99880
ZODIAC,20231009, 135.10, 135.15, 125.00, 128.65, 27092, 18749
ZODIACLOTH,20231009, 137.00, 138.85, 128.00, 128.75, 73562, 38222
ZOMATO,20231009, 103.80, 105.25, 101.00, 103.90, 53811658, 16140003
ZOTA,20231009, 387.45, 387.45, 372.50, 375.20, 30076, 21658
ZUARI,20231009, 155.40, 155.40, 149.00, 150.35, 83395, 42625
ZUARIIND,20231009, 148.50, 148.55, 144.10, 145.60, 38649, 22569
ZYDUSLIFE,20231009, 600.05, 607.20, 595.10, 601.20, 720986, 381569
ZYDUSWELL,20231009, 1551.55, 1560.95, 1521.15, 1548.55, 29457, 16297
