TICKER, DATE, OPEN, HIGH, LOW, CLOSE, VOLUME, OI
20MICRONS,20231006, 154.45, 161.95, 152.10, 157.65, 180785, -
21STCENMGM,20231006, 19.50, 19.75, 19.15, 19.20, 6299, 5166
360ONE,20231006, 496.65, 509.80, 496.40, 507.70, 471369, 343094
3IINFOLTD,20231006, 41.45, 41.80, 40.80, 41.25, 672416, 285385
3MINDIA,20231006, 30950.00, 31399.75, 30850.00, 31150.10, 1739, 379
3PLAND,20231006, 29.00, 29.00, 28.95, 28.95, 34532, 31531
5PAISA,20231006, 433.20, 436.75, 425.15, 429.10, 45726, 17788
63MOONS,20231006, 272.00, 275.25, 261.75, 264.25, 116442, 62756
A2ZINFRA,20231006, 9.85, 9.85, 9.45, 9.55, 99431, -
AAATECH,20231006, 58.90, 58.90, 57.30, 57.90, 27789, 15791
AAKASH,20231006, 5.90, 5.90, 5.80, 5.85, 16678, -
AAREYDRUGS,20231006, 45.20, 46.85, 44.60, 44.85, 52739, -
AARON,20231006, 284.65, 284.65, 259.00, 264.15, 6596, -
AARTECH,20231006, 166.45, 173.00, 162.30, 171.30, 18779, -
AARTIDRUGS,20231006, 525.25, 531.60, 521.00, 523.40, 138393, 43958
AARTIIND,20231006, 489.00, 490.90, 484.05, 488.60, 717026, 375429
AARTIPHARM,20231006, 431.00, 448.85, 423.30, 424.45, 217745, 119134
AARTIPP,20231006, 302.95, 313.00, 302.95, 313.00, 83, 83
AARTISURF,20231006, 642.65, 642.65, 625.95, 627.30, 4710, 3027
AARVEEDEN,20231006, 23.10, 24.35, 23.10, 24.00, 11959, 7826
AARVI,20231006, 127.90, 136.10, 126.15, 131.70, 128294, 74440
AATMAJ,20231006, 46.00, 46.30, 45.00, 46.10, 42000, 32000
AAVAS,20231006, 1754.95, 1772.00, 1718.65, 1725.60, 128151, 70705
ABAN,20231006, 45.95, 47.15, 45.00, 45.30, 128641, 77630
ABB,20231006, 4080.05, 4145.00, 4068.00, 4133.10, 207353, 97454
ABBOTINDIA,20231006, 22899.00, 23118.00, 22829.95, 23036.40, 5532, 2619
ABCAPITAL,20231006, 175.90, 182.15, 175.75, 181.50, 3983093, 1699314
ABCOTS,20231006, 94.00, 94.20, 94.00, 94.20, 8000, 8000
ABFRL,20231006, 221.00, 221.65, 218.10, 219.00, 1073409, 295885
ABMINTLLTD,20231006, 35.30, 35.30, 35.30, 35.30, 13, -
ABSLAMC,20231006, 437.20, 437.70, 429.00, 433.90, 133711, 81435
ABSLLIQUID,20231006, 1000.00, 1000.01, 1000.00, 1000.00, 7275, 5476
ACC,20231006, 1997.25, 2021.70, 1997.25, 2009.95, 153026, 61000
ACCELYA,20231006, 1618.50, 1693.00, 1588.05, 1679.75, 94263, 33148
ACCURACY,20231006, 8.30, 8.50, 8.20, 8.50, 378262, -
ACE,20231006, 694.95, 723.00, 687.00, 711.90, 373799, 146598
ACEINTEG,20231006, 36.45, 36.45, 34.00, 35.25, 807, 394
ACI,20231006, 599.50, 604.95, 586.05, 587.50, 154870, 93938
ACL,20231006, 98.50, 99.80, 97.05, 98.50, 24943, 17880
ADANIENSOL,20231006, 810.35, 815.90, 804.50, 806.00, 265517, 115724
ADANIENT,20231006, 2466.35, 2514.95, 2466.05, 2478.10, 1510035, 335015
ADANIGREEN,20231006, 965.00, 968.95, 958.55, 961.25, 359021, 175342
ADANIPORTS,20231006, 830.00, 836.50, 826.40, 830.75, 1877058, 733167
ADANIPOWER,20231006, 366.40, 371.00, 363.00, 364.30, 2349309, 846453
ADFFOODS,20231006, 212.50, 214.95, 211.40, 214.30, 60263, 30466
ADL,20231006, 74.60, 80.00, 74.60, 79.40, 2704, -
ADORWELD,20231006, 1110.00, 1115.95, 1100.00, 1108.60, 8671, 5027
ADROITINFO,20231006, 23.90, 23.90, 21.90, 22.55, 161126, 124392
ADSL,20231006, 127.40, 128.55, 125.90, 126.40, 136858, 63836
ADVANIHOTR,20231006, 98.45, 99.10, 96.10, 96.90, 258649, 122085
ADVENZYMES,20231006, 328.00, 331.70, 323.50, 325.50, 133322, 71145
AEGISCHEM,20231006, 330.90, 332.00, 325.80, 326.85, 141079, 72228
AEROFLEX,20231006, 148.40, 148.95, 146.20, 146.65, 450908, 284131
AETHER,20231006, 970.00, 970.00, 960.00, 961.90, 16863, 9662
AFFLE,20231006, 1070.00, 1099.00, 1070.00, 1092.95, 212894, 132939
AGARIND,20231006, 889.70, 940.00, 883.35, 922.20, 114377, 30379
AGARWALFT,20231006, 43.30, 43.30, 43.30, 43.30, 6000, 6000
AGI,20231006, 934.70, 963.00, 933.85, 945.85, 262933, 60927
AGRITECH,20231006, 180.10, 189.10, 180.10, 187.95, 6239, -
AGROPHOS,20231006, 38.60, 38.80, 38.40, 38.60, 27377, 21717
AGSTRA,20231006, 62.45, 62.60, 61.10, 61.85, 225214, 114114
AGUL,20231006, 63.00, 65.00, 63.00, 65.00, 10000, 6000
AHL,20231006, 348.00, 351.65, 346.05, 350.15, 1198945, 170591
AHLADA,20231006, 112.40, 131.75, 111.80, 123.15, 509550, 169592
AHLEAST,20231006, 137.45, 142.90, 137.45, 140.95, 5879, 3858
AHLUCONT,20231006, 713.70, 740.40, 710.20, 730.10, 116857, 38701
AIAENG,20231006, 3457.00, 3457.00, 3406.00, 3440.15, 48245, 30077
AIRAN,20231006, 24.55, 25.10, 24.15, 24.45, 157680, -
AIROLAM,20231006, 112.05, 116.90, 111.15, 115.40, 8379, -
AISL,20231006, 60.25, 60.25, 59.20, 59.20, 4800, 4800
AJANTPHARM,20231006, 1759.55, 1766.45, 1741.85, 1747.45, 163758, 125722
AJMERA,20231006, 375.00, 397.45, 371.55, 390.65, 164139, 61583
AJOONI,20231006, 4.50, 4.70, 4.45, 4.60, 481678, 335983
AKASH,20231006, 30.95, 30.95, 29.20, 29.85, 15400, 10557
AKG,20231006, 23.90, 23.90, 23.10, 23.45, 48161, 15103
AKI,20231006, 12.80, 12.80, 12.80, 12.80, 4065, -
AKSHAR,20231006, 6.50, 6.50, 6.10, 6.35, 19811, -
AKSHARCHEM,20231006, 280.50, 285.00, 276.05, 279.85, 5908, 3627
AKSHOPTFBR,20231006, 11.20, 11.45, 11.05, 11.20, 308324, -
AKZOINDIA,20231006, 2492.00, 2549.55, 2492.00, 2507.85, 9268, 4494
ALANKIT,20231006, 11.85, 11.90, 11.40, 11.55, 1996873, 1371571
ALBERTDAVD,20231006, 842.00, 856.95, 835.00, 839.40, 28636, 14774
ALEMBICLTD,20231006, 77.30, 77.75, 76.80, 77.10, 179911, 79759
ALICON,20231006, 854.00, 859.95, 840.00, 849.20, 9003, 4690
ALKALI,20231006, 111.50, 116.60, 111.00, 116.45, 151892, 79932
ALKEM,20231006, 3457.50, 3535.00, 3457.50, 3522.50, 259891, 178550
ALKYLAMINE,20231006, 2310.00, 2316.00, 2297.20, 2309.30, 18215, 7462
ALLCARGO,20231006, 273.50, 275.00, 271.10, 272.35, 117181, 70653
ALLETEC,20231006, 172.00, 178.85, 169.00, 172.75, 72000, 38400
ALLSEC,20231006, 612.45, 612.45, 602.00, 607.50, 18422, 12222
ALMONDZ,20231006, 85.10, 86.80, 84.20, 85.45, 12947, 7585
ALOKINDS,20231006, 18.50, 18.90, 18.30, 18.70, 8722732, 2446634
ALPA,20231006, 76.75, 79.20, 73.80, 75.40, 221542, 130913
ALPHAGEO,20231006, 289.85, 292.65, 286.00, 288.80, 9866, 6239
ALPSINDUS,20231006, 2.50, 2.50, 2.30, 2.30, 66489, -
AMARAJABAT,20231006, 645.00, 646.05, 640.00, 644.55, 325211, 182891
AMBANIORG,20231006, 116.00, 118.00, 114.50, 115.30, 20000, 14000
AMBER,20231006, 2944.00, 2964.70, 2895.00, 2920.90, 73303, 50156
AMBICAAGAR,20231006, 31.45, 31.50, 31.10, 31.50, 3456, -
AMBIKCO,20231006, 1525.60, 1537.55, 1514.60, 1529.95, 6745, 4490
AMBUJACEM,20231006, 434.00, 437.00, 431.80, 435.70, 1547935, 756835
AMDIND,20231006, 56.70, 56.70, 54.55, 55.45, 30211, 11459
AMEYA,20231006, 49.70, 49.70, 49.70, 49.70, 4000, 4000
AMIORG,20231006, 1185.95, 1202.95, 1181.65, 1196.80, 47977, 23570
AMJLAND,20231006, 30.90, 31.40, 30.60, 31.10, 28870, 19330
AMRUTANJAN,20231006, 617.50, 621.25, 610.75, 615.25, 19504, 8372
ANANDRATHI,20231006, 1807.00, 1834.90, 1771.00, 1819.65, 110414, 57843
ANANTRAJ,20231006, 237.00, 237.60, 232.25, 234.20, 1229040, 734189
ANDHRAPAP,20231006, 601.55, 601.55, 586.05, 587.90, 138514, 66839
ANDHRSUGAR,20231006, 117.90, 119.90, 116.70, 117.45, 226643, 96980
ANDREWYU,20231006, 33.90, 34.70, 33.30, 33.55, 625006, 241616
ANGELONE,20231006, 2001.00, 2042.95, 1960.00, 1977.65, 1264162, 329471
ANIKINDS,20231006, 37.60, 38.80, 37.60, 38.45, 16099, -
ANKITMETAL,20231006, 5.00, 5.00, 5.00, 5.00, 12330, -
ANLON,20231006, 306.00, 306.00, 306.00, 306.00, 3600, 3600
ANMOL,20231006, 42.80, 43.55, 42.10, 43.05, 106141, -
ANNAPURNA,20231006, 280.00, 283.95, 275.05, 282.00, 109000, 77000
ANTGRAPHIC,20231006, 0.75, 0.80, 0.75, 0.75, 178197, -
ANUP,20231006, 1980.00, 2020.00, 1947.00, 2002.80, 18836, 10739
ANURAS,20231006, 903.25, 904.70, 887.00, 891.05, 111019, 40055
APARINDS,20231006, 5422.00, 5449.00, 5367.90, 5438.40, 51194, 20927
APCL,20231006, 182.00, 185.10, 182.00, 183.15, 9422, 5674
APCOTEXIND,20231006, 510.00, 510.00, 497.35, 500.60, 29052, 19061
APEX,20231006, 223.00, 226.00, 221.55, 224.40, 65040, 30484
APLAPOLLO,20231006, 1616.80, 1640.75, 1605.00, 1619.30, 394310, 221856
APLLTD,20231006, 775.90, 787.30, 770.45, 772.85, 621193, 570305
APOLLO,20231006, 72.00, 74.50, 66.25, 66.70, 9636116, 3322794
APOLLOHOSP,20231006, 5050.00, 5084.00, 5028.80, 5060.25, 407753, 258522
APOLLOPIPE,20231006, 689.40, 700.80, 689.00, 691.30, 48066, 24190
APOLLOTYRE,20231006, 373.45, 382.15, 372.70, 380.40, 3020445, 942718
APOLSINHOT,20231006, 1557.05, 1583.40, 1557.05, 1583.40, 396, -
APTECHT,20231006, 282.90, 285.85, 278.15, 283.75, 136764, 63473
APTUS,20231006, 296.95, 298.10, 291.90, 292.35, 444657, 298061
ARCHIDPLY,20231006, 73.75, 73.75, 72.70, 72.90, 31697, -
ARCHIES,20231006, 25.25, 25.55, 25.10, 25.15, 15440, -
ARENTERP,20231006, 40.10, 41.85, 38.60, 39.90, 6734, -
ARHAM,20231006, 108.50, 108.50, 101.00, 101.20, 15000, 12000
ARIES,20231006, 176.25, 184.25, 176.05, 180.45, 149098, 46562
ARIHANTACA,20231006, 123.85, 125.00, 123.85, 125.00, 4800, 3200
ARIHANTCAP,20231006, 73.95, 76.50, 73.35, 75.60, 1009063, 561966
ARIHANTSUP,20231006, 185.65, 188.40, 183.45, 187.55, 113990, 37822
ARISTO,20231006, 74.25, 76.40, 74.20, 75.30, 48000, 46400
ARMANFIN,20231006, 2324.00, 2339.00, 2286.85, 2317.95, 6154, 3087
AROGRANITE,20231006, 57.85, 64.70, 57.10, 62.50, 831971, 367136
ARROWGREEN,20231006, 400.80, 400.80, 400.80, 400.80, 9323, 9323
ARSHIYA,20231006, 4.20, 4.20, 4.20, 4.20, 24248, -
ARSSINFRA,20231006, 19.25, 20.25, 19.25, 19.45, 4619, -
ARTEMISMED,20231006, 156.25, 157.20, 152.65, 154.65, 174002, 97263
ARTNIRMAN,20231006, 52.00, 52.00, 50.00, 50.90, 1997, -
ARVEE,20231006, 106.15, 112.90, 106.15, 112.65, 1168, 518
ARVIND,20231006, 182.20, 185.80, 181.45, 183.70, 1079445, 453904
ARVINDFASN,20231006, 331.45, 336.95, 330.55, 331.90, 300740, 230952
ARVSMART,20231006, 344.00, 352.75, 342.05, 343.85, 81222, 42438
ASAHIINDIA,20231006, 617.45, 624.25, 612.00, 614.30, 55365, 23651
ASAHISONG,20231006, 250.25, 255.60, 247.25, 248.30, 10589, 7013
ASAL,20231006, 414.45, 421.85, 412.65, 415.20, 23031, 9649
ASALCBR,20231006, 460.75, 470.00, 457.60, 468.10, 49914, 26118
ASHAPURMIN,20231006, 298.00, 298.50, 289.80, 293.70, 116775, -
ASHIANA,20231006, 205.35, 206.30, 195.25, 199.90, 334417, 144755
ASHIMASYN,20231006, 16.00, 17.35, 15.75, 16.35, 2217488, 1007464
ASHOKA,20231006, 127.05, 128.00, 124.85, 127.10, 2389928, 877458
ASHOKAMET,20231006, 19.45, 19.45, 18.75, 19.00, 10517, -
ASHOKLEY,20231006, 173.30, 173.50, 170.85, 171.90, 4756787, 2134087
ASIANENE,20231006, 182.30, 191.35, 177.35, 189.90, 144124, 84220
ASIANHOTNR,20231006, 143.55, 143.85, 137.00, 138.60, 6253, 5088
ASIANPAINT,20231006, 3214.75, 3217.00, 3190.00, 3195.75, 814257, 517610
ASIANTILES,20231006, 68.85, 69.40, 66.60, 66.90, 1783493, 907275
ASLIND,20231006, 25.00, 25.00, 25.00, 25.00, 4000, 4000
ASMS,20231006, 11.80, 11.80, 11.80, 11.80, 12903, -
ASPINWALL,20231006, 252.55, 255.00, 246.10, 251.05, 5005, 4114
ASTEC,20231006, 1323.75, 1385.05, 1320.00, 1366.75, 13229, 4889
ASTERDM,20231006, 330.00, 330.00, 324.50, 326.80, 123508, 69279
ASTRAL,20231006, 1869.95, 1895.00, 1856.65, 1889.40, 318424, 100635
ASTRAMICRO,20231006, 441.35, 448.50, 433.50, 446.25, 516700, 229243
ASTRAZEN,20231006, 4525.00, 4744.70, 4486.05, 4726.10, 71146, 25282
ASTRON,20231006, 33.20, 33.50, 32.10, 33.00, 18002, -
ATALREAL,20231006, 78.15, 78.50, 76.85, 78.05, 44050, -
ATAM,20231006, 180.00, 186.25, 178.10, 179.90, 40282, 30072
ATFL,20231006, 815.85, 843.30, 812.90, 835.90, 11498, 9156
ATGL,20231006, 605.05, 609.70, 603.50, 604.60, 326953, 169677
ATL,20231006, 36.95, 39.20, 36.50, 38.85, 6982871, 3533834
ATLANTA,20231006, 14.00, 14.15, 13.75, 14.10, 41696, -
ATUL,20231006, 7029.00, 7038.95, 6950.00, 7025.05, 18722, 9097
ATULAUTO,20231006, 587.60, 614.70, 583.55, 607.40, 196433, 88207
AUBANK,20231006, 719.90, 720.00, 712.45, 713.55, 718188, 285100
AURDIS,20231006, 206.00, 213.90, 206.00, 211.50, 5000, 4000
AURIONPRO,20231006, 1371.00, 1382.05, 1323.00, 1382.05, 27586, -
AUROIMPEX,20231006, 61.70, 67.50, 61.70, 67.45, 27200, 24000
AUROPHARMA,20231006, 877.10, 903.50, 877.10, 900.85, 1973985, 778255
AURUM,20231006, 123.80, 132.00, 122.10, 129.35, 141220, 87592
AUSOMENT,20231006, 76.80, 77.95, 75.80, 76.10, 9621, 5211
AUTOAXLES,20231006, 2205.05, 2238.90, 2203.00, 2231.45, 10500, 5840
AUTOBEES,20231006, 163.39, 163.39, 162.10, 162.83, 56132, 49207
AUTOIND,20231006, 119.25, 119.30, 108.25, 112.45, 210284, -
AVADHSUGAR,20231006, 664.90, 678.00, 658.00, 660.90, 89913, 24836
AVALON,20231006, 570.95, 581.65, 562.50, 570.55, 204502, 77796
AVANTIFEED,20231006, 442.55, 447.00, 442.00, 445.80, 119526, 67346
AVG,20231006, 281.10, 287.00, 276.60, 285.15, 73700, 45973
AVONMORE,20231006, 71.30, 72.00, 70.15, 71.90, 10662, -
AVROIND,20231006, 115.00, 115.00, 111.15, 111.80, 27851, 5019
AVSL,20231006, 113.15, 113.20, 113.15, 113.15, 2000, 2000
AVTNPL,20231006, 81.85, 82.90, 81.40, 81.90, 143184, 82792
AWHCL,20231006, 377.40, 404.00, 374.75, 389.35, 1070527, 313781
AWL,20231006, 352.95, 355.00, 347.00, 349.05, 1261269, 534927
AXISBANK,20231006, 1005.00, 1008.00, 999.40, 1000.95, 5289753, 2958493
AXISCADES,20231006, 548.75, 548.75, 548.75, 548.75, 27152, -
AXISGOLD,20231006, 47.92, 48.89, 47.92, 48.55, 194866, 152827
AXISILVER,20231006, 70.39, 71.72, 69.86, 71.35, 7020, 4424
AXITA,20231006, 26.75, 26.75, 26.40, 26.50, 104362, -
AXSENSEX,20231006, 65.95, 66.45, 64.63, 66.20, 7071, 5472
AYMSYNTEX,20231006, 67.70, 71.40, 67.70, 68.45, 17090, 4401
BAFNAPH,20231006, 95.00, 95.00, 91.60, 92.40, 4790, -
BAGFILMS,20231006, 5.40, 5.50, 5.35, 5.40, 92239, -
BAHETI,20231006, 190.00, 190.00, 177.00, 178.00, 46500, 31500
BAIDFIN,20231006, 27.20, 27.90, 25.85, 26.00, 2811149, 696977
BAJAJ-AUTO,20231006, 5120.00, 5120.00, 4997.50, 5014.60, 279352, 123136
BAJAJCON,20231006, 231.00, 232.50, 228.20, 231.65, 169330, 91558
BAJAJELEC,20231006, 1077.90, 1077.90, 1055.00, 1060.70, 24019, 13314
BAJAJFINSV,20231006, 1559.35, 1640.70, 1551.05, 1634.65, 7384628, 2373603
BAJAJHCARE,20231006, 475.80, 481.20, 467.50, 469.85, 145014, 63086
BAJAJHIND,20231006, 25.60, 26.05, 25.40, 25.70, 11269360, 4386523
BAJAJHLDNG,20231006, 6750.00, 6874.40, 6701.15, 6843.70, 41262, 15087
BAJFINANCE,20231006, 7850.00, 8192.00, 7845.00, 8168.55, 2145034, 699722
BALAJITELE,20231006, 72.20, 73.60, 70.60, 71.85, 377623, 173558
BALAMINES,20231006, 2215.45, 2223.05, 2192.65, 2216.90, 47930, 22263
BALAXI,20231006, 443.45, 443.45, 435.00, 438.00, 1745, 1292
BALKRISHNA,20231006, 28.40, 29.30, 28.00, 28.45, 29116, 15481
BALKRISIND,20231006, 2598.00, 2598.00, 2553.85, 2562.05, 77637, 16281
BALMLAWRIE,20231006, 148.60, 149.55, 147.10, 147.45, 292371, 151022
BALPHARMA,20231006, 93.40, 95.40, 93.40, 94.30, 16360, 10655
BALRAMCHIN,20231006, 428.90, 433.75, 425.05, 430.25, 1230479, 212870
BANARBEADS,20231006, 92.00, 93.30, 91.00, 91.95, 28103, 10762
BANARISUG,20231006, 2612.45, 2612.45, 2565.15, 2574.10, 1026, 763
BANCOINDIA,20231006, 500.95, 508.00, 496.25, 501.55, 70078, 38577
BANDHANBNK,20231006, 250.80, 255.00, 247.65, 252.90, 7018670, 3006017
BANG,20231006, 50.10, 51.25, 50.00, 50.30, 25267, 15274
BANKA,20231006, 72.65, 72.90, 71.05, 71.70, 20611, 17576
BANKBARODA,20231006, 214.00, 216.00, 212.40, 215.30, 14552427, 5437366
BANKBEES,20231006, 452.86, 453.88, 451.03, 452.67, 232630, 145528
BANKETF,20231006, 443.99, 445.88, 443.31, 445.01, 3097, 2956
BANKINDIA,20231006, 110.00, 110.50, 106.85, 108.55, 10844920, 2998454
BANSWRAS,20231006, 153.80, 155.90, 153.50, 155.40, 32089, 20167
BARBEQUE,20231006, 765.00, 777.00, 746.90, 752.40, 160025, 86017
BASF,20231006, 2550.00, 2607.00, 2470.00, 2506.75, 39746, 15145
BASILIC,20231006, 283.00, 294.20, 280.00, 289.80, 82800, 45600
BASML,20231006, 47.25, 48.30, 47.25, 47.80, 52457, 33644
BATAINDIA,20231006, 1624.95, 1630.45, 1612.25, 1623.60, 111347, 42267
BAYERCROP,20231006, 5317.45, 5350.00, 5270.00, 5284.35, 7107, 3344
BBL,20231006, 3700.00, 3861.40, 3688.10, 3842.90, 21642, 11870
BBOX,20231006, 215.90, 219.75, 207.20, 212.75, 442687, 173074
BBTC,20231006, 1239.70, 1254.90, 1224.05, 1243.30, 44811, 14897
BBTCL,20231006, 248.00, 253.45, 244.45, 246.95, 3718, 1786
BCG,20231006, 18.85, 19.05, 17.85, 17.85, 16103835, 10101095
BCLIND,20231006, 533.00, 546.70, 532.15, 536.75, 267662, 136585
BCONCEPTS,20231006, 476.15, 476.15, 473.00, 473.00, 3360, -
BDL,20231006, 1006.60, 1012.65, 991.05, 995.90, 436658, 182772
BEARDSELL,20231006, 37.20, 38.70, 36.35, 38.70, 114514, -
BECTORFOOD,20231006, 1047.00, 1047.00, 1027.10, 1038.30, 38272, 23088
BEDMUTHA,20231006, 145.00, 145.40, 144.85, 145.40, 86457, -
BEL,20231006, 139.00, 140.50, 138.65, 139.00, 4987359, 2869913
BEML,20231006, 2328.90, 2350.55, 2280.00, 2332.70, 227179, 65499
BEPL,20231006, 94.00, 94.40, 92.25, 93.25, 691234, 369997
BERGEPAINT,20231006, 566.90, 568.00, 561.00, 565.35, 439072, 166454
BETA,20231006, 990.00, 1020.00, 966.60, 1010.00, 4800, 3400
BEWLTD,20231006, 1635.10, 1665.65, 1635.10, 1640.00, 1250, 1000
BFINVEST,20231006, 524.30, 527.80, 513.90, 514.95, 27571, 10275
BFSI,20231006, 20.60, 20.60, 19.40, 20.14, 151652, 119826
BFUTILITIE,20231006, 652.00, 652.00, 615.30, 632.15, 181603, 97884
BGRENERGY,20231006, 69.60, 74.50, 69.40, 72.50, 1275926, 452999
BHAGCHEM,20231006, 1420.00, 1520.95, 1385.40, 1492.85, 94055, 47029
BHAGERIA,20231006, 164.75, 164.75, 157.10, 158.50, 32974, 21652
BHAGYANGR,20231006, 68.10, 69.90, 67.00, 68.70, 14212, -
BHANDA-RE,20231006, 2.00, 2.05, 1.60, 1.80, 408282, -
BHANDARI,20231006, 6.25, 6.30, 6.00, 6.20, 398549, -
BHARATFORG,20231006, 1072.00, 1094.70, 1072.00, 1091.90, 993174, 196172
BHARATGEAR,20231006, 121.70, 121.95, 120.65, 120.95, 22353, 15848
BHARATRAS,20231006, 9371.00, 9467.80, 9300.00, 9313.30, 609, 295
BHARATWIRE,20231006, 264.80, 266.85, 258.65, 264.35, 173076, 90881
BHARTIARTL,20231006, 929.20, 929.20, 924.30, 926.05, 2420855, 1710934
BHEL,20231006, 128.10, 129.90, 127.55, 128.90, 13871322, 3054232
BIGBLOC,20231006, 184.50, 189.85, 179.40, 181.05, 597043, 216887
BIKAJI,20231006, 482.40, 484.50, 467.65, 470.60, 325467, 209661
BIL,20231006, 220.10, 223.15, 220.10, 223.15, 1863, -
BINANIIND,20231006, 15.00, 15.10, 15.00, 15.10, 1651, -
BIOCON,20231006, 264.00, 265.85, 262.60, 264.55, 1215958, 556781
BIOFILCHEM,20231006, 51.00, 55.90, 50.50, 53.95, 429485, 213176
BIRET,20231006, 240.01, 241.11, 238.80, 239.04, 117139, 100779
BIRLACABLE,20231006, 327.20, 329.80, 321.20, 324.40, 78399, 40240
BIRLACORPN,20231006, 1262.10, 1273.70, 1253.05, 1270.65, 81073, 46030
BIRLAMONEY,20231006, 83.00, 84.10, 76.10, 83.25, 432544, 178237
BIRLATYRE,20231006, 5.05, 5.05, 5.05, 5.05, 127250, -
BKMINDST,20231006, 0.75, 0.75, 0.70, 0.75, 204679, -
BLAL,20231006, 160.25, 160.30, 158.00, 159.00, 93361, 58495
BLBLIMITED,20231006, 23.45, 23.45, 22.50, 22.55, 101357, 79036
BLISSGVS,20231006, 89.45, 89.45, 88.10, 88.80, 96641, 65242
BLKASHYAP,20231006, 63.55, 69.75, 63.55, 68.60, 2197535, 977686
BLS,20231006, 244.50, 247.80, 242.70, 243.55, 1412449, 545126
BLUECHIP,20231006, 1.30, 1.30, 1.30, 1.30, 31193, -
BLUEDART,20231006, 6734.00, 6798.95, 6666.05, 6732.20, 6348, 2398
BLUESTARCO,20231006, 879.85, 883.60, 865.55, 872.40, 51568, 19432
BMETRICS,20231006, 128.85, 128.85, 122.80, 123.85, 14400, 11600
BODALCHEM,20231006, 81.75, 82.00, 80.80, 81.30, 251737, 125993
BOHRAIND,20231006, 50.60, 50.65, 50.60, 50.65, 423, -
BOMDYEING,20231006, 144.80, 147.20, 143.70, 145.45, 1685538, 643844
BOROLTD,20231006, 405.45, 415.95, 402.10, 413.05, 86920, 45546
BORORENEW,20231006, 430.10, 438.20, 430.10, 434.65, 294059, 100792
BOSCHLTD,20231006, 18970.00, 19342.00, 18900.00, 19303.95, 18284, 10057
BPCL,20231006, 345.00, 349.00, 344.00, 347.20, 1858538, 796289
BPL,20231006, 80.80, 83.45, 80.25, 82.05, 357420, 158297
BRIGADE,20231006, 583.45, 595.70, 580.95, 593.30, 176502, 87140
BRIGHT,20231006, 5.30, 5.45, 5.30, 5.30, 111000, 84000
BRITANNIA,20231006, 4533.85, 4549.45, 4515.00, 4538.45, 238131, 145119
BRNL,20231006, 40.50, 41.20, 40.00, 40.40, 68444, 36746
BROOKS,20231006, 91.85, 93.00, 88.00, 90.75, 24925, -
BSE,20231006, 1333.20, 1419.00, 1332.00, 1401.50, 3027641, 1026436
BSHSL,20231006, 236.50, 244.90, 236.50, 242.45, 9166, 7817
BSL,20231006, 186.85, 210.00, 180.80, 192.70, 122671, 34939
BSOFT,20231006, 515.95, 520.50, 509.35, 512.70, 3080842, 1192319
BTML,20231006, 140.45, 147.65, 138.70, 147.15, 57508, 37713
BURNPUR,20231006, 4.95, 5.05, 4.90, 4.90, 285025, 173958
BUTTERFLY,20231006, 1224.00, 1248.00, 1217.00, 1227.75, 4478, 2330
BVCL,20231006, 38.90, 39.90, 37.65, 38.90, 10744, -
BYKE,20231006, 44.80, 51.90, 44.80, 49.40, 4048378, 1588254
CADSYS,20231006, 219.45, 219.45, 219.45, 219.45, 30000, 22000
CALSOFT,20231006, 14.55, 14.65, 14.20, 14.35, 17398, 15334
CAMLINFINE,20231006, 165.10, 168.45, 162.30, 164.60, 384359, 175303
CAMPUS,20231006, 289.70, 290.80, 287.10, 287.95, 474071, 250398
CAMS,20231006, 2480.00, 2497.95, 2446.00, 2489.40, 120412, 85660
CANBK,20231006, 373.45, 380.95, 371.00, 375.30, 6948282, 1562203
CANFINHOME,20231006, 759.10, 776.90, 759.10, 773.70, 540414, 215484
CANTABIL,20231006, 1175.00, 1183.60, 1162.35, 1172.30, 21232, 6705
CAPACITE,20231006, 214.00, 214.35, 210.10, 211.20, 407534, 218122
CAPLIPOINT,20231006, 1078.35, 1084.95, 1065.15, 1079.95, 73864, 31062
CAPTRUST,20231006, 98.00, 98.35, 96.60, 97.20, 4849, 3319
CARBORUNIV,20231006, 1194.00, 1194.00, 1166.00, 1168.85, 104129, 64581
CAREERP,20231006, 192.00, 192.90, 188.10, 189.55, 12011, -
CARERATING,20231006, 856.05, 864.60, 848.40, 853.95, 43404, 26334
CARTRADE,20231006, 596.00, 621.00, 596.00, 613.25, 399210, 183545
CARYSIL,20231006, 643.00, 649.75, 640.50, 647.70, 33547, 19030
CASTROLIND,20231006, 137.00, 140.40, 136.60, 137.90, 2090412, 757527
CCHHL,20231006, 9.35, 9.50, 9.15, 9.40, 93617, -
CCL,20231006, 657.90, 659.30, 641.00, 646.75, 111857, 45953
CDSL,20231006, 1329.65, 1377.00, 1326.30, 1347.85, 2131433, 691674
CEATLTD,20231006, 2120.60, 2150.00, 2117.40, 2125.25, 48312, 14651
CELEBRITY,20231006, 20.00, 20.50, 19.10, 19.25, 688824, 343360
CELLECOR,20231006, 123.15, 123.15, 123.15, 123.15, 70800, 70800
CELLPOINT,20231006, 50.95, 50.95, 50.00, 50.05, 67200, 63600
CENTENKA,20231006, 422.50, 429.00, 421.35, 424.75, 19167, 12764
CENTEXT,20231006, 16.90, 16.90, 16.20, 16.50, 145529, -
CENTRALBK,20231006, 50.40, 50.40, 48.70, 49.95, 31630762, 4821005
CENTRUM,20231006, 23.30, 23.65, 22.50, 22.70, 461872, 298247
CENTUM,20231006, 1425.00, 1470.40, 1402.65, 1470.40, 16558, -
CENTURYPLY,20231006, 650.60, 681.65, 645.50, 653.40, 550684, 155369
CENTURYTEX,20231006, 1074.75, 1134.45, 1068.15, 1123.75, 526823, 241390
CERA,20231006, 8350.00, 8395.00, 8128.50, 8176.30, 16120, 7697
CEREBRAINT,20231006, 5.70, 5.70, 5.70, 5.70, 55766, -
CESC,20231006, 88.60, 89.25, 87.65, 87.85, 1743664, 935220
CGCL,20231006, 792.45, 799.90, 781.95, 784.55, 189253, 58818
CGPOWER,20231006, 429.50, 430.45, 417.05, 418.75, 1673711, 1135198
CHALET,20231006, 592.10, 621.00, 589.00, 609.05, 669974, 267304
CHAMBLFERT,20231006, 273.60, 275.40, 272.20, 274.45, 724228, 330218
CHAVDA,20231006, 82.00, 82.90, 81.00, 82.70, 136000, 134000
CHEMBOND,20231006, 372.45, 380.00, 371.40, 374.40, 15253, 9795
CHEMCON,20231006, 277.40, 280.65, 275.00, 277.00, 46127, 23349
CHEMFAB,20231006, 370.00, 374.45, 364.05, 368.10, 19695, 9828
CHEMPLASTS,20231006, 500.00, 506.05, 493.00, 495.50, 87845, 33093
CHENNPETRO,20231006, 500.00, 502.00, 475.20, 482.90, 1614868, 645592
CHEVIOT,20231006, 1165.05, 1166.75, 1150.00, 1157.35, 1819, 1497
CHOICEIN,20231006, 424.50, 426.80, 423.70, 425.35, 317457, 70817
CHOLAFIN,20231006, 1211.50, 1227.00, 1199.00, 1219.55, 2503438, 1803067
CHOLAFIN,20231006, 1040.00, 1040.00, 1029.00, 1029.00, 2, 1
CHOLAHLDNG,20231006, 1126.95, 1145.00, 1121.25, 1136.10, 98899, 73135
CIEINDIA,20231006, 476.00, 480.45, 468.20, 470.10, 540423, 373331
CIGNITITEC,20231006, 814.90, 836.00, 814.90, 824.20, 158844, 88759
CINELINE,20231006, 125.85, 125.85, 125.85, 125.85, 20037, -
CINEVISTA,20231006, 14.90, 15.25, 14.55, 14.95, 53289, 21613
CIPLA,20231006, 1165.00, 1181.70, 1160.45, 1163.00, 928951, 479335
CLEAN,20231006, 1409.95, 1437.95, 1400.00, 1410.20, 102303, 51934
CLEDUCATE,20231006, 70.50, 70.50, 70.50, 70.50, 2300, 2300
CLEDUCATE,20231006, 70.10, 71.00, 69.50, 70.50, 42305, 30341
CLOUD,20231006, 159.00, 160.00, 156.95, 159.70, 196000, 141000
CLSEL,20231006, 237.45, 237.45, 231.35, 233.40, 72079, 35894
CLSL,20231006, 42.00, 42.00, 41.05, 41.95, 18000, 14000
CMMIPL,20231006, 3.65, 3.80, 3.50, 3.50, 24000, 24000
CMNL,20231006, 66.95, 66.95, 65.05, 66.20, 39000, 27000
CMRSL,20231006, 124.80, 124.80, 121.60, 124.20, 5600, 4800
CMSINFO,20231006, 353.70, 372.80, 352.70, 370.50, 1879585, 1053312
COALINDIA,20231006, 290.95, 291.00, 287.00, 287.80, 3741467, 1316569
COASTCORP,20231006, 252.15, 262.00, 251.80, 259.20, 13427, 7960
COCHINSHIP,20231006, 1075.00, 1092.00, 1060.70, 1072.30, 1740479, 232387
COFFEEDAY,20231006, 51.50, 51.90, 50.10, 50.50, 3122112, 1245646
COFORGE,20231006, 5240.90, 5242.95, 5166.25, 5185.55, 195339, 73117
COLPAL,20231006, 2002.00, 2005.45, 1981.70, 1992.55, 203842, 94886
COMPINFO,20231006, 12.45, 13.25, 12.25, 12.80, 374403, 202554
COMPUSOFT,20231006, 21.50, 21.90, 21.50, 21.70, 57519, 35100
CONCOR,20231006, 713.20, 717.10, 708.55, 715.30, 445913, 281630
CONCORDBIO,20231006, 1125.00, 1177.00, 1112.05, 1121.45, 457088, 127775
CONFIPET,20231006, 85.50, 86.20, 84.85, 85.40, 760431, 405956
CONSOFINVT,20231006, 152.80, 152.80, 147.50, 149.05, 18472, -
CONSUMBEES,20231006, 92.92, 93.17, 92.71, 92.98, 10386, 6799
CONTI,20231006, 32.45, 33.50, 31.75, 31.75, 13332, 13332
CONTROLPR,20231006, 770.00, 794.00, 760.00, 787.95, 30926, 17476
COOLCAPS,20231006, 506.00, 506.00, 501.00, 501.00, 4500, 4500
CORALFINAC,20231006, 40.45, 40.70, 38.95, 39.80, 68572, 44476
CORDSCABLE,20231006, 115.95, 117.20, 112.85, 113.65, 121463, 76185
COROMANDEL,20231006, 1168.75, 1174.00, 1157.40, 1171.45, 120488, 38519
COSMOFIRST,20231006, 686.05, 687.00, 674.10, 676.05, 18896, 11167
COUNCODOS,20231006, 4.10, 4.25, 4.05, 4.20, 143200, 107446
CPS,20231006, 440.10, 445.00, 440.00, 442.00, 3000, 2400
CRAFTSMAN,20231006, 4670.80, 4692.15, 4606.35, 4623.00, 20010, 13215
CRAYONS,20231006, 144.50, 149.20, 144.50, 146.60, 10000, 8000
CREATIVE,20231006, 530.05, 550.00, 520.00, 547.10, 36622, 27280
CREATIVEYE,20231006, 4.10, 4.10, 4.00, 4.00, 1137, 1137
CREDITACC,20231006, 1324.00, 1326.40, 1295.75, 1316.10, 199427, 106922
CREST,20231006, 231.95, 236.00, 226.55, 230.40, 6597, 3200
CRISIL,20231006, 3875.00, 3875.00, 3835.50, 3842.95, 6978, 4450
CROMPTON,20231006, 300.20, 301.80, 299.15, 300.90, 1261214, 786488
CROWN,20231006, 69.00, 69.75, 64.05, 67.45, 154520, 107696
CSBBANK,20231006, 350.10, 357.90, 349.80, 354.15, 507048, 320964
CSLFINANCE,20231006, 346.00, 346.00, 337.50, 342.50, 20396, 9502
CTE,20231006, 61.20, 62.90, 59.95, 62.75, 59911, -
CUB,20231006, 125.85, 129.80, 125.20, 128.90, 4174649, 2193978
CUBEXTUB,20231006, 46.50, 47.65, 45.25, 46.20, 72123, 24385
CUMMINSIND,20231006, 1698.00, 1710.00, 1688.85, 1704.45, 347194, 238690
CUPID,20231006, 412.00, 424.80, 411.00, 413.65, 148896, 54881
CYBERMEDIA,20231006, 17.70, 18.45, 17.65, 18.00, 19491, -
CYBERTECH,20231006, 164.90, 171.00, 158.05, 160.30, 2877930, 500094
CYIENT,20231006, 1684.95, 1691.90, 1675.35, 1682.20, 113179, 57155
CYIENTDLM,20231006, 671.50, 674.00, 660.00, 668.25, 160197, 67662
DAAWAT,20231006, 174.35, 177.45, 172.40, 173.40, 2038071, 946966
DABUR,20231006, 551.00, 551.90, 545.80, 547.15, 1061490, 544404
DALBHARAT,20231006, 2250.00, 2269.75, 2206.70, 2223.80, 369046, 122745
DALMIASUG,20231006, 455.50, 464.00, 444.05, 457.40, 167101, 62338
DAMODARIND,20231006, 50.40, 51.95, 49.85, 51.00, 64003, 37663
DANGEE,20231006, 9.85, 9.95, 9.45, 9.50, 723714, 382670
DATAMATICS,20231006, 593.00, 606.90, 586.65, 592.15, 61935, 30950
DATAPATTNS,20231006, 2095.05, 2106.95, 2088.00, 2093.00, 40001, 17038
DBCORP,20231006, 268.60, 269.80, 261.10, 262.85, 158282, 88822
DBL,20231006, 309.70, 334.00, 309.65, 325.80, 5120637, 712530
DBOL,20231006, 174.50, 181.45, 173.35, 176.70, 557403, 247401
DBREALTY,20231006, 166.40, 169.00, 164.25, 167.80, 907512, 516429
DBSTOCKBRO,20231006, 28.60, 30.30, 28.50, 29.95, 50937, 36336
DCAL,20231006, 161.00, 164.85, 159.60, 162.30, 334025, 129705
DCBBANK,20231006, 122.50, 124.40, 121.45, 123.35, 1829292, 867818
DCI,20231006, 176.70, 176.70, 173.20, 173.20, 402, -
DCM,20231006, 80.80, 84.45, 80.80, 82.90, 46792, -
DCMFINSERV,20231006, 5.15, 5.15, 5.00, 5.15, 58232, 46273
DCMNVL,20231006, 168.90, 172.00, 167.85, 169.05, 17629, 10709
DCMSHRIRAM,20231006, 1058.00, 1100.00, 1047.05, 1088.95, 126106, 77952
DCMSRIND,20231006, 140.10, 141.45, 134.55, 137.25, 211530, 112059
DCW,20231006, 57.10, 57.35, 56.25, 56.55, 2439146, 1011983
DCXINDIA,20231006, 304.00, 305.65, 298.50, 301.80, 255260, 128765
DECCANCE,20231006, 545.80, 552.10, 544.50, 546.95, 10736, 6557
DEEPAKFERT,20231006, 644.20, 647.95, 641.00, 643.55, 278694, 131443
DEEPAKNTR,20231006, 2103.80, 2129.35, 2100.20, 2108.50, 155897, 67100
DEEPENR,20231006, 156.05, 156.05, 156.05, 156.05, 4589, -
DEEPINDS,20231006, 292.95, 293.00, 282.65, 284.80, 134848, 53146
DELHIVERY,20231006, 412.20, 414.90, 409.65, 411.00, 280100, 163573
DELPHIFX,20231006, 373.15, 383.30, 371.05, 375.15, 1311, 981
DELTACORP,20231006, 136.80, 138.20, 136.80, 137.75, 2467717, 958299
DELTAMAGNT,20231006, 87.10, 88.75, 86.25, 87.80, 3694, -
DEN,20231006, 54.20, 54.50, 52.15, 52.55, 4793677, 1953882
DENEERS,20231006, 230.00, 238.00, 230.00, 234.65, 9600, 8400
DENORA,20231006, 1564.70, 1574.25, 1523.20, 1535.10, 8138, 4624
DENTALKART,20231006, 456.95, 456.95, 425.95, 432.65, 11000, 6000
DESTINY,20231006, 48.45, 48.45, 48.45, 48.45, 18000, 18000
DEVIT,20231006, 135.95, 136.30, 132.05, 133.10, 12423, 10188
DEVYANI,20231006, 219.40, 223.00, 219.15, 222.00, 1035876, 458744
DGCONTENT,20231006, 20.30, 20.50, 19.60, 20.30, 7376, 4853
DHAMPURSUG,20231006, 301.35, 303.95, 297.85, 301.90, 305846, 98331
DHANBANK,20231006, 32.35, 32.80, 31.40, 31.85, 6377862, 1633035
DHANI,20231006, 41.95, 41.95, 40.80, 41.25, 633053, -
DHANUKA,20231006, 846.15, 855.50, 836.00, 842.95, 35432, 13079
DHARMAJ,20231006, 210.90, 233.00, 209.20, 229.45, 894878, 395932
DHRUV,20231006, 59.90, 60.20, 59.10, 59.25, 26669, 11164
DHUNINV,20231006, 768.30, 777.35, 760.00, 769.45, 2568, 1976
DIACABS,20231006, 45.50, 45.50, 45.50, 45.50, 85, -
DIAMINESQ,20231006, 530.50, 535.00, 526.10, 532.40, 5217, 3155
DIAMONDYD,20231006, 839.70, 848.50, 831.55, 839.05, 6218, 3802
DICIND,20231006, 445.70, 447.95, 427.25, 432.05, 3260, 2234
DIGIKORE,20231006, 255.90, 282.00, 255.90, 277.65, 415200, 320000
DIGISPICE,20231006, 34.75, 35.20, 33.35, 34.10, 34237, -
DIL,20231006, 10.00, 10.00, 9.55, 9.70, 460811, -
DISHTV,20231006, 18.10, 18.15, 17.75, 17.90, 9156612, 3784478
DIVGIITTS,20231006, 1057.90, 1079.50, 1017.05, 1068.50, 53182, 18843
DIVISLAB,20231006, 3700.00, 3728.80, 3697.20, 3721.80, 244389, 136541
DIVOPPBEES,20231006, 59.40, 59.40, 57.16, 58.19, 12167, 8624
DIXON,20231006, 5167.70, 5178.00, 5062.10, 5128.75, 455043, 204987
DJML,20231006, 154.00, 154.00, 148.55, 153.00, 3679, 2749
DKEGL,20231006, 83.90, 83.90, 83.90, 83.90, 3000, 3000
DLF,20231006, 525.25, 550.50, 525.25, 548.70, 7397196, 2869435
DLINKINDIA,20231006, 324.00, 339.50, 321.05, 336.35, 648299, 198829
DMART,20231006, 3860.00, 3890.80, 3786.75, 3833.95, 345055, 143111
DMCC,20231006, 306.85, 312.00, 304.00, 305.10, 15866, 8457
DNAMEDIA,20231006, 4.40, 4.40, 4.40, 4.40, 68564, 68564
DODLA,20231006, 697.00, 704.70, 690.00, 695.35, 55395, 13564
DOLATALGO,20231006, 53.70, 55.75, 52.20, 55.00, 1130938, 642904
DOLLAR,20231006, 422.20, 445.00, 422.20, 443.30, 340282, 131514
DOLLEX,20231006, 40.15, 42.10, 39.75, 41.85, 36000, 24000
DOLPHIN,20231006, 416.85, 416.85, 416.85, 416.85, 32, -
DONEAR,20231006, 105.00, 111.20, 104.30, 108.10, 598252, 207524
DPABHUSHAN,20231006, 654.85, 664.25, 646.00, 655.10, 10411, 6471
DPSCLTD,20231006, 16.70, 16.70, 16.30, 16.45, 273420, 189930
DPWIRES,20231006, 659.15, 668.90, 655.10, 659.75, 20032, 8723
DRCSYSTEMS,20231006, 41.80, 41.90, 41.10, 41.55, 20467, 14451
DREAMFOLKS,20231006, 503.80, 514.30, 498.55, 512.30, 607775, 295953
DREDGECORP,20231006, 464.35, 464.55, 457.05, 461.30, 54813, 22097
DRONE,20231006, 130.00, 135.00, 130.00, 131.75, 160000, 122000
DRREDDY,20231006, 5435.00, 5487.20, 5409.20, 5424.90, 314598, 144401
DSPBANKETF,20231006, 44.12, 45.30, 44.12, 44.78, 10073, 9489
DSPGOLDETF,20231006, 57.60, 57.60, 56.45, 56.65, 3403, 3132
DSPITETF,20231006, 32.00, 34.00, 29.00, 31.92, 29212, 13122
DSPPSBKETF,20231006, 52.00, 52.51, 51.87, 52.19, 479, 69
DSPPVBKETF,20231006, 23.00, 23.11, 22.88, 23.08, 2470, 1398
DSPSILVETF,20231006, 67.69, 68.00, 67.57, 67.86, 7988, 5570
DSSL,20231006, 742.00, 764.90, 712.10, 764.30, 164663, 64308
DTIL,20231006, 225.45, 225.45, 221.15, 223.00, 3421, 1704
DUCOL,20231006, 172.00, 172.00, 172.00, 172.00, 1600, 1600
DUCON,20231006, 7.00, 7.00, 6.95, 6.95, 42746, -
DUDIG-RE,20231006, 26.50, 26.50, 26.50, 26.50, 2500, 2500
DUGLOBAL,20231006, 57.75, 57.85, 56.90, 57.85, 32500, 27500
DVL,20231006, 264.15, 270.95, 264.15, 268.60, 18270, 12567
DWARKESH,20231006, 101.85, 102.65, 100.75, 101.20, 1185510, 391443
DYCL,20231006, 445.00, 448.80, 441.25, 444.65, 14884, -
DYNAMATECH,20231006, 4590.00, 4750.00, 4559.00, 4627.95, 29306, 12545
DYNAMIC,20231006, 119.45, 119.45, 119.45, 119.45, 6000, 6000
DYNPRO,20231006, 326.50, 329.80, 315.00, 324.40, 30945, 14608
E2E,20231006, 459.00, 459.00, 459.00, 459.00, 8893, -
EASEMYTRIP,20231006, 41.90, 42.80, 41.65, 42.35, 35307856, 14958476
EBBETF0433,20231006, 1058.07, 1060.49, 1057.50, 1058.97, 1366, 1283
ECLERX,20231006, 2038.00, 2168.70, 1980.00, 2147.85, 665657, 170704
EDELWEISS,20231006, 75.50, 77.05, 68.55, 69.80, 28423967, 6543831
EICHERMOT,20231006, 3443.60, 3464.45, 3438.35, 3450.40, 249258, 123436
EIDPARRY,20231006, 521.60, 533.95, 519.05, 524.40, 582701, 271375
EIFFL,20231006, 142.45, 144.95, 142.00, 143.30, 15662, 13801
EIHAHOTELS,20231006, 486.90, 501.85, 483.20, 493.45, 39632, 19175
EIHOTEL,20231006, 234.40, 242.50, 233.05, 236.55, 1996898, 785613
EIMCOELECO,20231006, 984.95, 985.60, 964.70, 985.60, 18692, 12940
EKC,20231006, 116.95, 119.30, 115.60, 116.65, 421323, 213613
ELDEHSG,20231006, 704.05, 704.05, 696.00, 700.00, 681, 349
ELECON,20231006, 802.30, 805.95, 765.05, 771.60, 388401, 169461
ELECTCAST,20231006, 74.25, 76.50, 74.05, 75.10, 5316439, 2283284
ELECTHERM,20231006, 139.45, 139.45, 139.45, 139.45, 9878, -
ELGIEQUIP,20231006, 499.70, 502.20, 493.00, 494.75, 103438, 54170
ELGIRUBCO,20231006, 54.65, 54.65, 52.50, 53.10, 22567, -
ELIN,20231006, 192.90, 193.10, 185.30, 187.80, 505729, 237530
EMAMILTD,20231006, 530.35, 534.75, 523.30, 526.85, 201476, 85769
EMAMIPAP,20231006, 135.85, 135.85, 128.95, 130.70, 44637, 24143
EMAMIREAL,20231006, 81.55, 81.55, 76.05, 77.50, 67847, 39790
EMBASSY,20231006, 304.00, 305.00, 301.05, 304.26, 131929, 114032
EMIL,20231006, 145.70, 150.45, 144.80, 150.45, 2406530, 1718291
EMKAY,20231006, 85.60, 89.15, 84.15, 87.95, 83541, 46408
EMKAYTOOLS,20231006, 500.00, 513.30, 500.00, 513.30, 4200, 3600
EMMBI,20231006, 114.00, 114.40, 110.60, 111.55, 69159, 43449
EMSLIMITED,20231006, 313.05, 333.40, 310.00, 323.15, 4343638, 1248810
EMUDHRA,20231006, 481.90, 484.90, 475.00, 476.60, 66226, 24894
ENDURANCE,20231006, 1599.55, 1604.55, 1576.00, 1585.10, 68147, 60646
ENERGYDEV,20231006, 19.35, 19.70, 19.00, 19.40, 87774, 53392
ENGINERSIN,20231006, 143.20, 144.40, 142.15, 142.85, 1099703, 466111
ENIL,20231006, 181.10, 181.55, 176.10, 176.75, 187344, 77295
EPIGRAL,20231006, 1003.00, 1003.00, 980.00, 986.70, 15607, 9312
EPL,20231006, 193.20, 193.90, 191.40, 192.15, 422793, 262837
EQUIPPP,20231006, 31.65, 31.75, 28.80, 30.85, 22635, -
EQUITASBNK,20231006, 93.00, 94.10, 91.30, 93.95, 8832053, 5733887
ERIS,20231006, 882.70, 908.20, 882.70, 899.75, 118717, 45943
EROSMEDIA,20231006, 18.55, 18.60, 18.40, 18.50, 177447, 121000
ESABINDIA,20231006, 4922.20, 4988.95, 4908.10, 4965.25, 2780, 1244
ESCORTS,20231006, 3260.00, 3273.85, 3184.10, 3194.20, 470533, 187311
ESFL,20231006, 133.80, 137.45, 132.00, 132.05, 58800, 44400
ESG,20231006, 32.34, 32.50, 32.28, 32.46, 23751, 19614
ESSARSHPNG,20231006, 16.85, 16.85, 16.85, 16.85, 92285, -
ESSENTIA,20231006, 6.20, 6.20, 6.20, 6.20, 108074, -
ESTER,20231006, 95.50, 99.80, 95.20, 97.30, 462727, 247907
ETHOSLTD,20231006, 1726.95, 1748.25, 1712.05, 1718.00, 21351, 10889
EUROBOND,20231006, 134.70, 136.85, 133.60, 136.85, 6000, 6000
EUROTEXIND,20231006, 11.95, 11.95, 11.95, 11.95, 425, -
EVEREADY,20231006, 389.00, 390.80, 382.60, 386.70, 82346, 34513
EVERESTIND,20231006, 1138.00, 1149.95, 1130.00, 1138.55, 11119, 4263
EXCEL,20231006, 0.35, 0.35, 0.35, 0.35, 3104930, -
EXCELINDUS,20231006, 866.80, 878.95, 864.95, 871.10, 4219, 2463
EXIDEIND,20231006, 257.85, 260.00, 257.30, 259.00, 1742138, 1207507
EXPLEOSOL,20231006, 1388.20, 1390.10, 1370.05, 1379.35, 30842, 10444
EXXARO,20231006, 131.85, 132.85, 130.80, 131.70, 37569, 16532
FACT,20231006, 537.10, 538.55, 530.65, 533.20, 285541, 72224
FAIRCHEMOR,20231006, 1154.00, 1161.60, 1130.00, 1137.40, 15051, 7755
FAZE3Q,20231006, 369.80, 377.95, 369.65, 376.05, 8718, 5373
FCL,20231006, 317.45, 323.00, 310.10, 321.05, 213347, 101052
FCONSUMER,20231006, 0.80, 0.85, 0.80, 0.85, 5662159, -
FCSSOFT,20231006, 2.70, 3.15, 2.65, 3.05, 53480268, 27210084
FDC,20231006, 383.55, 387.50, 378.20, 381.30, 82708, 39368
FEDERALBNK,20231006, 146.30, 147.00, 144.05, 146.50, 9149275, 3674317
FELDVR,20231006, 5.65, 5.75, 5.40, 5.60, 6889, -
FELIX,20231006, 108.00, 112.75, 108.00, 112.00, 8000, 6000
FIBERWEB,20231006, 32.25, 34.50, 31.90, 32.70, 282282, 105122
FIDEL,20231006, 117.00, 117.00, 117.00, 117.00, 3000, 3000
FIEMIND,20231006, 1810.00, 1830.65, 1808.00, 1816.05, 12910, 6826
FILATEX,20231006, 53.75, 54.20, 51.20, 51.65, 2309491, 1004342
FINCABLES,20231006, 1084.35, 1088.25, 1067.00, 1072.55, 187128, 83059
FINEORG,20231006, 4957.95, 4968.60, 4888.10, 4921.15, 13381, 6801
FINOPB,20231006, 314.70, 318.20, 305.10, 308.20, 94972, 54131
FINPIPE,20231006, 223.50, 232.95, 222.90, 226.80, 1331998, 520105
FIVESTAR,20231006, 724.00, 730.00, 716.00, 724.40, 205406, 115644
FLEXITUFF,20231006, 49.00, 49.00, 49.00, 49.00, 14917, -
FLFL,20231006, 3.00, 3.00, 3.00, 3.00, 5278, -
FLUOROCHEM,20231006, 2875.00, 2880.50, 2831.00, 2845.50, 120091, 69044
FMGOETZE,20231006, 357.00, 360.30, 355.10, 356.95, 51357, 27814
FMNL,20231006, 5.70, 6.00, 5.70, 5.90, 10910, -
FOCE,20231006, 775.00, 775.00, 770.00, 770.00, 3000, 3000
FOCUS,20231006, 176.40, 177.60, 169.15, 177.60, 308941, 207338
FOODSIN,20231006, 205.45, 214.20, 201.00, 213.15, 1491077, 363350
FORCEMOT,20231006, 4021.95, 4173.00, 3993.15, 4076.20, 66387, 30424
FORTIS,20231006, 329.70, 335.00, 326.40, 327.90, 830405, 425207
FOSECOIND,20231006, 3359.20, 3410.00, 3353.00, 3394.70, 1430, 864
FRETAIL,20231006, 3.20, 3.25, 3.10, 3.15, 343560, -
FROG,20231006, 230.00, 235.75, 229.10, 230.05, 10000, 8800
FSL,20231006, 164.05, 164.50, 162.05, 163.60, 913661, 523054
FUSION,20231006, 594.70, 603.00, 586.10, 590.65, 119844, 65317
GABRIEL,20231006, 349.35, 357.90, 339.30, 346.05, 1311360, 467994
GAEL,20231006, 347.60, 350.95, 340.55, 342.70, 211830, 113779
GAIL,20231006, 123.80, 125.15, 122.55, 124.60, 12431715, 6808202
GALAXYSURF,20231006, 2655.90, 2691.75, 2614.00, 2675.75, 22589, 14166
GALLANTT,20231006, 89.80, 89.80, 88.55, 88.80, 75964, 48089
GANDHITUBE,20231006, 679.95, 705.00, 679.95, 694.95, 8660, 5045
GANECOS,20231006, 959.95, 974.20, 954.55, 960.30, 33913, 17546
GANESHBE,20231006, 150.50, 152.35, 149.40, 151.20, 63254, 37052
GANESHHOUC,20231006, 432.60, 439.50, 430.60, 435.40, 16682, 9779
GANGAFORGE,20231006, 6.60, 6.85, 6.35, 6.65, 219753, -
GANGESSECU,20231006, 123.45, 128.45, 117.35, 118.20, 53748, 21437
GARFIBRES,20231006, 3173.25, 3201.00, 3150.25, 3174.35, 8335, 5064
GATECHDVR,20231006, 9.90, 10.00, 9.35, 9.80, 959220, -
GATEWAY,20231006, 90.15, 93.95, 90.15, 92.60, 2311090, 1227385
GATI,20231006, 155.20, 155.90, 152.10, 152.70, 307976, 142019
GAYAHWS,20231006, 0.85, 0.85, 0.85, 0.85, 232063, -
GAYAPROJ,20231006, 6.15, 6.40, 6.15, 6.35, 182603, -
GEECEE,20231006, 208.00, 210.50, 204.55, 207.20, 50877, 19279
GEEKAYWIRE,20231006, 326.90, 326.90, 326.00, 326.00, 9318, -
GENCON,20231006, 49.55, 49.55, 46.70, 47.25, 10589, -
GENESYS,20231006, 366.00, 369.70, 352.95, 356.50, 42806, 25647
GENSOL,20231006, 1988.00, 2051.70, 1961.05, 2028.80, 63404, 35609
GENUSPAPER,20231006, 20.00, 20.80, 19.70, 20.10, 1224262, 607372
GENUSPOWER,20231006, 246.00, 257.90, 246.00, 257.90, 337668, 187898
GEOJITFSL,20231006, 55.20, 55.80, 53.70, 54.40, 645939, 271798
GEPIL,20231006, 163.50, 166.70, 161.60, 162.25, 353374, 194577
GESHIP,20231006, 830.05, 842.90, 827.00, 836.60, 174892, 67567
GET&D,20231006, 412.80, 425.00, 402.00, 404.80, 36065, -
GFLLIMITED,20231006, 88.40, 88.40, 86.45, 87.20, 116131, 64851
GHCL,20231006, 615.00, 622.45, 607.50, 620.75, 214958, 111772
GHCLTEXTIL,20231006, 78.00, 79.90, 77.70, 79.10, 200204, 138080
GICHSGFIN,20231006, 214.05, 218.35, 211.60, 215.55, 419192, 138720
GICL,20231006, 55.50, 55.65, 55.50, 55.65, 30000, 30000
GICL-RE,20231006, 0.40, 0.80, 0.40, 0.40, 339000, 327000
GICRE,20231006, 215.25, 227.80, 215.25, 225.30, 1913858, 452980
GILLANDERS,20231006, 103.45, 107.50, 103.00, 106.80, 99674, -
GILLETTE,20231006, 6320.00, 6327.95, 6125.00, 6203.75, 13740, 6218
GILT5YBEES,20231006, 53.06, 53.13, 52.83, 52.98, 689963, 587347
GINNIFILA,20231006, 27.00, 27.20, 26.25, 27.00, 71663, -
GIPCL,20231006, 147.40, 156.20, 145.55, 153.50, 5871169, 2090476
GIRIRAJ,20231006, 1735.00, 1735.00, 1735.00, 1735.00, 600, 600
GISOLUTION,20231006, 11.70, 11.80, 11.40, 11.75, 135469, -
GKWLIMITED,20231006, 1076.30, 1076.30, 1040.00, 1070.15, 506, -
GLAND,20231006, 1675.00, 1684.70, 1665.40, 1671.50, 57765, 26228
GLAXO,20231006, 1548.10, 1570.80, 1536.25, 1555.00, 50525, 25167
GLENMARK,20231006, 794.90, 799.65, 785.50, 793.60, 928077, 322196
GLFL,20231006, 3.50, 3.65, 3.35, 3.65, 7028, 7028
GLOBAL,20231006, 200.45, 200.45, 188.75, 193.85, 51032, 28721
GLOBALPET,20231006, 76.00, 76.00, 75.00, 75.00, 6000, 3000
GLOBALVECT,20231006, 78.35, 79.00, 77.30, 77.50, 3443, -
GLOBE,20231006, 4.75, 4.75, 4.75, 4.75, 180629, -
GLOBUSSPR,20231006, 858.75, 863.45, 848.10, 850.85, 161598, 89523
GLS,20231006, 619.95, 627.90, 618.05, 625.15, 169911, 106945
GMBREW,20231006, 760.00, 786.00, 749.65, 781.45, 286492, 115434
GMDCLTD,20231006, 329.00, 336.00, 321.65, 329.55, 6938267, 1138138
GMMPFAUDLR,20231006, 1820.00, 1838.85, 1777.10, 1816.05, 145149, 60608
GMRINFRA,20231006, 59.65, 61.85, 59.30, 61.60, 12142486, 5757778
GMRP&UI,20231006, 34.35, 35.20, 33.85, 34.80, 4322865, 2591296
GNA,20231006, 465.30, 468.55, 462.25, 464.60, 40986, 24332
GNFC,20231006, 615.00, 618.00, 610.45, 616.70, 403972, 187872
GOACARBON,20231006, 535.20, 558.45, 532.10, 550.15, 139011, 52455
GOCLCORP,20231006, 494.90, 519.00, 491.90, 515.85, 447094, 153552
GOCOLORS,20231006, 1252.00, 1297.00, 1252.00, 1292.65, 43814, 25820
GODFRYPHLP,20231006, 2144.85, 2152.65, 2110.05, 2117.80, 41870, 15090
GODHA,20231006, 0.90, 0.90, 0.90, 0.90, 800280, -
GODREJAGRO,20231006, 479.70, 522.00, 477.30, 515.00, 1392199, 349566
GODREJCP,20231006, 969.50, 988.85, 965.20, 971.65, 1049194, 339105
GODREJIND,20231006, 601.55, 721.25, 598.85, 719.10, 7651080, 1047186
GODREJPROP,20231006, 1599.35, 1686.95, 1599.05, 1675.00, 928774, 245903
GOKEX,20231006, 802.00, 819.90, 786.05, 806.80, 474523, 186557
GOKUL,20231006, 39.90, 40.25, 38.85, 39.60, 808802, 291248
GOKULAGRO,20231006, 116.45, 116.60, 114.10, 114.50, 88713, 49848
GOLDBEES,20231006, 48.34, 48.76, 48.23, 48.38, 11110656, 9695463
GOLDENTOBC,20231006, 54.45, 54.45, 52.15, 53.20, 817, -
GOLDETF,20231006, 58.00, 58.20, 56.30, 56.90, 57690, 46056
GOLDIAM,20231006, 127.45, 128.55, 126.70, 128.15, 148371, 80459
GOLDSHARE,20231006, 48.50, 48.70, 48.25, 48.35, 127246, 109419
GOLDSTAR,20231006, 15.95, 15.95, 15.95, 15.95, 67500, 67500
GOLDTECH,20231006, 98.15, 98.15, 98.15, 98.15, 40564, -
GOODLUCK,20231006, 735.00, 752.35, 722.50, 738.50, 1004989, 196872
GOODYEAR,20231006, 1341.85, 1341.85, 1309.10, 1319.65, 10962, 6372
GOYALALUM,20231006, 10.70, 10.70, 10.70, 10.70, 179632, -
GPIL,20231006, 605.70, 609.70, 593.30, 603.60, 521301, 312853
GPPL,20231006, 122.10, 128.40, 121.70, 127.10, 2213549, 846907
GPTINFRA,20231006, 100.85, 100.85, 100.85, 100.85, 36227, -
GRANULES,20231006, 355.50, 365.25, 352.30, 362.10, 2263674, 726149
GRAPHITE,20231006, 500.90, 512.30, 495.00, 504.05, 1334348, 290523
GRASIM,20231006, 1890.10, 1905.90, 1890.00, 1903.30, 401355, 202420
GRAUWEIL,20231006, 126.90, 129.95, 124.30, 127.70, 337190, 140487
GRAVITA,20231006, 918.90, 943.70, 910.00, 922.55, 238634, 102050
GRCL,20231006, 125.35, 125.35, 125.35, 125.35, 4000, 4000
GREAVESCOT,20231006, 136.20, 136.20, 134.40, 135.30, 833085, 507708
GREENCHEF,20231006, 108.65, 110.50, 107.05, 108.05, 56000, 51200
GREENLAM,20231006, 409.00, 412.95, 402.95, 408.00, 32755, 13440
GREENPANEL,20231006, 373.80, 379.05, 366.55, 374.35, 153372, 73555
GREENPLY,20231006, 168.60, 169.50, 167.00, 168.85, 109256, 54890
GREENPOWER,20231006, 14.00, 14.05, 13.40, 14.05, 6425688, -
GRINDWELL,20231006, 2094.90, 2132.00, 2067.20, 2118.15, 27175, 13346
GRINFRA,20231006, 1202.05, 1221.95, 1200.60, 1209.65, 13297, 6966
GRMOVER,20231006, 197.00, 198.15, 194.15, 195.95, 45034, 21125
GROBTEA,20231006, 882.15, 932.00, 870.00, 896.05, 195, 140
GRPLTD,20231006, 3950.00, 3950.00, 3949.00, 3949.00, 21, -
GRSE,20231006, 822.00, 826.80, 808.00, 816.75, 562034, 148552
GRWRHITECH,20231006, 1481.40, 1558.90, 1462.05, 1542.60, 143807, 59850
GSFC,20231006, 172.55, 173.15, 171.45, 172.75, 604950, 296216
GSLSU,20231006, 181.20, 208.80, 181.20, 205.10, 2484137, 753951
GSPL,20231006, 288.80, 291.30, 285.15, 290.05, 782665, 599735
GSS,20231006, 219.90, 219.90, 214.05, 214.95, 25241, 12416
GSTL,20231006, 95.00, 100.85, 95.00, 96.15, 6000, 4000
GTECJAINX,20231006, 98.55, 98.60, 98.55, 98.55, 5502, -
GTL,20231006, 8.30, 8.40, 8.15, 8.20, 229424, -
GTLINFRA,20231006, 1.05, 1.10, 1.00, 1.05, 39592368, 18014825
GTPL,20231006, 180.15, 181.80, 177.45, 179.60, 87732, 39857
GUFICBIO,20231006, 286.45, 296.20, 285.00, 292.50, 136134, 60700
GUJALKALI,20231006, 723.85, 730.00, 717.95, 726.00, 53872, 24866
GUJAPOLLO,20231006, 215.00, 215.00, 215.00, 215.00, 157, -
GUJGASLTD,20231006, 422.00, 425.55, 421.10, 424.70, 1146356, 721054
GUJRAFFIA,20231006, 33.25, 34.90, 33.25, 34.15, 2681, -
GULFOILLUB,20231006, 552.55, 554.65, 545.30, 550.20, 28263, 16438
GULFPETRO,20231006, 55.10, 55.10, 53.50, 54.05, 405536, 260508
GULPOLY,20231006, 222.90, 224.80, 221.10, 222.70, 29342, 15021
GVKPIL,20231006, 11.85, 11.85, 11.85, 11.85, 1737524, -
GVPTECH,20231006, 13.30, 13.30, 13.05, 13.05, 29186, -
HAL,20231006, 1945.15, 1964.00, 1943.00, 1956.10, 1029633, 550916
HAPPSTMNDS,20231006, 863.50, 865.80, 855.00, 856.80, 191674, 112677
HARDWYN,20231006, 37.90, 38.95, 37.20, 37.95, 549884, 468688
HARIOMPIPE,20231006, 590.70, 623.90, 587.60, 609.60, 128547, 50702
HARRMALAYA,20231006, 157.95, 161.85, 156.60, 159.50, 37499, 19384
HARSHA,20231006, 415.05, 424.95, 415.00, 417.50, 264694, 223700
HATHWAY,20231006, 21.20, 21.30, 20.45, 20.60, 12361883, 5324195
HATSUN,20231006, 1130.15, 1153.35, 1125.00, 1149.95, 32872, 12913
HAVELLS,20231006, 1414.30, 1419.00, 1395.00, 1399.45, 313649, 118056
HAVISHA,20231006, 1.80, 1.85, 1.80, 1.85, 43857, -
HBLPOWER,20231006, 278.25, 294.40, 276.10, 290.95, 4932652, 1653024
HBSL,20231006, 55.05, 55.60, 54.75, 55.05, 8103, 5087
HCC,20231006, 27.85, 29.00, 27.55, 28.55, 50462641, 19095574
HCG,20231006, 364.05, 367.15, 360.10, 362.45, 34784, 19154
HCL-INSYS,20231006, 16.45, 16.45, 16.05, 16.20, 189789, -
HCLTECH,20231006, 1252.00, 1256.00, 1230.10, 1237.70, 2497711, 1375285
HDFCAMC,20231006, 2651.50, 2737.00, 2648.55, 2726.15, 480315, 213647
HDFCBANK,20231006, 1544.00, 1545.00, 1529.85, 1534.05, 8879678, 5938403
HDFCBSE500,20231006, 27.90, 27.90, 27.33, 27.73, 4240, 3682
HDFCGOLD,20231006, 50.27, 50.27, 49.64, 49.71, 4807154, 4430129
HDFCGROWTH,20231006, 101.85, 101.85, 98.50, 99.63, 657, 434
HDFCLIFE,20231006, 624.55, 636.20, 622.75, 630.90, 3713370, 2582136
HDFCLIQUID,20231006, 1000.01, 1000.01, 999.99, 1000.01, 2786, 2625
HDFCLOWVOL,20231006, 150.00, 150.39, 150.00, 150.39, 6, 5
HDFCMID150,20231006, 153.32, 153.32, 150.13, 151.03, 2454, 1508
HDFCMOMENT,20231006, 229.99, 230.95, 229.91, 230.87, 608, 402
HDFCNEXT50,20231006, 449.70, 452.47, 449.70, 452.09, 308, 304
HDFCNIF100,20231006, 201.82, 201.82, 196.80, 198.56, 155, 114
HDFCNIFBAN,20231006, 444.51, 451.20, 444.51, 448.49, 4863, 3595
HDFCNIFIT,20231006, 330.00, 332.00, 324.31, 327.49, 1337, 1172
HDFCNIFTY,20231006, 215.29, 215.29, 213.41, 214.89, 21164, 19493
HDFCPVTBAN,20231006, 230.00, 231.79, 230.00, 231.43, 441, 336
HDFCQUAL,20231006, 44.97, 44.97, 44.45, 44.46, 2322, 1522
HDFCSENSEX,20231006, 724.56, 726.98, 721.78, 725.91, 1133, 919
HDFCSILVER,20231006, 68.05, 69.10, 67.50, 68.90, 115746, 85541
HDFCSML250,20231006, 123.49, 124.00, 122.61, 123.55, 80245, 53407
HDFCVALUE,20231006, 106.40, 106.40, 104.65, 105.48, 8936, 7773
HDIL,20231006, 3.00, 3.00, 3.00, 3.00, 54071, -
HEADSUP,20231006, 11.45, 11.75, 11.40, 11.65, 17129, 11416
HEALTHY,20231006, 9.60, 9.77, 9.60, 9.66, 35364, 18082
HECPROJECT,20231006, 45.60, 48.70, 45.50, 48.70, 50319, 13913
HEG,20231006, 1772.00, 1808.00, 1755.05, 1777.95, 297281, 68161
HEIDELBERG,20231006, 196.65, 196.65, 193.10, 193.80, 491867, 233824
HEMIPROP,20231006, 114.35, 115.95, 113.80, 114.50, 413380, 208545
HERANBA,20231006, 356.15, 363.50, 356.15, 360.95, 27088, 15429
HERCULES,20231006, 315.15, 339.50, 314.10, 321.80, 149110, 40526
HERITGFOOD,20231006, 230.45, 233.90, 230.35, 230.85, 135645, 64928
HEROMOTOCO,20231006, 3040.00, 3045.00, 3022.50, 3038.00, 180660, 80222
HESTERBIO,20231006, 1678.25, 1750.45, 1678.25, 1708.50, 4684, 2602
HEUBACHIND,20231006, 443.70, 446.25, 439.65, 444.75, 20777, 11749
HEXATRADEX,20231006, 152.90, 152.90, 148.15, 149.05, 5119, 3747
HFCL,20231006, 74.50, 76.25, 73.80, 75.35, 6706942, 1721892
HGINFRA,20231006, 955.00, 962.85, 943.95, 951.85, 53135, 27631
HGS,20231006, 1007.05, 1007.05, 997.00, 999.70, 17061, 10307
HIGREEN,20231006, 103.05, 103.05, 103.05, 103.05, 64000, 64000
HIKAL,20231006, 288.00, 288.15, 284.20, 286.10, 322745, 214877
HIL,20231006, 2915.05, 2950.00, 2906.00, 2933.75, 8765, 6084
HILTON,20231006, 154.85, 158.95, 153.30, 157.85, 128665, 59839
HIMATSEIDE,20231006, 133.75, 136.90, 132.65, 135.15, 405685, 147717
HINDALCO,20231006, 475.00, 476.45, 469.35, 472.60, 3134022, 1341834
HINDCOMPOS,20231006, 414.90, 416.00, 410.00, 411.90, 6776, 3984
HINDCON,20231006, 134.85, 134.85, 129.65, 132.85, 7303, -
HINDCOPPER,20231006, 154.90, 155.70, 153.20, 154.85, 3928257, 1412513
HINDMOTORS,20231006, 15.40, 18.00, 15.25, 17.65, 6501395, 3569481
HINDNATGLS,20231006, 14.95, 14.95, 14.95, 14.95, 67120, -
HINDOILEXP,20231006, 163.90, 166.65, 161.70, 162.15, 856586, 537956
HINDPETRO,20231006, 254.05, 259.30, 253.00, 257.75, 3734939, 1877537
HINDUNILVR,20231006, 2519.95, 2520.00, 2494.00, 2499.40, 1083342, 685644
HINDWAREAP,20231006, 545.70, 546.00, 536.00, 537.35, 36031, 19132
HINDZINC,20231006, 306.45, 306.85, 302.55, 305.55, 326063, 201624
HIRECT,20231006, 352.60, 352.60, 352.00, 352.60, 1590, -
HISARMETAL,20231006, 178.30, 184.90, 178.30, 180.70, 7619, -
HITECH,20231006, 84.40, 84.45, 81.20, 82.15, 715843, 411028
HITECHCORP,20231006, 224.85, 231.00, 220.00, 231.00, 13069, -
HITECHGEAR,20231006, 369.80, 372.50, 363.55, 366.55, 5292, 3412
HLEGLAS,20231006, 539.85, 546.40, 537.30, 540.70, 58141, 29767
HLVLTD,20231006, 22.95, 24.15, 22.70, 23.55, 3856606, 1084657
HMAAGRO,20231006, 743.25, 743.25, 718.55, 722.40, 93141, 68885
HMT,20231006, 56.25, 56.25, 56.25, 56.25, 31587, -
HMVL,20231006, 72.00, 73.40, 70.50, 73.20, 61106, -
HNDFDS,20231006, 545.00, 545.00, 538.50, 540.60, 63278, 32391
HNGSNGBEES,20231006, 262.70, 264.40, 261.92, 264.00, 14774, 12015
HOLMARC,20231006, 81.00, 85.05, 80.00, 85.00, 147000, 138000
HOMEFIRST,20231006, 851.00, 855.00, 839.05, 843.50, 79864, 40349
HONAUT,20231006, 39422.90, 39422.90, 38964.05, 38985.25, 2367, 1452
HONDAPOWER,20231006, 3115.00, 3115.00, 3021.10, 3062.15, 13792, 5272
HOVS,20231006, 56.90, 61.80, 55.65, 58.45, 194154, 80635
HPAL,20231006, 468.80, 473.95, 461.90, 467.30, 125008, 44856
HPIL,20231006, 123.85, 123.85, 119.00, 120.15, 544, -
HPL,20231006, 209.50, 218.75, 206.60, 218.75, 347522, 215643
HSCL,20231006, 248.45, 248.60, 245.50, 247.25, 1006352, 548293
HTMEDIA,20231006, 25.35, 26.50, 25.35, 25.60, 1076436, 489626
HUBTOWN,20231006, 61.55, 62.85, 61.35, 61.80, 131962, 81841
HUDCO,20231006, 91.00, 93.55, 89.25, 92.15, 21711391, 4067177
HUHTAMAKI,20231006, 254.45, 259.90, 254.10, 258.85, 42570, 30315
HYBRIDFIN,20231006, 7.90, 8.15, 7.70, 8.15, 4956, -
IBREALEST,20231006, 80.55, 83.15, 79.60, 82.45, 12182508, 3593976
IBULHSGFIN,20231006, 1040.00, 1040.00, 992.86, 992.86, 66, 61
IBULHSGFIN,20231006, 935.00, 935.00, 930.00, 933.00, 35, 35
IBULHSGFIN,20231006, 968.00, 968.00, 968.00, 968.00, 29, 29
IBULHSGFIN,20231006, 970.00, 970.00, 970.00, 970.00, 3, 3
IBULHSGFIN,20231006, 172.20, 174.00, 168.90, 172.05, 16018755, 6814232
IBULHSGFIN,20231006, 958.00, 958.00, 958.00, 958.00, 5, 5
IBULHSGFIN,20231006, 955.00, 986.13, 955.00, 986.13, 138, 50
IBULHSGFIN,20231006, 1030.00, 1030.00, 1030.00, 1030.00, 10, 10
IBULHSGFIN,20231006, 1001.35, 1001.35, 1001.35, 1001.35, 1, 1
ICDSLTD,20231006, 26.90, 26.90, 26.85, 26.85, 3, -
ICEMAKE,20231006, 648.65, 648.65, 621.35, 648.65, 145785, 62241
ICICI5GSEC,20231006, 53.21, 53.62, 53.00, 53.31, 2471, 2348
ICICIBANK,20231006, 946.00, 946.55, 938.00, 945.20, 6355755, 3883614
ICICICOMMO,20231006, 63.80, 64.03, 63.76, 63.92, 17561, 16128
ICICIFIN,20231006, 20.61, 20.97, 20.41, 20.86, 51287, 32424
ICICIGI,20231006, 1300.75, 1326.45, 1295.75, 1319.65, 404115, 174927
ICICIGOLD,20231006, 49.21, 51.20, 49.21, 49.72, 302943, 255525
ICICIINFRA,20231006, 64.38, 64.38, 63.24, 63.74, 2132, 1737
ICICIMOM30,20231006, 23.27, 23.58, 23.15, 23.29, 16264, 10622
ICICIPRULI,20231006, 552.45, 560.95, 550.75, 559.35, 1059398, 580161
ICIL,20231006, 223.00, 231.85, 221.10, 227.65, 365652, 173812
ICRA,20231006, 5497.75, 5500.00, 5451.00, 5463.10, 1175, 509
IDBI,20231006, 68.95, 69.85, 68.25, 69.75, 7656997, 2556156
IDEA,20231006, 11.20, 11.30, 10.85, 10.95, 122177842, 55119353
IDEAFORGE,20231006, 859.80, 864.00, 813.95, 823.40, 384685, 238418
IDFC,20231006, 124.20, 125.50, 123.45, 124.40, 11315907, 7179484
IDFCFIRSTB,20231006, 92.25, 92.45, 90.70, 91.40, 26681015, 11541090
IEL,20231006, 10.00, 10.00, 10.00, 10.00, 37817, -
IEX,20231006, 133.95, 134.45, 132.30, 133.80, 5965536, 2718671
IFBAGRO,20231006, 520.00, 527.00, 519.85, 523.40, 4106, 2393
IFBIND,20231006, 896.75, 915.00, 888.30, 909.15, 13998, 7863
IFCI,20231006, 23.45, 24.60, 22.90, 24.50, 63235931, 14826029
IFGLEXPOR,20231006, 466.00, 469.95, 457.25, 465.85, 18192, 9158
IGARASHI,20231006, 617.40, 624.45, 616.30, 619.85, 56378, 41992
IGL,20231006, 458.50, 463.40, 457.05, 460.45, 839137, 296889
IGPL,20231006, 524.65, 527.30, 511.75, 516.00, 38002, 19990
IIFL,20231006, 615.50, 640.00, 613.80, 636.00, 393308, 204118
IIFL,20231006, 948.00, 948.00, 948.00, 948.00, 101, 101
IIFL,20231006, 926.00, 926.00, 920.01, 920.01, 145, 145
IIFLSEC,20231006, 89.80, 91.75, 87.60, 88.70, 726750, 268802
IITL,20231006, 108.80, 108.80, 103.30, 106.70, 1226, -
IKIO,20231006, 357.90, 359.50, 354.00, 357.95, 135044, 68652
IL&FSENGG,20231006, 20.15, 20.15, 20.15, 20.15, 37439, -
IL&FSTRANS,20231006, 4.50, 4.50, 4.50, 4.50, 23463, -
IMAGICAA,20231006, 52.00, 53.10, 51.90, 52.70, 1026483, 490366
IMFA,20231006, 416.80, 425.00, 412.80, 424.00, 174529, 79240
IMPAL,20231006, 787.65, 788.80, 780.00, 781.05, 1589, 1264
IMPEXFERRO,20231006, 3.20, 3.20, 3.20, 3.20, 17950, -
INCREDIBLE,20231006, 31.00, 31.30, 28.65, 30.15, 55582, 33178
INDBANK,20231006, 36.00, 36.60, 34.50, 35.75, 29904, -
INDHOTEL,20231006, 419.50, 424.75, 418.25, 422.95, 2577983, 1065632
INDIACEM,20231006, 231.00, 232.50, 228.10, 231.20, 2129085, 694576
INDIAGLYCO,20231006, 705.40, 723.60, 695.80, 697.50, 154131, 73033
INDIAMART,20231006, 2880.05, 2904.50, 2863.40, 2867.90, 69971, 17914
INDIANB,20231006, 429.90, 432.95, 423.15, 426.05, 1106747, 360121
INDIANCARD,20231006, 254.95, 257.00, 247.05, 249.55, 8652, 6406
INDIANHUME,20231006, 246.60, 256.15, 246.05, 252.65, 62076, 31692
INDIGO,20231006, 2555.00, 2568.95, 2502.10, 2535.50, 1931108, 647220
INDIGOPNTS,20231006, 1505.00, 1522.00, 1495.50, 1506.45, 28713, 9977
INDLMETER,20231006, 4.90, 5.00, 4.75, 4.85, 13986, -
INDNIPPON,20231006, 496.30, 508.05, 496.30, 503.55, 11501, 7469
INDOAMIN,20231006, 116.95, 118.20, 115.90, 117.35, 54677, 31940
INDOBORAX,20231006, 164.80, 164.80, 158.00, 161.15, 23984, -
INDOCO,20231006, 329.90, 333.85, 328.05, 332.35, 64695, 34531
INDORAMA,20231006, 50.80, 52.00, 50.20, 50.95, 180514, 94721
INDOSTAR,20231006, 174.75, 175.00, 172.45, 172.90, 33328, -
INDOTECH,20231006, 436.20, 439.90, 436.20, 439.00, 1558, -
INDOTHAI,20231006, 225.00, 227.00, 223.00, 226.30, 907, -
INDOWIND,20231006, 13.55, 13.60, 13.05, 13.50, 102636, -
INDRAMEDCO,20231006, 173.10, 179.80, 173.10, 176.90, 136838, -
INDSWFTLAB,20231006, 90.20, 96.60, 89.45, 93.85, 633661, 291106
INDSWFTLTD,20231006, 16.00, 16.75, 16.00, 16.00, 37676, -
INDTERRAIN,20231006, 62.50, 65.70, 62.50, 64.25, 577301, 292683
INDUSINDBK,20231006, 1404.95, 1438.00, 1401.10, 1434.80, 2167139, 1051734
INDUSTOWER,20231006, 183.50, 184.75, 180.40, 180.80, 3999034, 1843408
INFIBEAM,20231006, 19.80, 20.90, 19.15, 20.25, 151137441, 29976139
INFINIUM,20231006, 268.00, 268.00, 261.00, 261.00, 8000, 6000
INFOBEAN,20231006, 463.60, 468.20, 461.55, 462.90, 7462, 4198
INFOLLION,20231006, 193.85, 202.00, 188.00, 188.50, 92800, 24000
INFOMEDIA,20231006, 6.30, 6.30, 5.75, 6.15, 7573, -
INFRABEES,20231006, 646.12, 647.67, 642.59, 647.07, 2477, 2307
INFY,20231006, 1469.50, 1484.50, 1463.30, 1478.70, 3598672, 1837693
INGERRAND,20231006, 2870.55, 2963.95, 2870.55, 2917.05, 50061, 15297
INNOVANA,20231006, 580.00, 609.00, 565.00, 565.00, 1600, 1600
INNOVATIVE,20231006, 5.95, 6.20, 5.95, 6.10, 159000, 102000
INOXGREEN,20231006, 64.10, 66.60, 63.85, 66.05, 1652980, 632989
INOXWIND,20231006, 198.95, 211.75, 198.60, 209.35, 2175990, 1238114
INSECTICID,20231006, 509.40, 517.00, 504.85, 513.20, 48470, 27833
INSPIRE,20231006, 64.45, 71.20, 64.45, 71.20, 592000, 554000
INSPIRISYS,20231006, 62.45, 63.00, 60.35, 62.60, 59831, 46901
INTELLECT,20231006, 707.85, 714.75, 693.00, 697.10, 164230, 57280
INTENTECH,20231006, 82.95, 84.00, 81.50, 82.20, 101973, 58549
INTLCONV,20231006, 82.55, 82.95, 81.15, 81.95, 104737, 59758
INVENTURE,20231006, 2.35, 2.40, 2.30, 2.30, 1188144, 960450
IOB,20231006, 47.25, 47.30, 45.30, 46.25, 78164539, 12548570
IOC,20231006, 90.00, 90.00, 89.35, 89.75, 8500414, 4424687
IOLCP,20231006, 469.00, 476.00, 467.70, 472.35, 193158, 71409
IONEXCHANG,20231006, 525.00, 529.95, 506.60, 513.75, 199448, 106659
IPCALAB,20231006, 931.55, 938.45, 927.05, 933.90, 325290, 212365
IPL,20231006, 284.00, 303.00, 283.50, 299.25, 2476392, 1002775
IRB,20231006, 31.20, 32.70, 30.95, 32.50, 38361313, 17886047
IRCON,20231006, 142.50, 144.35, 140.65, 141.55, 5599378, 1212424
IRCTC,20231006, 721.95, 722.65, 714.00, 719.80, 1644795, 796759
IRFC,20231006, 74.80, 76.00, 73.80, 74.85, 27407523, 8537823
IRIS,20231006, 103.00, 105.50, 102.75, 105.00, 94917, -
IRISDOREME,20231006, 86.00, 88.40, 85.65, 86.50, 335805, 159946
ISEC,20231006, 619.70, 631.20, 617.55, 628.35, 92398, 48736
ISFT,20231006, 138.50, 138.50, 133.00, 133.45, 44940, 30981
ISGEC,20231006, 711.80, 721.25, 704.20, 706.90, 63077, 37375
ISHAN,20231006, 32.15, 32.15, 31.10, 31.60, 4800, 4800
ISMTLTD,20231006, 76.80, 77.00, 75.70, 76.45, 94948, 47901
ITBEES,20231006, 33.99, 34.10, 33.76, 34.01, 17690806, 16176422
ITC,20231006, 437.85, 443.60, 436.65, 442.15, 8418580, 4195917
ITDC,20231006, 385.50, 401.40, 382.40, 395.10, 115253, 40837
ITDCEM,20231006, 223.20, 224.00, 221.00, 222.45, 580527, 341105
ITI,20231006, 195.35, 196.45, 191.10, 192.00, 982100, 282719
IVC,20231006, 8.00, 8.05, 7.85, 7.90, 257272, -
IVP,20231006, 162.55, 167.90, 162.55, 165.80, 2722, 1741
IWEL,20231006, 2471.95, 2660.55, 2440.00, 2601.25, 9492, 6752
IZMO,20231006, 188.50, 189.00, 187.00, 189.00, 12484, -
J&KBANK,20231006, 107.70, 115.90, 107.40, 114.00, 26463167, 5986492
JAGRAN,20231006, 104.70, 105.00, 102.55, 102.85, 60421, 34163
JAGSNPHARM,20231006, 425.20, 430.00, 421.00, 423.25, 15231, 7373
JAIBALAJI,20231006, 504.00, 507.25, 495.00, 507.15, 941195, -
JAICORPLTD,20231006, 235.15, 241.95, 232.60, 236.45, 4361870, 935373
JAINAM,20231006, 126.05, 135.80, 126.05, 135.80, 2000, 2000
JAIPURKURT,20231006, 82.95, 84.70, 82.95, 84.00, 35602, 32751
JALAN,20231006, 4.75, 4.90, 4.55, 4.55, 144000, 129000
JAMNAAUTO,20231006, 118.25, 121.00, 118.25, 119.55, 956815, 459913
JASH,20231006, 1450.00, 1533.60, 1410.00, 1504.10, 62306, 42694
JAYAGROGN,20231006, 207.00, 209.00, 203.60, 204.40, 17185, 10036
JAYBARMARU,20231006, 269.00, 274.90, 268.00, 273.90, 21193, 15680
JAYNECOIND,20231006, 36.95, 39.00, 36.70, 39.00, 797992, 434836
JAYSREETEA,20231006, 109.05, 113.35, 109.00, 109.40, 108268, 40916
JBCHEPHARM,20231006, 1500.45, 1519.70, 1477.00, 1490.25, 207884, 139342
JBMA,20231006, 1318.95, 1318.95, 1275.00, 1299.20, 74862, -
JCHAC,20231006, 1200.00, 1216.55, 1200.00, 1203.80, 8452, 4484
JETAIRWAYS,20231006, 67.70, 67.70, 67.70, 67.70, 61899, -
JETFREIGHT,20231006, 10.25, 10.25, 9.70, 10.10, 92092, -
JHS,20231006, 21.85, 22.45, 21.25, 22.20, 42554, -
JINDALPHOT,20231006, 519.60, 531.35, 513.15, 515.65, 12921, 6105
JINDALPOLY,20231006, 689.00, 703.80, 680.60, 685.75, 74474, 24901
JINDALSAW,20231006, 354.85, 356.00, 337.10, 345.30, 652800, 332378
JINDALSTEL,20231006, 687.95, 698.00, 681.35, 683.45, 3259891, 804594
JINDRILL,20231006, 660.90, 687.40, 660.90, 684.35, 167193, 84914
JINDWORLD,20231006, 373.30, 378.35, 366.00, 367.45, 90451, 50890
JIOFIN,20231006, 226.50, 227.65, 223.70, 225.10, 7531900, 4764235
JISLDVREQS,20231006, 32.70, 33.50, 31.70, 33.50, 95451, -
JISLJALEQS,20231006, 63.25, 66.80, 63.15, 65.05, 9637804, 4219525
JITFINFRA,20231006, 476.10, 476.10, 476.10, 476.10, 16800, -
JIWANRAM,20231006, 19.65, 20.20, 19.65, 19.85, 132000, 126000
JKCEMENT,20231006, 3135.70, 3165.00, 3126.70, 3161.05, 42460, 17491
JKIL,20231006, 433.00, 435.25, 429.05, 433.55, 91382, 43949
JKLAKSHMI,20231006, 670.00, 676.45, 663.00, 675.30, 248222, 154941
JKPAPER,20231006, 389.40, 391.65, 386.00, 388.00, 256488, 118118
JKTYRE,20231006, 288.00, 290.90, 280.75, 282.75, 944774, 329844
JLHL,20231006, 1127.00, 1165.05, 1122.90, 1154.25, 134120, 45474
JMA,20231006, 80.20, 80.20, 77.80, 78.40, 33175, 7915
JMFINANCIL,20231006, 87.15, 89.95, 86.10, 88.45, 10823682, 3584896
JOCIL,20231006, 196.55, 196.55, 192.55, 194.20, 7959, 4746
JPASSOCIAT,20231006, 11.25, 11.45, 11.15, 11.25, 10230473, 4244981
JPOLYINVST,20231006, 526.80, 540.00, 526.30, 528.35, 4648, 2436
JPPOWER,20231006, 9.85, 9.95, 9.65, 9.80, 69545703, 16329382
JSL,20231006, 483.80, 486.20, 470.00, 476.45, 695068, 382946
JSLL,20231006, 1035.00, 1052.10, 1030.05, 1052.10, 36500, 24500
JSWENERGY,20231006, 416.35, 423.65, 409.50, 419.65, 6266338, 2752215
JSWHL,20231006, 4900.00, 5050.00, 4900.00, 4982.40, 36583, 33632
JSWINFRA,20231006, 165.15, 173.35, 164.00, 171.60, 14529445, 5323003
JSWSTEEL,20231006, 760.35, 771.15, 758.65, 765.20, 2026927, 721554
JTEKTINDIA,20231006, 143.20, 144.70, 141.50, 142.40, 184818, 88555
JTLIND,20231006, 231.45, 241.80, 229.50, 238.00, 1838799, 703854
JUBLFOOD,20231006, 530.20, 538.75, 528.65, 532.90, 3273021, 1301908
JUBLINDS,20231006, 648.20, 665.50, 640.40, 656.20, 22964, 10869
JUBLINGREA,20231006, 487.00, 487.00, 480.25, 484.05, 75042, 33204
JUBLPHARMA,20231006, 424.35, 429.00, 424.30, 427.90, 41421, 18648
JUNIORBEES,20231006, 487.40, 487.40, 459.00, 475.89, 104454, 72427
JUSTDIAL,20231006, 737.95, 754.75, 730.10, 747.20, 411848, 274787
JWL,20231006, 315.70, 322.45, 310.00, 314.20, 521798, 269980
JYOTHYLAB,20231006, 359.45, 363.80, 354.35, 360.60, 832180, 398506
JYOTISTRUC,20231006, 15.80, 15.80, 15.80, 15.80, 166131, -
KABRAEXTRU,20231006, 443.95, 452.35, 441.80, 450.05, 24502, 13999
KAJARIACER,20231006, 1335.40, 1336.50, 1316.65, 1319.40, 63499, 39178
KAKATCEM,20231006, 221.85, 225.95, 220.90, 224.10, 9057, 4778
KALAMANDIR,20231006, 235.95, 246.50, 235.95, 243.35, 1825115, 930151
KALYANIFRG,20231006, 468.55, 468.55, 468.55, 468.55, 181, -
KALYANKJIL,20231006, 239.70, 261.00, 239.70, 258.15, 14774304, 4141723
KAMATHOTEL,20231006, 201.50, 207.55, 199.80, 201.95, 54865, 36868
KAMDHENU,20231006, 312.70, 313.90, 307.00, 311.10, 178692, 94568
KAMOPAINTS,20231006, 152.45, 155.00, 150.15, 154.65, 383334, -
KANANIIND,20231006, 9.40, 9.50, 9.10, 9.50, 1202303, 685321
KANDARP,20231006, 18.80, 22.00, 18.50, 21.85, 108000, 104000
KANORICHEM,20231006, 136.10, 140.00, 135.05, 136.75, 94473, 53435
KANPRPLA,20231006, 122.00, 125.35, 121.60, 123.20, 17015, 9384
KANSAINER,20231006, 324.70, 327.00, 322.60, 323.80, 323839, 238330
KAPSTON,20231006, 182.80, 182.80, 178.55, 179.00, 10040, 5478
KARMAENG,20231006, 47.85, 50.20, 47.85, 50.10, 41759, -
KARURVYSYA,20231006, 134.00, 135.30, 131.70, 132.65, 1486600, 1032571
KAUSHALYA,20231006, 8.65, 8.70, 8.65, 8.70, 39022, 39022
KAVVERITEL,20231006, 8.00, 8.00, 7.90, 7.95, 13484, -
KAYA,20231006, 344.05, 352.00, 344.05, 348.90, 4015, 2340
KAYNES,20231006, 2516.05, 2571.50, 2516.05, 2549.70, 207143, 157568
KBCGLOBAL,20231006, 2.50, 2.50, 2.45, 2.50, 395362, -
KCK,20231006, 23.25, 23.25, 23.25, 23.25, 4000, 4000
KCP,20231006, 128.30, 137.45, 127.40, 133.90, 4219298, 1039894
KCPSUGIND,20231006, 36.15, 36.55, 35.50, 35.90, 431832, 176424
KDDL,20231006, 2032.55, 2092.00, 2032.55, 2049.10, 12972, 6020
KDL,20231006, 298.05, 306.50, 298.00, 306.50, 3200, 3200
KEC,20231006, 674.75, 689.95, 673.95, 685.90, 208485, 100637
KECL,20231006, 121.50, 126.55, 119.00, 126.55, 3921322, 799425
KEEPLEARN,20231006, 3.00, 3.00, 2.95, 3.00, 5439, -
KEI,20231006, 2700.00, 2740.00, 2698.00, 2725.80, 205213, 124538
KEL,20231006, 71.95, 73.70, 66.85, 73.70, 141600, 134400
KELLTONTEC,20231006, 86.90, 87.80, 86.05, 86.80, 543402, 243241
KENNAMET,20231006, 2592.95, 2672.95, 2583.85, 2655.15, 8200, 3536
KERNEX,20231006, 470.00, 484.80, 462.05, 480.90, 36172, -
KESORAMIND,20231006, 91.90, 91.90, 87.80, 88.35, 397286, -
KEYFINSERV,20231006, 113.05, 114.00, 110.45, 111.80, 1289, 599
KFINTECH,20231006, 466.05, 471.15, 462.00, 464.00, 70086, 32717
KHADIM,20231006, 324.55, 326.95, 319.75, 321.35, 106302, 50485
KHAICHEM,20231006, 65.55, 66.30, 65.00, 65.25, 63915, 40901
KHAITANLTD,20231006, 56.70, 57.85, 56.00, 56.00, 1388, -
KHANDSE,20231006, 25.10, 25.60, 24.25, 24.85, 13435, -
KHFM,20231006, 52.85, 52.85, 52.85, 52.85, 3100, 3100
KICL,20231006, 2924.60, 2988.00, 2922.70, 2963.55, 4272, 2519
KILITCH,20231006, 264.95, 264.95, 261.00, 261.00, 8338, -
KIMS,20231006, 1934.95, 1957.55, 1910.35, 1917.95, 28321, 13483
KINGFA,20231006, 2312.30, 2360.00, 2299.90, 2340.85, 6472, 3863
KIOCL,20231006, 325.75, 327.85, 318.05, 321.70, 320605, 84613
KIRIINDUS,20231006, 269.80, 270.80, 267.80, 269.40, 40170, 15455
KIRLFER,20231006, 469.95, 471.90, 465.00, 468.10, 36634, 17004
KIRLOSBROS,20231006, 892.00, 922.40, 874.35, 886.05, 179806, 125372
KIRLOSENG,20231006, 536.60, 540.20, 527.30, 530.00, 253508, 161631
KIRLOSIND,20231006, 3145.00, 3145.00, 3100.00, 3116.25, 1812, 1027
KIRLPNU,20231006, 684.85, 685.00, 667.20, 679.55, 27696, 14658
KITEX,20231006, 206.50, 212.95, 206.50, 209.15, 181047, 86385
KKCL,20231006, 704.65, 759.90, 704.20, 748.40, 186848, 76883
KMSUGAR,20231006, 35.40, 35.70, 34.95, 35.05, 469637, 183488
KNAGRI,20231006, 133.00, 135.80, 128.20, 132.05, 41600, 30400
KNRCON,20231006, 285.65, 286.60, 281.05, 281.90, 419304, 251448
KODYTECH,20231006, 229.90, 229.90, 216.30, 227.85, 132800, 124800
KOHINOOR,20231006, 34.90, 35.75, 34.55, 34.75, 125921, 74707
KOKUYOCMLN,20231006, 134.40, 138.00, 133.05, 136.95, 23408, -
KOLTEPATIL,20231006, 468.20, 483.00, 465.55, 479.10, 249906, 96188
KOPRAN,20231006, 221.05, 222.95, 218.25, 219.75, 115826, 49684
KORE,20231006, 300.00, 301.00, 300.00, 301.00, 2000, 1000
KOTAKALPHA,20231006, 35.05, 35.17, 34.86, 34.95, 163332, 115935
KOTAKBANK,20231006, 1735.30, 1747.00, 1730.20, 1743.90, 1992323, 1132686
KOTAKIT,20231006, 33.50, 33.87, 33.50, 33.78, 158500, 95089
KOTAKLIQ,20231006, 1000.00, 1000.01, 1000.00, 1000.01, 32, 32
KOTAKLOVOL,20231006, 15.23, 15.50, 15.18, 15.33, 793176, 792562
KOTAKMNC,20231006, 21.75, 22.70, 21.75, 22.09, 153572, 150704
KOTAKSILVE,20231006, 69.01, 69.95, 69.01, 69.43, 91279, 88897
KOTARISUG,20231006, 55.65, 55.65, 53.90, 54.45, 93073, -
KOTHARIPET,20231006, 124.75, 125.70, 122.80, 123.55, 101356, 49833
KOTHARIPRO,20231006, 128.00, 134.35, 123.05, 130.20, 113477, 55989
KOTYARK,20231006, 790.00, 830.00, 760.00, 794.00, 264200, 154800
KOVAI,20231006, 2580.00, 2620.25, 2580.00, 2596.90, 5367, 3994
KPIGREEN,20231006, 901.00, 919.00, 895.00, 902.65, 224961, 127978
KPIL,20231006, 646.90, 660.95, 633.15, 636.30, 89733, 49109
KPITTECH,20231006, 1163.80, 1163.80, 1140.00, 1146.80, 399131, 166048
KPRMILL,20231006, 749.80, 753.80, 734.20, 737.60, 97679, 43669
KRBL,20231006, 402.85, 404.00, 394.45, 397.60, 205715, 99216
KREBSBIO,20231006, 69.40, 69.40, 66.55, 68.20, 5598, -
KRIDHANINF,20231006, 2.80, 2.80, 2.80, 2.80, 30551, -
KRISHANA,20231006, 507.95, 512.80, 498.05, 509.10, 74304, 47968
KRISHCA,20231006, 220.60, 227.00, 220.50, 221.80, 14000, 10000
KRISHNADEF,20231006, 298.70, 299.00, 291.30, 295.80, 30000, 24000
KRITI,20231006, 105.75, 106.40, 101.60, 101.85, 50093, 33487
KRITIKA,20231006, 22.10, 22.10, 22.10, 22.10, 223384, -
KRITINUT,20231006, 73.75, 73.75, 72.00, 72.80, 21507, -
KRSNAA,20231006, 679.80, 692.70, 671.70, 684.55, 65476, 34974
KSB,20231006, 2958.95, 3068.80, 2958.95, 3012.90, 36283, 8051
KSCL,20231006, 603.45, 605.40, 598.95, 602.10, 49860, 28422
KSHITIJPOL,20231006, 5.50, 5.55, 5.50, 5.55, 39851, -
KSL,20231006, 490.45, 506.50, 490.45, 498.15, 132637, 43230
KSOLVES,20231006, 1063.00, 1063.00, 1045.00, 1056.50, 8659, -
KTKBANK,20231006, 246.30, 249.85, 243.25, 247.80, 1187172, 341007
KUANTUM,20231006, 177.00, 185.60, 175.75, 183.00, 298481, 162247
L&TFH,20231006, 132.00, 138.45, 131.20, 137.55, 24981732, 9822656
L&TFINANCE,20231006, 1084.90, 1084.90, 1080.00, 1080.00, 152, 151
LAGNAM,20231006, 64.30, 65.50, 63.25, 65.05, 3142, -
LAL,20231006, 220.00, 224.40, 220.00, 224.20, 15733, -
LALPATHLAB,20231006, 2448.80, 2483.00, 2435.00, 2479.65, 135249, 53854
LAMBODHARA,20231006, 172.80, 189.00, 172.55, 180.85, 521269, 146735
LANDMARK,20231006, 785.15, 816.90, 776.00, 783.85, 59141, 26329
LAOPALA,20231006, 432.55, 435.00, 425.00, 431.05, 45026, 18826
LASA,20231006, 26.05, 27.00, 25.10, 26.95, 48228, -
LATENTVIEW,20231006, 412.40, 414.60, 406.20, 408.25, 262091, 130817
LATTEYS,20231006, 39.60, 40.40, 38.10, 40.30, 27834, -
LAURUSLABS,20231006, 396.00, 404.00, 394.65, 398.45, 1456537, 470306
LAXMICOT,20231006, 21.15, 22.30, 19.95, 22.05, 130447, 77009
LAXMIMACH,20231006, 14384.80, 14498.00, 14251.10, 14296.00, 2405, 1532
LCCINFOTEC,20231006, 1.70, 1.70, 1.70, 1.70, 8741, -
LEMERITE,20231006, 45.00, 47.80, 45.00, 46.50, 14400, 12800
LEMONTREE,20231006, 119.00, 121.50, 118.10, 118.75, 10993280, 4420434
LEXUS,20231006, 37.45, 37.45, 36.10, 36.50, 5755, -
LFIC,20231006, 147.85, 147.85, 143.25, 144.35, 5931, 3571
LGBBROSLTD,20231006, 1052.45, 1058.00, 1025.00, 1037.95, 35119, 20040
LGBFORGE,20231006, 9.25, 9.60, 9.20, 9.45, 331121, 168783
LGHL,20231006, 108.10, 108.10, 107.50, 107.50, 16000, 8000
LIBAS,20231006, 13.30, 13.50, 13.25, 13.40, 84269, 63746
LIBERTSHOE,20231006, 288.70, 293.30, 285.65, 287.00, 319223, 104032
LICHSGFIN,20231006, 472.95, 476.05, 466.10, 468.35, 3521962, 2094114
LICI,20231006, 638.05, 646.00, 638.05, 644.35, 626615, 313216
LICMFGOLD,20231006, 5215.05, 5215.05, 5192.95, 5196.35, 100, 78
LIKHITHA,20231006, 329.00, 331.75, 324.25, 327.50, 98483, 49571
LINC,20231006, 790.00, 803.95, 778.85, 790.50, 51975, 30105
LINCOLN,20231006, 521.85, 532.00, 518.80, 521.35, 55620, 25747
LINDEINDIA,20231006, 5990.00, 6030.00, 5968.30, 5998.40, 22054, 11516
LIQUID,20231006, 1000.01, 1000.01, 999.99, 999.99, 462882, 362400
LIQUIDBEES,20231006, 1000.00, 1000.01, 999.99, 1000.00, 9879034, 8994144
LLOYDS,20231006, 82.00, 85.20, 82.00, 84.75, 15000, 12000
LLOYDSME,20231006, 551.05, 567.00, 551.05, 564.25, 163189, 120449
LODHA,20231006, 756.50, 782.40, 748.00, 779.05, 1152789, 309394
LOKESHMACH,20231006, 225.95, 234.45, 224.65, 231.50, 431358, 199234
LORDSCHLO,20231006, 165.60, 166.95, 159.00, 161.50, 10803, 8147
LOTUSEYE,20231006, 82.10, 84.00, 82.10, 84.00, 2785, -
LOVABLE,20231006, 126.45, 138.00, 126.45, 134.40, 66547, 36769
LOWVOL,20231006, 150.00, 150.61, 150.00, 150.48, 446, 446
LOYALTEX,20231006, 632.65, 643.60, 616.35, 634.25, 561, 308
LPDC,20231006, 6.90, 7.15, 6.90, 6.95, 72278, 47161
LRRPL,20231006, 51.50, 51.50, 51.50, 51.50, 6000, 6000
LSIL,20231006, 42.75, 44.25, 42.50, 44.25, 2513926, -
LT,20231006, 3114.95, 3114.95, 3073.15, 3093.70, 1898118, 1086690
LTGILTBEES,20231006, 24.37, 24.38, 24.18, 24.24, 3190765, 2618249
LTIM,20231006, 5250.00, 5264.95, 5216.75, 5239.20, 139350, 45644
LTTS,20231006, 4660.95, 4689.65, 4634.00, 4655.00, 91966, 26424
LUMAXIND,20231006, 2379.85, 2419.70, 2350.00, 2359.10, 9429, 4309
LUMAXTECH,20231006, 374.75, 378.95, 365.00, 377.80, 137741, 69048
LUPIN,20231006, 1159.05, 1167.95, 1152.60, 1155.05, 569805, 200242
LUXIND,20231006, 1463.95, 1465.90, 1421.10, 1427.40, 99909, 57419
LXCHEM,20231006, 280.00, 283.90, 278.60, 280.20, 493254, 188115
LYKALABS,20231006, 121.70, 122.60, 120.05, 120.95, 54160, 30514
LYPSAGEMS,20231006, 5.20, 5.50, 5.20, 5.30, 9948, -
M&M,20231006, 1545.00, 1554.00, 1540.35, 1548.85, 1743027, 830658
M&MFIN,20231006, 287.55, 293.45, 286.95, 288.90, 4882078, 2225182
MAANALU,20231006, 90.25, 90.25, 88.55, 88.80, 82916, -
MACPOWER,20231006, 315.00, 315.00, 305.50, 307.00, 12526, 8244
MADHAV,20231006, 50.75, 52.30, 49.80, 51.50, 84669, 30462
MADHAVBAUG,20231006, 318.40, 318.40, 316.50, 316.70, 3200, 3200
MADHUCON,20231006, 5.15, 5.25, 5.15, 5.15, 30121, -
MADHUSUDAN,20231006, 114.80, 114.80, 110.00, 111.20, 70000, 64000
MADRASFERT,20231006, 75.25, 75.50, 74.10, 75.10, 281144, 87575
MAFANG,20231006, 61.87, 62.00, 61.49, 61.96, 191513, 147421
MAGADSUGAR,20231006, 656.70, 700.00, 652.65, 688.30, 78017, 39951
MAGNUM,20231006, 40.50, 40.50, 38.50, 38.90, 17809, -
MAGSON,20231006, 86.15, 87.00, 85.35, 86.10, 44000, 36000
MAHABANK,20231006, 48.95, 49.30, 47.95, 48.55, 35996505, 7593750
MAHAPEXLTD,20231006, 137.65, 140.00, 134.00, 135.10, 2508, 1117
MAHASTEEL,20231006, 78.20, 81.50, 78.00, 79.30, 154810, 34005
MAHEPC,20231006, 117.20, 120.00, 117.20, 119.75, 32281, 17798
MAHESHWARI,20231006, 81.05, 85.50, 81.00, 84.10, 215360, 93915
MAHKTECH,20231006, 13.78, 13.80, 13.59, 13.75, 421345, 221750
MAHLIFE,20231006, 539.80, 544.15, 531.05, 533.20, 273011, 147651
MAHLOG,20231006, 378.90, 379.15, 369.00, 369.75, 256172, 152812
MAHSCOOTER,20231006, 7537.65, 7775.00, 7537.65, 7731.15, 6515, 3587
MAHSEAMLES,20231006, 605.20, 612.60, 596.05, 598.75, 200338, 106962
MAITHANALL,20231006, 1002.00, 1021.85, 1002.00, 1014.25, 24045, 10898
MAKEINDIA,20231006, 97.80, 98.10, 97.72, 97.99, 6715, 5868
MAKS,20231006, 97.85, 97.85, 97.80, 97.80, 18000, 18000
MAL,20231006, 68.60, 68.60, 68.60, 68.60, 14400, 14400
MALLCOM,20231006, 1117.80, 1140.30, 1095.05, 1102.50, 10528, 6180
MALUPAPER,20231006, 39.65, 40.00, 38.40, 38.80, 41715, 26999
MANAKALUCO,20231006, 27.00, 27.35, 26.50, 26.90, 43809, 27331
MANAKCOAT,20231006, 23.80, 25.95, 23.80, 25.80, 145825, -
MANAKSIA,20231006, 139.75, 140.80, 137.40, 139.65, 681860, 621005
MANAKSTEEL,20231006, 46.90, 47.00, 46.10, 46.60, 86595, 50438
MANALIPETC,20231006, 68.15, 69.15, 67.55, 68.05, 610921, 345407
MANAPPURAM,20231006, 142.30, 143.40, 140.10, 142.85, 6390836, 2207338
MANAV,20231006, 17.05, 17.15, 17.05, 17.05, 28000, 28000
MANGALAM,20231006, 101.25, 103.00, 101.25, 101.75, 36180, 15018
MANGCHEFER,20231006, 105.90, 106.55, 104.60, 105.15, 156170, 87876
MANGLMCEM,20231006, 370.15, 371.75, 364.15, 367.85, 23354, 13230
MANINDS,20231006, 193.80, 199.30, 192.30, 194.35, 1172227, 313402
MANINFRA,20231006, 151.70, 162.00, 150.80, 160.95, 2731654, 1272617
MANKIND,20231006, 1768.40, 1805.85, 1746.65, 1799.45, 203884, 116751
MANOMAY,20231006, 138.30, 140.00, 131.00, 135.40, 123322, 47818
MANORAMA,20231006, 2158.05, 2251.50, 2148.05, 2251.25, 27517, 23534
MANORG,20231006, 386.25, 386.25, 374.10, 375.15, 3906, 2588
MANUGRAPH,20231006, 23.30, 23.65, 22.20, 23.50, 29474, -
MANYAVAR,20231006, 1293.45, 1311.00, 1285.60, 1298.90, 170334, 145126
MAPMYINDIA,20231006, 2139.90, 2237.90, 2110.15, 2213.45, 693598, 105828
MARALOVER,20231006, 76.90, 78.50, 76.40, 76.85, 22019, 11628
MARATHON,20231006, 428.75, 434.95, 418.00, 428.20, 54820, 27687
MARCO,20231006, 43.75, 44.20, 40.65, 44.20, 312000, 303000
MARICO,20231006, 546.10, 546.10, 536.65, 537.45, 1428800, 878093
MARINE,20231006, 59.90, 60.00, 58.05, 58.50, 143790, -
MARKSANS,20231006, 108.00, 109.60, 107.45, 109.10, 759993, 382289
MARSHALL,20231006, 56.15, 56.95, 55.00, 55.25, 31484, 25504
MARUTI,20231006, 10283.00, 10332.95, 10260.00, 10302.05, 335700, 194753
MASFIN,20231006, 919.00, 922.80, 909.00, 913.45, 37078, 28687
MASTEK,20231006, 2390.00, 2428.45, 2375.00, 2392.20, 31328, 12319
MASTER,20231006, 141.00, 142.50, 140.15, 140.50, 53000, 40000
MATRIMONY,20231006, 609.20, 610.80, 601.15, 605.75, 8416, 4672
MAWANASUG,20231006, 108.90, 110.60, 106.80, 107.35, 201908, 78738
MAXHEALTH,20231006, 564.00, 567.80, 558.00, 560.70, 1590442, 1315544
MAXIND,20231006, 142.40, 142.60, 141.50, 142.45, 46610, 36760
MAYURUNIQ,20231006, 562.50, 573.00, 560.50, 567.35, 146343, 74853
MAZDA,20231006, 1137.75, 1161.95, 1107.00, 1124.25, 9529, 5672
MAZDOCK,20231006, 2164.00, 2173.20, 2145.00, 2150.55, 447923, 83001
MBAPL,20231006, 606.15, 615.70, 605.00, 610.65, 8655, 6493
MBECL,20231006, 2.90, 3.15, 2.90, 3.15, 99340, -
MBLINFRA,20231006, 27.80, 28.30, 27.50, 28.30, 53747, -
MCDOWELL-N,20231006, 1016.95, 1027.00, 1008.00, 1024.65, 466321, 201470
MCL,20231006, 31.50, 31.95, 31.50, 31.95, 75106, -
MCLEODRUSS,20231006, 20.70, 20.90, 20.40, 20.70, 100019, -
MCON,20231006, 132.00, 132.00, 132.00, 132.00, 3000, 3000
MCX,20231006, 1954.00, 2050.00, 1948.60, 2039.60, 3955839, 522837
MDL,20231006, 44.05, 44.05, 41.85, 42.05, 20000, 16000
MEDANTA,20231006, 742.00, 759.00, 740.95, 748.40, 443873, 246207
MEDICAMEQ,20231006, 648.15, 654.90, 641.00, 644.70, 15395, 11521
MEDICO,20231006, 71.20, 72.50, 70.10, 71.90, 347902, 136809
MEDPLUS,20231006, 761.60, 770.00, 757.80, 760.75, 55739, 24732
MEGASOFT,20231006, 46.65, 46.70, 46.60, 46.60, 56819, -
MEGASTAR,20231006, 302.30, 309.85, 296.55, 299.65, 14331, 6385
MELSTAR,20231006, 2.25, 2.25, 2.25, 2.25, 117, -
MENONBE,20231006, 150.20, 151.10, 148.20, 149.60, 72426, 34971
MEP,20231006, 12.05, 12.15, 11.55, 11.60, 753978, 599251
METROBRAND,20231006, 1184.00, 1194.55, 1135.00, 1140.55, 206776, 62501
METROPOLIS,20231006, 1440.10, 1475.00, 1435.00, 1471.05, 224938, 100739
MFSL,20231006, 919.85, 923.95, 913.25, 917.65, 384015, 132216
MGEL,20231006, 16.00, 16.00, 15.95, 16.00, 197420, -
MGL,20231006, 1118.85, 1125.75, 1101.00, 1113.55, 371682, 129825
MHHL,20231006, 77.95, 77.95, 69.00, 69.00, 12000, 9000
MHLXMIRU,20231006, 206.40, 209.45, 199.75, 200.40, 26074, 13321
MHRIL,20231006, 402.10, 439.40, 402.10, 433.80, 1772872, 387491
MICEL,20231006, 30.85, 31.35, 29.90, 31.00, 1554262, 875353
MID150BEES,20231006, 150.02, 156.95, 148.90, 154.18, 400074, 323664
MIDCAPETF,20231006, 15.55, 15.55, 15.11, 15.16, 239208, 195755
MIDHANI,20231006, 413.20, 418.25, 408.75, 414.60, 422700, 136727
MINDACORP,20231006, 327.95, 339.00, 326.90, 335.65, 1007450, 550743
MINDSPACE,20231006, 308.65, 312.99, 308.65, 309.94, 54645, 48624
MINDTECK,20231006, 177.45, 211.80, 177.45, 208.95, 2648157, 429339
MIRCELECTR,20231006, 19.00, 19.15, 17.90, 18.15, 636894, -
MIRZAINT,20231006, 50.45, 50.45, 47.95, 50.45, 5274582, 2006269
MITCON,20231006, 76.80, 81.80, 75.30, 79.05, 84147, 36670
MITTAL,20231006, 17.00, 17.00, 16.25, 16.35, 27987, -
MKPL,20231006, 874.80, 897.50, 852.05, 883.45, 159964, 59524
MMFL,20231006, 879.90, 879.90, 856.55, 866.20, 14424, 8417
MMP,20231006, 234.00, 235.00, 230.70, 235.00, 12319, -
MMTC,20231006, 58.15, 59.45, 58.15, 59.00, 2235871, 857713
MODIRUBBER,20231006, 77.15, 80.40, 75.50, 80.30, 21165, -
MODISONLTD,20231006, 80.45, 80.80, 78.20, 79.30, 23470, -
MOGSEC,20231006, 52.90, 52.90, 52.60, 52.69, 1593, 1461
MOHEALTH,20231006, 27.92, 28.85, 27.82, 28.37, 6605, 2982
MOHITIND,20231006, 19.00, 20.00, 18.90, 19.30, 45952, -
MOIL,20231006, 213.70, 217.10, 213.70, 215.25, 431216, 209335
MOKSH,20231006, 16.30, 16.55, 16.10, 16.30, 97655, -
MOL,20231006, 79.60, 80.30, 79.50, 79.75, 343963, 170867
MOLDTECH,20231006, 355.15, 359.50, 354.50, 358.35, 66977, 42750
MOLDTKPAC,20231006, 896.75, 899.95, 888.00, 890.15, 43200, 28619
MOLOWVOL,20231006, 28.85, 28.85, 28.13, 28.40, 683, 494
MOMENTUM,20231006, 22.99, 23.35, 22.99, 23.21, 9380, 8386
MOMOMENTUM,20231006, 47.67, 47.67, 45.96, 46.49, 33168, 27382
MONARCH,20231006, 346.15, 408.80, 344.40, 389.05, 1899547, 268193
MONIFTY500,20231006, 18.00, 20.78, 17.30, 17.45, 301086, 210000
MONOPHARMA,20231006, 39.80, 39.90, 38.70, 39.25, 152000, 132000
MONTECARLO,20231006, 792.70, 803.05, 783.90, 797.20, 22149, 12283
MORARJEE,20231006, 22.65, 24.00, 21.85, 23.55, 535498, 317982
MOREPENLAB,20231006, 36.40, 36.50, 36.00, 36.10, 1728511, 742838
MOS,20231006, 88.10, 89.00, 86.60, 88.95, 27200, 24000
MOTHERSON,20231006, 92.80, 93.15, 92.10, 92.65, 3764339, 1665942
MOTILALOFS,20231006, 935.30, 948.50, 917.65, 924.65, 257954, 124493
MOTOGENFIN,20231006, 32.35, 32.35, 31.00, 31.85, 2904, -
MOVALUE,20231006, 63.46, 64.25, 63.00, 63.45, 11715, 10024
MPHASIS,20231006, 2478.95, 2496.50, 2456.50, 2491.00, 551243, 363909
MPSLTD,20231006, 1792.00, 1795.00, 1709.70, 1740.40, 69859, 20239
MRF,20231006, 107000.00, 108000.00, 107000.00, 107550.25, 3580, 956
MRO-TEK,20231006, 60.70, 62.95, 60.20, 60.95, 27261, 12098
MRPL,20231006, 99.50, 99.60, 95.20, 96.45, 10690914, 3857436
MSPL,20231006, 19.50, 19.50, 18.80, 18.80, 4138213, -
MSTCLTD,20231006, 432.80, 434.00, 421.90, 424.90, 138819, 63105
MSUMI,20231006, 62.00, 62.20, 61.70, 61.90, 1613896, 849577
MTARTECH,20231006, 2644.70, 2653.35, 2616.90, 2624.70, 116424, 45078
MTEDUCARE,20231006, 4.65, 4.65, 4.45, 4.45, 89873, -
MTNL,20231006, 29.60, 29.85, 28.75, 28.95, 5617002, 1664391
MUKANDLTD,20231006, 165.20, 172.80, 164.85, 170.60, 270456, 108694
MUKTAARTS,20231006, 65.40, 66.50, 63.20, 64.15, 50659, 34297
MUNJALAU,20231006, 56.45, 57.45, 56.40, 56.80, 86063, 43382
MUNJALSHOW,20231006, 144.00, 144.05, 142.00, 143.55, 39268, 22756
MURUDCERA,20231006, 57.45, 58.35, 54.65, 55.00, 1345556, 574459
MUTHOOTCAP,20231006, 419.95, 437.00, 419.95, 430.05, 68529, 31248
MUTHOOTFIN,20231006, 1208.00, 1211.95, 1188.65, 1203.10, 1348815, 890264
MVGJL,20231006, 218.90, 226.80, 217.30, 222.70, 1632019, 976668
NACLIND,20231006, 79.35, 80.70, 79.05, 79.45, 53613, 33416
NAGAFERT,20231006, 8.85, 8.90, 8.55, 8.65, 703716, 406317
NAGREEKCAP,20231006, 15.40, 15.40, 15.30, 15.30, 51, -
NAGREEKEXP,20231006, 54.50, 57.20, 54.50, 55.80, 157432, 31645
NAHARCAP,20231006, 309.90, 309.90, 305.55, 307.50, 6356, 3759
NAHARINDUS,20231006, 141.50, 148.85, 140.15, 147.30, 195244, 98518
NAHARPOLY,20231006, 245.95, 246.45, 242.25, 244.20, 5493, 2595
NAHARSPING,20231006, 258.20, 263.40, 258.20, 260.40, 14860, 7545
NAM-INDIA,20231006, 334.55, 337.65, 332.05, 334.55, 580642, 338286
NARMADA,20231006, 19.50, 19.50, 18.90, 19.10, 34976, 27904
NATCOPHARM,20231006, 869.00, 871.95, 858.05, 860.25, 176780, 89645
NATHBIOGEN,20231006, 207.85, 207.85, 205.00, 205.80, 21815, 14644
NATIONALUM,20231006, 95.25, 95.45, 94.45, 94.95, 5802195, 3247330
NAUKRI,20231006, 4229.95, 4230.00, 4183.00, 4212.90, 168914, 58853
NAVA,20231006, 429.95, 438.50, 425.75, 433.45, 368276, 162792
NAVINFLUOR,20231006, 3727.50, 3745.00, 3696.05, 3718.65, 441921, 186219
NAVINIFTY,20231006, 199.67, 199.67, 196.00, 196.03, 2466, 2085
NAVKARCORP,20231006, 59.80, 61.00, 59.65, 60.00, 222107, 119885
NAVNETEDUL,20231006, 167.00, 171.10, 164.35, 165.50, 758037, 287512
NAZARA,20231006, 871.95, 877.50, 863.00, 868.20, 298728, 79682
NBCC,20231006, 58.00, 61.85, 57.60, 61.05, 42155584, 15962412
NBIFIN,20231006, 1814.55, 1848.60, 1767.05, 1802.65, 323, 190
NCC,20231006, 157.80, 160.65, 156.70, 158.95, 3276846, 1519800
NCLIND,20231006, 225.00, 225.15, 217.10, 218.10, 330180, 194403
NDGL,20231006, 1750.25, 1786.00, 1725.00, 1726.35, 268, 202
NDL,20231006, 25.65, 25.85, 24.70, 25.15, 212123, 112168
NDLVENTURE,20231006, 141.10, 145.80, 141.10, 144.95, 6030, -
NDRAUTO,20231006, 623.50, 623.50, 615.00, 615.00, 4217, -
NDTV,20231006, 215.55, 217.10, 214.40, 215.00, 125617, 60855
NECCLTD,20231006, 22.85, 24.75, 22.45, 23.30, 1281006, 360192
NECCLTDPP,20231006, 9.30, 10.20, 9.30, 10.15, 16554, 16473
NECLIFE,20231006, 24.10, 24.35, 24.00, 24.10, 96172, 61557
NELCAST,20231006, 163.55, 166.80, 162.70, 163.70, 193125, 128632
NELCO,20231006, 783.95, 790.00, 776.00, 778.25, 46150, 20724
NEOGEN,20231006, 1845.35, 1845.35, 1736.10, 1763.65, 70907, 28304
NESCO,20231006, 678.60, 682.90, 672.10, 679.60, 37872, 18883
NESTLEIND,20231006, 22989.95, 23067.60, 22814.90, 22912.25, 38812, 16077
NETWEB,20231006, 824.20, 832.60, 811.00, 812.75, 44377, 28936
NETWORK18,20231006, 73.50, 75.90, 72.00, 72.40, 12483263, 3993850
NEULANDLAB,20231006, 3949.00, 3956.80, 3880.05, 3930.80, 18633, 12810
NEWGEN,20231006, 900.00, 918.00, 893.55, 904.70, 80646, 40943
NEWJAISA,20231006, 67.30, 74.30, 67.30, 74.30, 1410000, 1290000
NEXT50,20231006, 452.64, 455.50, 452.64, 455.24, 1067, 852
NEXTMEDIA,20231006, 6.15, 6.15, 6.15, 6.15, 10757, 10757
NFL,20231006, 70.50, 71.20, 69.85, 70.70, 2302043, 829218
NGIL,20231006, 45.00, 45.05, 42.85, 44.00, 7893, 4410
NGLFINE,20231006, 1926.80, 1951.90, 1912.05, 1936.35, 2810, 1543
NH,20231006, 1090.00, 1101.10, 1085.00, 1092.25, 76707, 39793
NHPC,20231006, 53.45, 53.45, 52.75, 53.15, 11951840, 5238267
NIACL,20231006, 138.00, 141.25, 136.85, 139.45, 1152064, 293175
NIBL,20231006, 31.20, 31.20, 31.15, 31.15, 2509, -
NIDAN,20231006, 31.55, 31.55, 30.90, 31.20, 69000, 55000
NIF100BEES,20231006, 204.73, 204.73, 203.09, 203.99, 4893, 3097
NIFMID150,20231006, 149.89, 151.05, 149.80, 151.00, 331818, 331632
NIFTYBEES,20231006, 214.00, 218.70, 214.00, 216.62, 3125000, 2118605
NIFTYETF,20231006, 206.21, 207.49, 206.21, 207.34, 67783, 64640
NIFTYQLITY,20231006, 16.65, 16.65, 16.49, 16.56, 11014, 6260
NIITLTD,20231006, 121.80, 123.00, 120.10, 120.75, 327369, 135686
NIITMTS,20231006, 423.00, 443.75, 418.05, 438.55, 224401, 122110
NILAINFRA,20231006, 6.65, 6.70, 6.55, 6.65, 212307, -
NILASPACES,20231006, 3.00, 3.00, 3.00, 3.00, 37441, -
NILKAMAL,20231006, 2292.60, 2321.95, 2285.00, 2301.55, 1449, 638
NINSYS,20231006, 381.80, 381.80, 363.95, 369.95, 3668, 1975
NIPPOBATRY,20231006, 494.00, 500.00, 494.00, 500.00, 5182, -
NIRAJ,20231006, 39.30, 40.00, 37.50, 37.80, 67575, -
NIRMAN,20231006, 171.30, 177.00, 169.00, 173.50, 12000, 7200
NITCO,20231006, 20.75, 20.85, 19.40, 19.65, 498386, 293472
NITINSPIN,20231006, 285.30, 286.05, 278.50, 281.75, 50044, 24824
NITIRAJ,20231006, 107.00, 109.00, 103.55, 109.00, 1689, -
NKIND,20231006, 39.50, 39.50, 35.05, 36.90, 1385, 325
NLCINDIA,20231006, 132.85, 141.20, 131.35, 139.20, 6059385, 1827075
NMDC,20231006, 147.10, 147.70, 145.60, 145.80, 5076844, 2378983
NOCIL,20231006, 227.95, 228.45, 225.30, 225.95, 231880, 117677
NOIDATOLL,20231006, 8.00, 8.10, 7.70, 7.80, 291070, 151760
NORBTEAEXP,20231006, 13.95, 14.00, 12.70, 13.65, 31581, -
NOVARTIND,20231006, 724.00, 726.95, 720.25, 720.85, 8779, 4948
NPBET,20231006, 232.06, 235.59, 232.06, 232.63, 282, 232
NPST,20231006, 1395.00, 1434.60, 1387.00, 1415.00, 11200, 10400
NRAIL,20231006, 366.05, 374.45, 362.60, 367.70, 19163, 13231
NRBBEARING,20231006, 274.50, 275.15, 270.25, 272.35, 118433, 52558
NRL,20231006, 101.00, 103.25, 96.25, 97.60, 101520, 53327
NSIL,20231006, 2668.30, 2673.95, 2613.00, 2625.75, 2095, 1260
NSLNISP,20231006, 51.25, 51.90, 51.10, 51.70, 3900689, 2490061
NTPC,20231006, 234.25, 237.50, 233.65, 235.55, 8825123, 4536314
NUCLEUS,20231006, 994.80, 1064.00, 993.95, 1040.85, 135962, 76098
NURECA,20231006, 371.35, 382.90, 371.35, 375.50, 68788, 25184
NUVAMA,20231006, 2180.00, 2285.50, 2125.20, 2285.50, 30739, -
NUVOCO,20231006, 368.05, 371.95, 367.60, 369.55, 185395, 147881
NV20BEES,20231006, 117.90, 124.00, 116.75, 118.09, 5303, 3337
NXST,20231006, 128.88, 128.88, 127.51, 128.23, 67474, 54925
NYKAA,20231006, 148.00, 151.60, 147.75, 149.45, 5645072, 1929400
OAL,20231006, 386.80, 386.80, 373.95, 377.25, 14169, 8617
OBCL,20231006, 53.30, 56.40, 53.00, 53.50, 110423, 57509
OBEROIRLTY,20231006, 1095.00, 1118.55, 1073.65, 1111.60, 1212278, 554440
OCCL,20231006, 786.00, 800.00, 784.05, 791.05, 6353, 4247
OFSS,20231006, 4045.00, 4108.75, 4020.10, 4102.20, 35954, 15735
OIL,20231006, 296.00, 297.10, 290.80, 295.75, 1278674, 668303
OILCOUNTUB,20231006, 24.35, 24.35, 24.35, 24.35, 56256, -
OLECTRA,20231006, 1195.00, 1202.55, 1185.00, 1189.65, 168251, 104007
OMAXAUTO,20231006, 59.60, 62.35, 59.60, 61.00, 191913, 117598
OMAXE,20231006, 74.75, 75.70, 72.00, 72.30, 416448, 220283
OMFURN,20231006, 70.75, 70.75, 70.70, 70.70, 14400, 12000
OMINFRAL,20231006, 94.05, 94.05, 90.40, 90.40, 685402, -
OMKARCHEM,20231006, 10.85, 10.85, 10.85, 10.85, 10648, -
ONELIFECAP,20231006, 16.00, 16.55, 15.40, 15.95, 344629, 116776
ONEPOINT,20231006, 35.05, 35.05, 34.15, 34.15, 232339, -
ONGC,20231006, 183.50, 183.50, 180.60, 181.45, 5759904, 2912226
ONMOBILE,20231006, 107.85, 116.40, 105.35, 115.75, 2834178, 933176
ONWARDTEC,20231006, 548.00, 566.50, 543.95, 562.55, 67566, 21150
OPTIEMUS,20231006, 305.00, 325.80, 305.00, 315.20, 646292, 260881
ORBTEXP,20231006, 171.00, 175.90, 170.00, 174.70, 12687, -
ORCHPHARMA,20231006, 513.00, 531.95, 505.10, 529.30, 50460, 25915
ORIANA,20231006, 321.00, 321.00, 300.00, 312.35, 110400, 64800
ORICONENT,20231006, 25.50, 26.60, 25.25, 26.60, 308068, -
ORIENTALTL,20231006, 7.25, 7.25, 7.10, 7.15, 30855, 22132
ORIENTBELL,20231006, 474.00, 475.10, 467.30, 469.70, 6530, 4589
ORIENTCEM,20231006, 177.40, 178.60, 171.00, 174.35, 627398, 269132
ORIENTCER,20231006, 36.35, 37.30, 36.35, 36.80, 26658, -
ORIENTELEC,20231006, 224.65, 225.50, 221.50, 224.30, 740148, 663189
ORIENTHOT,20231006, 87.15, 94.40, 87.05, 93.60, 3545538, 1479646
ORIENTLTD,20231006, 78.10, 78.15, 74.05, 75.85, 4096, -
ORIENTPPR,20231006, 50.80, 51.70, 49.50, 49.90, 1642903, 772547
ORISSAMINE,20231006, 5740.00, 5870.00, 5659.95, 5846.20, 26343, 7817
ORTEL,20231006, 0.90, 0.90, 0.90, 0.90, 501, -
ORTINLAB,20231006, 19.90, 19.90, 19.40, 19.55, 9543, -
OSIAHYPER,20231006, 48.50, 49.00, 46.55, 48.90, 62088, -
OSWALAGRO,20231006, 35.30, 35.45, 34.80, 35.00, 110071, 77698
OSWALGREEN,20231006, 27.75, 27.95, 26.85, 27.20, 954347, 487960
OSWALSEEDS,20231006, 70.00, 71.00, 67.50, 68.15, 45649, 31405
PAGEIND,20231006, 39330.00, 39565.05, 39101.20, 39413.85, 14668, 7749
PAISALO,20231006, 63.50, 70.20, 63.40, 69.30, 7700304, 2438606
PAKKA,20231006, 232.45, 234.00, 223.10, 224.10, 240368, 138115
PALASHSECU,20231006, 107.35, 110.95, 105.65, 108.55, 8961, 3628
PALREDTEC,20231006, 146.95, 147.95, 146.00, 146.25, 9315, 6803
PANACEABIO,20231006, 178.20, 181.00, 174.55, 176.90, 957660, 408635
PANACHE,20231006, 73.00, 73.95, 72.00, 72.10, 4234, -
PANAMAPET,20231006, 309.95, 314.90, 309.05, 313.15, 50514, 22226
PANSARI,20231006, 82.95, 86.00, 80.50, 82.40, 12134, -
PAR,20231006, 208.85, 210.00, 203.10, 204.95, 10797, 8340
PARACABLES,20231006, 66.50, 66.50, 61.80, 63.30, 382048, -
PARADEEP,20231006, 70.60, 71.10, 68.25, 68.60, 2986563, 1859265
PARAGMILK,20231006, 210.45, 214.00, 208.00, 210.90, 472112, 182713
PARAS,20231006, 733.00, 733.00, 723.20, 725.35, 103996, 33100
PARASPETRO,20231006, 2.10, 2.10, 2.10, 2.10, 301673, -
PARSVNATH,20231006, 11.95, 11.95, 11.10, 11.20, 422926, -
PARTYCRUS,20231006, 65.35, 67.50, 65.35, 66.35, 26000, 18000
PASUPTAC,20231006, 40.10, 45.70, 40.05, 44.90, 2897216, 1098265
PATANJALI,20231006, 1245.00, 1262.75, 1225.35, 1253.45, 153404, -
PATELENG,20231006, 53.25, 53.45, 51.50, 51.85, 5789663, 3526288
PATINTLOG,20231006, 14.45, 15.00, 14.30, 14.80, 273612, -
PAVNAIND,20231006, 438.00, 451.75, 415.50, 451.60, 9566, 5935
PAYTM,20231006, 904.50, 936.70, 902.00, 928.30, 6872469, 2587892
PCBL,20231006, 185.10, 198.35, 184.50, 197.30, 19940940, 6658592
PCJEWELLER,20231006, 26.00, 27.10, 26.00, 27.10, 6374487, 3249775
PDMJEPAPER,20231006, 51.50, 51.60, 50.75, 51.05, 126780, 70899
PDSL,20231006, 469.00, 495.35, 467.40, 483.90, 258345, 102658
PEARLPOLY,20231006, 26.90, 28.50, 26.30, 28.15, 383580, 260695
PEL,20231006, 1060.95, 1083.20, 1060.75, 1070.35, 971501, 264718
PENIND,20231006, 106.85, 108.30, 106.15, 107.50, 401179, 151925
PENINLAND,20231006, 31.55, 32.00, 31.45, 31.90, 643385, 419471
PENTAGON,20231006, 110.00, 117.00, 110.00, 117.00, 16000, 12000
PERFECT,20231006, 24.10, 24.15, 23.60, 23.60, 24000, 18000
PERSISTENT,20231006, 5780.00, 5799.00, 5690.00, 5748.05, 185406, 52112
PETRONET,20231006, 233.30, 233.40, 229.10, 230.40, 2763469, 2110771
PFC,20231006, 242.60, 248.25, 238.25, 246.30, 10502776, 2863344
PFIZER,20231006, 3967.25, 3995.00, 3949.00, 3989.10, 15424, 8177
PFOCUS,20231006, 93.35, 97.75, 93.10, 96.45, 281302, 220778
PFS,20231006, 28.15, 28.75, 27.80, 28.30, 1841031, 815208
PGEL,20231006, 1793.00, 1847.00, 1770.05, 1810.05, 69089, 32229
PGHH,20231006, 17901.85, 18052.15, 17721.60, 17891.70, 3152, 1178
PGHL,20231006, 5058.70, 5144.00, 5040.65, 5089.05, 5021, 2555
PGIL,20231006, 1053.25, 1072.00, 1041.25, 1064.85, 22648, 12275
PHANTOMFX,20231006, 444.00, 447.00, 432.00, 437.00, 37200, 23400
PHARMABEES,20231006, 15.35, 15.42, 15.29, 15.39, 1183200, 783996
PHOENIXLTD,20231006, 1779.85, 1814.90, 1764.60, 1801.05, 112793, 49693
PIDILITIND,20231006, 2443.00, 2456.90, 2429.20, 2454.35, 242397, 157417
PIGL,20231006, 41.65, 42.95, 41.65, 42.00, 13028, -
PIIND,20231006, 3408.95, 3440.90, 3393.05, 3420.70, 122175, 69825
PILANIINVS,20231006, 2450.00, 2461.95, 2425.00, 2441.05, 8825, 4752
PILITA,20231006, 10.30, 10.50, 9.65, 9.85, 562363, -
PIONEEREMB,20231006, 54.25, 60.00, 53.10, 58.80, 1454527, 715524
PITTIENG,20231006, 595.75, 613.70, 587.25, 605.25, 94736, 60393
PIXTRANS,20231006, 1213.25, 1213.25, 1188.60, 1201.85, 12374, 6497
PKTEA,20231006, 298.00, 313.95, 294.10, 298.85, 90, -
PLASTIBLEN,20231006, 223.00, 233.00, 223.00, 227.95, 19181, 7920
PNB,20231006, 77.45, 78.25, 76.05, 76.75, 66525708, 18435214
PNBGILTS,20231006, 78.55, 92.15, 78.25, 90.00, 31611149, 4833046
PNBHOUSING,20231006, 710.80, 742.00, 708.25, 720.40, 1180066, 148861
PNC,20231006, 39.00, 39.00, 37.50, 37.90, 32653, 11169
PNCINFRA,20231006, 373.20, 373.20, 368.00, 371.00, 145033, 68994
POCL,20231006, 475.95, 477.90, 469.00, 470.35, 21853, 8135
PODDARHOUS,20231006, 113.00, 115.90, 111.45, 112.95, 36406, 8776
PODDARMENT,20231006, 358.35, 365.30, 347.30, 353.85, 5301, 3769
POKARNA,20231006, 476.60, 485.35, 473.05, 483.95, 72217, 20678
POLICYBZR,20231006, 767.00, 775.00, 760.00, 761.90, 1418483, 876021
POLYCAB,20231006, 5272.80, 5335.00, 5245.00, 5259.25, 384926, 180332
POLYMED,20231006, 1408.00, 1425.00, 1404.45, 1418.75, 29827, 16492
POLYPLEX,20231006, 1155.00, 1163.95, 1147.05, 1155.80, 63090, 26849
PONNIERODE,20231006, 425.70, 429.00, 421.10, 422.30, 16988, 8121
POONAWALLA,20231006, 380.00, 392.30, 380.00, 388.95, 3381695, 1788527
POWERGRID,20231006, 197.00, 197.45, 194.85, 197.05, 12857229, 8273173
POWERINDIA,20231006, 3989.20, 4010.80, 3939.00, 3970.75, 71199, 55456
POWERMECH,20231006, 4146.00, 4205.00, 4110.05, 4191.90, 13730, 8858
PPAP,20231006, 247.15, 280.00, 247.00, 268.80, 125600, 74842
PPL,20231006, 258.70, 261.70, 254.50, 259.50, 72742, 33738
PPLPHARMA,20231006, 100.50, 100.75, 99.60, 99.95, 1813824, 1038098
PRAENG,20231006, 13.60, 13.85, 13.40, 13.70, 133822, 103910
PRAJIND,20231006, 575.20, 580.95, 572.25, 578.40, 817393, 420577
PRAKASH,20231006, 140.00, 142.50, 138.55, 140.90, 1096646, 618573
PRAKASHSTL,20231006, 5.25, 5.25, 5.20, 5.20, 311222, -
PRAMARA,20231006, 82.00, 93.90, 80.80, 93.00, 80000, 62000
PRAXIS,20231006, 32.65, 32.65, 31.40, 31.40, 47361, -
PRECAM,20231006, 271.90, 278.85, 271.00, 274.15, 96806, 37207
PRECISION,20231006, 44.00, 44.00, 44.00, 44.00, 2000, 2000
PRECOT,20231006, 227.90, 228.95, 225.05, 227.30, 4810, 3976
PRECWIRE,20231006, 132.65, 137.30, 130.45, 132.95, 1429910, 432584
PREMEXPLN,20231006, 1048.00, 1050.00, 1025.00, 1043.50, 9688, -
PREMIER,20231006, 3.50, 3.50, 3.35, 3.50, 44797, -
PREMIERPOL,20231006, 116.95, 117.50, 113.45, 117.40, 38477, -
PRESTIGE,20231006, 671.30, 683.00, 665.10, 667.70, 1327215, 709232
PRICOLLTD,20231006, 332.00, 353.00, 331.20, 342.35, 1605831, 371353
PRIMESECU,20231006, 147.50, 151.00, 146.35, 149.60, 21902, 16199
PRINCEPIPE,20231006, 670.55, 678.85, 667.05, 668.35, 75332, 40365
PRITI,20231006, 175.80, 175.80, 170.00, 170.30, 41126, 28215
PRITIKA,20231006, 70.90, 72.00, 70.90, 72.00, 28000, 28000
PRITIKAUTO,20231006, 18.85, 18.85, 18.85, 18.85, 36828, -
PRIVISCL,20231006, 1202.00, 1223.95, 1189.75, 1203.60, 9023, 5825
PROLIFE,20231006, 229.85, 229.85, 229.85, 229.85, 500, 500
PROPEQUITY,20231006, 207.20, 207.25, 207.20, 207.25, 2400, 2400
PROZONER,20231006, 30.65, 31.45, 30.15, 30.85, 921889, 378453
PRSMJOHNSN,20231006, 130.55, 131.45, 129.10, 130.00, 115660, 58865
PRUDENT,20231006, 1202.80, 1279.90, 1189.70, 1269.60, 88575, 43954
PSB,20231006, 45.25, 45.90, 44.60, 45.40, 3830210, 739830
PSPPROJECT,20231006, 788.00, 792.95, 770.45, 784.70, 50611, 25656
PSUBANKICI,20231006, 53.25, 53.25, 52.00, 52.51, 49363, 20544
PSUBNKBEES,20231006, 58.08, 58.53, 57.65, 58.09, 1573246, 1027142
PTC,20231006, 134.65, 139.45, 134.15, 138.55, 1855162, 912318
PTCIL,20231006, 5558.70, 5627.90, 5424.05, 5486.50, 1926, 986
PTL,20231006, 39.65, 40.00, 39.25, 39.70, 137169, 74336
PULZ,20231006, 80.60, 80.60, 80.60, 80.60, 4000, 4000
PUNJABCHEM,20231006, 1108.75, 1229.00, 1079.85, 1217.00, 219199, 73961
PURVA,20231006, 127.00, 128.85, 126.40, 127.70, 557425, 197637
PVP,20231006, 12.70, 12.80, 12.30, 12.80, 803767, 623963
PVRINOX,20231006, 1701.30, 1718.00, 1695.75, 1704.45, 210767, 98413
PYRAMID,20231006, 171.00, 173.95, 169.05, 170.05, 241597, 122906
QMSMEDI,20231006, 136.00, 144.40, 136.00, 138.35, 88000, 79000
QUADPRO,20231006, 5.95, 5.95, 5.95, 5.95, 12000, 12000
QUESS,20231006, 425.00, 428.00, 421.00, 423.65, 87964, 51622
QUICKHEAL,20231006, 285.90, 329.50, 282.55, 318.70, 4592028, 498384
QUICKTOUCH,20231006, 209.00, 209.00, 205.00, 205.00, 6000, 6000
RACE,20231006, 253.10, 254.35, 250.00, 251.35, 9721, 6131
RADHIKAJWE,20231006, 36.70, 37.30, 36.40, 36.55, 506441, 296470
RADIANTCMS,20231006, 93.00, 93.80, 91.70, 93.00, 839573, 621098
RADICO,20231006, 1207.05, 1223.70, 1195.05, 1220.15, 376994, 235945
RADIOCITY,20231006, 15.45, 16.10, 15.35, 15.95, 1529647, 997012
RADIOCITY,20231006, 92.30, 94.00, 92.30, 93.10, 948, 944
RAILTEL,20231006, 214.60, 223.75, 213.75, 218.95, 3329998, 739599
RAIN,20231006, 164.05, 168.70, 163.05, 167.10, 1570693, 832307
RAINBOW,20231006, 1036.00, 1049.00, 1029.10, 1041.30, 90549, 52235
RAJESHEXPO,20231006, 499.95, 509.85, 496.00, 496.95, 1653434, 656613
RAJMET,20231006, 9.90, 9.95, 9.70, 9.85, 836801, -
RAJRATAN,20231006, 758.00, 768.00, 749.65, 759.90, 32501, 19371
RAJRILTD,20231006, 37.15, 38.65, 37.15, 37.15, 4370, -
RAJSREESUG,20231006, 51.95, 53.50, 50.50, 50.90, 60939, -
RAJTV,20231006, 51.60, 51.60, 50.00, 50.50, 8143, 2030
RALLIS,20231006, 213.10, 216.10, 212.70, 214.90, 354003, 161449
RAMANEWS,20231006, 14.95, 15.25, 14.75, 15.05, 49813, 36263
RAMAPHO,20231006, 241.00, 241.00, 232.10, 233.50, 13497, 7632
RAMASTEEL,20231006, 35.10, 35.95, 34.95, 35.80, 2338092, 1090864
RAMCOCEM,20231006, 940.00, 957.85, 939.50, 949.70, 1018851, 543940
RAMCOIND,20231006, 181.15, 181.65, 178.10, 180.65, 59216, 37099
RAMCOSYS,20231006, 309.00, 318.00, 308.15, 309.65, 154571, 62203
RAMKY,20231006, 591.00, 592.00, 583.10, 586.80, 64163, 39186
RAMRAT,20231006, 273.00, 275.30, 269.05, 271.70, 40833, 18691
RANASUG,20231006, 27.15, 27.70, 27.00, 27.15, 1141972, 451965
RANEENGINE,20231006, 303.75, 307.60, 300.25, 304.45, 1716, -
RANEHOLDIN,20231006, 1170.00, 1185.50, 1155.25, 1160.85, 8913, 4756
RATEGAIN,20231006, 604.05, 617.00, 598.00, 607.75, 243295, 93347
RATNAMANI,20231006, 2585.05, 2620.00, 2564.55, 2609.20, 9339, 4927
RATNAVEER,20231006, 112.70, 118.70, 112.25, 117.15, 967893, 542751
RAYMOND,20231006, 1792.00, 1802.00, 1775.35, 1780.60, 336994, 280483
RBA,20231006, 129.10, 129.35, 124.55, 125.20, 1496670, 721949
RBL,20231006, 805.95, 827.95, 799.35, 808.00, 39418, 7179
RBLBANK,20231006, 243.55, 249.00, 242.25, 247.50, 10576574, 1818880
RBMINFRA,20231006, 177.40, 177.75, 177.40, 177.75, 384000, 270000
RCF,20231006, 124.15, 124.75, 123.60, 124.05, 938389, 413288
RCOM,20231006, 1.75, 1.75, 1.70, 1.70, 2414785, -
RECLTD,20231006, 280.70, 286.80, 278.20, 285.50, 11040241, 2801034
REDINGTON,20231006, 156.85, 157.45, 154.65, 155.05, 633045, 339051
REDTAPE,20231006, 459.00, 498.20, 452.00, 486.80, 617568, 296309
REFEX,20231006, 636.50, 638.20, 621.00, 625.85, 43731, 27158
REGENCERAM,20231006, 36.80, 36.80, 36.80, 36.80, 2355, -
RELAXO,20231006, 910.60, 915.00, 902.25, 905.40, 42644, 23637
RELCHEMQ,20231006, 225.00, 235.00, 224.85, 230.15, 80857, 38657
RELIABLE,20231006, 60.00, 61.00, 60.00, 61.00, 21600, 21600
RELIANCE,20231006, 2317.05, 2324.80, 2312.05, 2318.00, 2715513, 1427644
RELIGARE,20231006, 240.00, 240.95, 235.05, 239.45, 1869333, 1251269
RELINFRA,20231006, 172.50, 174.00, 170.70, 171.65, 228832, -
REMSONSIND,20231006, 449.00, 463.05, 436.00, 456.10, 2774, -
REMUS,20231006, 5000.00, 5010.00, 5000.00, 5010.00, 500, 500
RENUKA,20231006, 54.10, 54.90, 53.60, 53.90, 7994863, 2290614
REPCOHOME,20231006, 391.00, 397.35, 390.05, 394.85, 81043, 38342
REPL,20231006, 184.45, 189.80, 181.50, 188.30, 42999, 26313
REPRO,20231006, 745.00, 764.80, 745.00, 760.80, 3808, 2535
RESPONIND,20231006, 349.50, 352.05, 338.10, 341.80, 296749, 50743
REXPIPES,20231006, 67.30, 67.30, 67.30, 67.30, 4000, 4000
RGL,20231006, 105.35, 107.45, 103.80, 106.50, 121946, 50344
RHFL,20231006, 2.10, 2.10, 2.05, 2.10, 4916629, -
RHIM,20231006, 735.50, 742.00, 728.95, 733.10, 73741, 31315
RHL,20231006, 106.20, 107.65, 106.00, 107.15, 6744, 4807
RICOAUTO,20231006, 86.75, 87.60, 85.85, 86.40, 504157, 223813
RIIL,20231006, 983.00, 1008.40, 977.45, 984.75, 485664, 112003
RILINFRA,20231006, 97.35, 99.50, 96.50, 98.40, 164700, 143000
RISHABH,20231006, 484.25, 555.00, 482.55, 532.60, 1624725, 504685
RITCO,20231006, 240.00, 252.00, 233.00, 240.65, 23479, -
RITES,20231006, 486.90, 491.90, 478.25, 482.00, 1222783, 332078
RITEZONE,20231006, 60.00, 60.00, 60.00, 60.00, 1600, 1600
RKDL,20231006, 18.50, 18.50, 18.15, 18.15, 26081, -
RKEC,20231006, 82.60, 86.00, 79.25, 79.85, 752701, 357452
RKFORGE,20231006, 634.25, 655.00, 631.20, 652.50, 254106, 158480
RMCL,20231006, 1.85, 1.85, 1.85, 1.85, 633, -
RMDRIP,20231006, 54.50, 54.50, 54.50, 54.50, 2000, 2000
RML,20231006, 860.00, 884.00, 853.55, 866.40, 22464, 6685
ROHLTD,20231006, 309.40, 342.35, 306.30, 328.35, 1063001, 265248
ROLEXRINGS,20231006, 2244.90, 2251.50, 2191.60, 2226.60, 8509, 3960
ROLLT,20231006, 1.20, 1.20, 1.10, 1.20, 476891, -
ROLTA,20231006, 2.00, 2.00, 2.00, 2.00, 29614, -
ROML,20231006, 45.50, 46.85, 45.10, 46.75, 34603, 29075
ROSSARI,20231006, 834.40, 844.20, 821.10, 840.15, 73821, 39137
ROSSELLIND,20231006, 523.60, 528.85, 513.95, 516.25, 43547, 20728
ROTO,20231006, 354.95, 355.85, 349.00, 350.85, 42146, 20766
ROUTE,20231006, 1562.05, 1569.00, 1555.65, 1557.85, 63922, 41060
RPGLIFE,20231006, 1279.15, 1284.00, 1262.05, 1272.15, 7608, 3969
RPOWER,20231006, 18.95, 19.10, 18.75, 18.85, 26043912, 7742984
RPPINFRA,20231006, 84.65, 84.65, 80.70, 81.05, 444068, -
RPPL,20231006, 213.00, 252.65, 212.10, 240.75, 1743950, 440066
RPSGVENT,20231006, 595.00, 604.85, 589.20, 594.20, 34562, 20058
RRKABEL,20231006, 1484.95, 1523.70, 1480.60, 1502.80, 922131, 196567
RSSOFTWARE,20231006, 51.90, 51.90, 51.90, 51.90, 9974, -
RSWM,20231006, 188.25, 192.65, 188.05, 189.35, 42718, 21263
RSYSTEMS,20231006, 511.80, 519.00, 505.00, 510.85, 40477, 27716
RTNINDIA,20231006, 59.00, 59.30, 57.75, 58.35, 2262347, 772235
RTNPOWER,20231006, 7.05, 7.10, 6.80, 6.95, 54477902, 21620707
RUBYMILLS,20231006, 236.00, 242.50, 236.00, 236.75, 20559, 9390
RUCHINFRA,20231006, 16.20, 16.20, 16.20, 16.20, 251443, -
RUCHIRA,20231006, 143.70, 144.75, 141.75, 142.85, 53542, 27563
RUPA,20231006, 263.00, 275.30, 261.55, 270.95, 781179, 202974
RUSHIL,20231006, 278.40, 284.00, 276.00, 281.10, 38390, 24624
RUSTOMJEE,20231006, 536.10, 544.35, 532.35, 536.30, 20019, 10568
RVHL,20231006, 34.00, 34.65, 33.50, 33.75, 9217, -
RVNL,20231006, 170.80, 172.80, 168.60, 170.05, 11080543, 2539782
S&SPOWER,20231006, 104.00, 108.20, 104.00, 108.20, 3473, -
SAAKSHI,20231006, 168.65, 168.65, 168.65, 168.65, 27600, 27600
SABEVENTS,20231006, 4.30, 4.30, 4.25, 4.25, 286, -
SABTN,20231006, 1.50, 1.50, 1.50, 1.50, 1200, -
SADBHAV,20231006, 15.80, 15.80, 15.80, 15.80, 174478, -
SADBHIN,20231006, 5.05, 5.05, 5.05, 5.05, 81145, -
SADHNANIQ,20231006, 79.80, 80.95, 79.40, 80.45, 247325, 122396
SAFARI,20231006, 4294.70, 4358.45, 4290.05, 4337.25, 60034, 31313
SAGARDEEP,20231006, 24.15, 25.50, 24.05, 24.85, 25023, 19846
SAGCEM,20231006, 237.00, 243.00, 235.05, 238.75, 145949, 57628
SAH,20231006, 97.00, 98.40, 96.45, 96.95, 51848, 12006
SAHAJ,20231006, 27.00, 27.00, 27.00, 27.00, 4000, 4000
SAHANA,20231006, 250.00, 273.90, 250.00, 264.10, 33000, 15000
SAHYADRI,20231006, 435.15, 439.70, 422.40, 425.70, 5117, 3632
SAIL,20231006, 89.60, 90.30, 88.70, 88.85, 12869247, 4228286
SAKAR,20231006, 354.20, 355.00, 343.35, 347.50, 41995, 21132
SAKHTISUG,20231006, 32.25, 32.60, 31.90, 32.25, 651339, 251568
SAKSOFT,20231006, 338.00, 343.90, 335.30, 341.65, 163845, 112008
SAKUMA,20231006, 17.25, 17.25, 16.30, 17.05, 511583, -
SALASAR,20231006, 51.20, 51.90, 49.95, 50.60, 771063, 422266
SALONA,20231006, 278.85, 278.85, 268.60, 272.10, 3158, 1782
SALSTEEL,20231006, 16.65, 16.65, 16.05, 16.25, 89881, -
SALZERELEC,20231006, 397.95, 397.95, 390.75, 394.90, 74266, 37902
SAMBHAAV,20231006, 3.10, 3.20, 3.10, 3.15, 13575, -
SAMHI,20231006, 163.80, 167.90, 161.35, 164.95, 1998957, 777705
SAMPANN,20231006, 15.50, 15.50, 15.50, 15.50, 3352, -
SANCO,20231006, 6.90, 7.20, 6.90, 7.00, 12937, -
SANDESH,20231006, 1038.30, 1054.50, 1030.95, 1038.60, 1079, 827
SANDHAR,20231006, 401.00, 434.00, 398.40, 418.60, 360647, 124809
SANDUMA,20231006, 1514.70, 1526.50, 1484.50, 1514.45, 9792, 5827
SANGAMIND,20231006, 362.20, 366.20, 355.15, 357.25, 30216, 15501
SANGANI,20231006, 38.65, 40.00, 38.65, 39.50, 27000, 18000
SANGHIIND,20231006, 125.50, 125.50, 125.50, 125.50, 355603, -
SANGHVIMOV,20231006, 683.80, 724.35, 666.60, 708.70, 155716, 84751
SANGINITA,20231006, 22.80, 22.90, 22.00, 22.20, 14721, 10388
SANOFI,20231006, 7300.00, 7444.90, 7294.60, 7338.75, 18339, 8810
SANSERA,20231006, 928.30, 930.00, 919.25, 924.85, 50283, 38563
SAPPHIRE,20231006, 1437.25, 1447.00, 1404.50, 1424.55, 106654, 67294
SARDAEN,20231006, 218.60, 220.35, 215.10, 215.95, 132023, 92574
SAREGAMA,20231006, 352.00, 359.25, 350.85, 354.35, 266680, 112050
SARLAPOLY,20231006, 49.90, 52.90, 49.30, 52.20, 420191, 224987
SAROJA,20231006, 60.50, 60.50, 58.80, 59.00, 8000, 8000
SARVESHWAR,20231006, 5.10, 5.30, 5.10, 5.30, 4897779, -
SASKEN,20231006, 1200.00, 1396.00, 1193.95, 1351.25, 741132, 129562
SASTASUNDR,20231006, 290.00, 306.00, 287.65, 303.75, 140659, 99782
SATIA,20231006, 128.15, 129.60, 128.15, 128.55, 233287, 127600
SATIN,20231006, 239.40, 246.30, 235.40, 242.20, 331240, 166745
SATINDLTD,20231006, 97.65, 98.35, 94.35, 95.15, 599110, 327242
SBC,20231006, 24.45, 25.50, 24.45, 24.65, 1758878, 760085
SBCL,20231006, 526.15, 530.65, 524.00, 527.55, 66420, 40413
SBFC,20231006, 85.20, 88.35, 84.55, 86.85, 2313482, 1163792
SBGLP,20231006, 387.95, 395.00, 375.30, 387.90, 35107, 19842
SBICARD,20231006, 794.95, 801.85, 788.30, 798.15, 1445403, 1019933
SBILIFE,20231006, 1276.00, 1287.55, 1272.00, 1282.95, 784191, 491705
SBIN,20231006, 593.40, 598.95, 592.20, 594.25, 8216780, 2438547
SCHAEFFLER,20231006, 3172.05, 3244.60, 3172.05, 3220.95, 24779, 8720
SCHAND,20231006, 283.90, 289.85, 277.40, 279.85, 67316, 30973
SCHNEIDER,20231006, 353.80, 357.00, 349.05, 354.65, 262394, 84171
SCI,20231006, 151.25, 152.40, 146.00, 147.30, 4000538, 1517484
SCPL,20231006, 432.00, 444.00, 418.00, 440.05, 19377, -
SDBL,20231006, 375.00, 375.00, 362.55, 368.40, 539607, 281543
SDL24BEES,20231006, 116.34, 116.34, 116.11, 116.34, 442, 374
SDL26BEES,20231006, 115.40, 115.50, 115.05, 115.50, 34467, 34382
SEAMECLTD,20231006, 631.00, 640.00, 629.00, 630.40, 20988, 11534
SECL,20231006, 28.90, 28.90, 28.85, 28.90, 143750, 137500
SECURCRED,20231006, 16.75, 16.75, 15.90, 16.50, 720351, 661918
SECURKLOUD,20231006, 39.95, 40.90, 39.65, 40.35, 96014, 15552
SEJALLTD,20231006, 230.00, 241.50, 230.00, 239.30, 17955, -
SELAN,20231006, 399.55, 401.35, 390.05, 391.35, 107320, 51618
SELMC,20231006, 113.90, 113.90, 113.90, 113.90, 2979, -
SEMAC,20231006, 2331.05, 2361.55, 2331.05, 2361.55, 1768, -
SENCO,20231006, 638.00, 651.70, 638.00, 644.60, 271551, 116880
SENSEXETF,20231006, 66.00, 67.00, 65.75, 66.33, 13759, 10091
SEPC,20231006, 14.40, 14.45, 14.10, 14.45, 3789337, 3108695
SEQUENT,20231006, 93.00, 94.85, 92.30, 94.40, 1149189, 502227
SERVOTECH,20231006, 74.00, 76.10, 72.40, 73.50, 228829, 170967
SESHAPAPER,20231006, 380.50, 381.40, 375.00, 377.75, 85624, 45866
SETCO,20231006, 6.65, 6.70, 6.60, 6.60, 20985, -
SEYAIND,20231006, 19.95, 20.40, 19.95, 20.40, 14429, -
SFL,20231006, 1096.75, 1098.85, 1080.00, 1084.75, 37059, 19630
SGIL,20231006, 238.15, 239.00, 238.15, 239.00, 11216, -
SGL,20231006, 15.55, 16.00, 15.00, 15.60, 28845, -
SHAH,20231006, 2.80, 2.85, 2.75, 2.80, 743489, 391179
SHAHALLOYS,20231006, 55.10, 56.00, 54.00, 55.85, 12671, -
SHAILY,20231006, 1880.80, 1897.95, 1802.05, 1832.75, 10318, 4869
SHAKTIPUMP,20231006, 907.05, 963.20, 907.05, 916.30, 1312598, 229938
SHALBY,20231006, 235.95, 254.40, 235.80, 249.05, 1025885, 433140
SHALPAINTS,20231006, 162.85, 165.50, 162.45, 164.00, 180386, 139883
SHANKARA,20231006, 704.80, 732.05, 695.60, 728.05, 136785, 63878
SHANTI,20231006, 17.60, 18.10, 16.60, 17.30, 20682, 10128
SHANTIGEAR,20231006, 446.70, 452.35, 434.90, 439.00, 72264, 43669
SHARDACROP,20231006, 431.05, 431.50, 425.00, 426.80, 54712, 26437
SHARDAMOTR,20231006, 971.10, 983.35, 968.00, 973.05, 31321, 20188
SHAREINDIA,20231006, 1397.90, 1408.00, 1376.30, 1401.35, 255681, 73056
SHARIABEES,20231006, 441.00, 443.28, 440.63, 441.07, 841, 507
SHEMAROO,20231006, 134.05, 135.70, 127.00, 129.90, 62603, 45459
SHERA,20231006, 157.45, 163.70, 156.00, 160.80, 328000, 222000
SHIGAN,20231006, 123.00, 123.00, 116.00, 118.25, 13500, 10500
SHILPAMED,20231006, 352.30, 354.60, 347.85, 348.80, 98319, 48907
SHIVALIK,20231006, 716.35, 721.00, 708.10, 714.75, 6124, 3370
SHIVAMAUTO,20231006, 35.65, 35.65, 33.50, 34.60, 49501, -
SHIVAMILLS,20231006, 79.10, 79.10, 79.10, 79.10, 6730, 6630
SHIVATEX,20231006, 143.35, 146.00, 142.90, 145.05, 4435, 3248
SHK,20231006, 151.85, 155.55, 151.10, 153.40, 265043, 149342
SHOPERSTOP,20231006, 685.00, 685.00, 661.05, 669.85, 65731, 43068
SHRADHA,20231006, 51.00, 56.50, 49.60, 50.70, 640962, 241931
SHREDIGCEM,20231006, 92.50, 93.85, 91.90, 93.25, 666116, 266990
SHREECEM,20231006, 25899.70, 25899.70, 25552.05, 25787.25, 9701, 3961
SHREEPUSHK,20231006, 204.85, 205.10, 201.50, 202.95, 34004, 22287
SHREERAMA,20231006, 23.90, 23.90, 23.50, 23.90, 35912, -
SHRENIK,20231006, 0.95, 1.00, 0.95, 0.95, 1738252, 1195843
SHREYANIND,20231006, 238.75, 243.00, 236.35, 242.00, 3703, -
SHREYAS,20231006, 357.00, 364.50, 357.00, 358.70, 55277, 30600
SHRIPISTON,20231006, 1034.95, 1034.95, 991.10, 998.40, 16687, -
SHRIRAMFIN,20231006, 1850.95, 1863.00, 1835.00, 1848.85, 1262390, 920438
SHRIRAMFIN,20231006, 1015.00, 1015.00, 1015.00, 1015.00, 6, 6
SHRIRAMFIN,20231006, 1015.00, 1015.00, 1001.00, 1010.00, 99, 96
SHRIRAMPPS,20231006, 94.10, 95.25, 92.15, 92.45, 2121836, 913721
SHRITECH,20231006, 81.20, 82.25, 80.20, 80.65, 18000, 12000
SHUBHLAXMI,20231006, 89.00, 89.00, 89.00, 89.00, 1000, 1000
SHYAMCENT,20231006, 20.25, 20.50, 20.20, 20.30, 200921, 100800
SHYAMMETL,20231006, 439.80, 445.75, 435.85, 442.95, 917435, 678840
SHYAMTEL,20231006, 7.05, 7.05, 6.75, 6.75, 1627, 1627
SIEMENS,20231006, 3544.70, 3575.00, 3502.00, 3533.00, 438595, 272051
SIGACHI,20231006, 417.05, 419.40, 405.15, 408.90, 644334, 369265
SIGIND,20231006, 60.00, 60.50, 58.40, 59.20, 66224, 21138
SIGMA,20231006, 459.00, 459.00, 438.90, 447.65, 6311, 3882
SIGNATURE,20231006, 474.75, 503.45, 471.05, 483.70, 2003596, 1444783
SIKKO,20231006, 60.00, 60.45, 59.55, 59.90, 14852, 10226
SIL,20231006, 22.95, 22.95, 21.65, 22.20, 65463, -
SILGO,20231006, 24.05, 24.60, 23.70, 24.35, 16773, -
SILINV,20231006, 320.35, 326.00, 320.05, 324.10, 1482, 1157
SILLYMONKS,20231006, 15.85, 16.50, 15.05, 15.05, 8476, -
SILVER,20231006, 71.21, 72.39, 71.04, 72.18, 147884, 115854
SILVERBEES,20231006, 67.29, 68.40, 67.18, 68.25, 2889866, 2233523
SILVERETF,20231006, 69.80, 72.17, 69.80, 71.82, 44534, 37313
SILVERTUC,20231006, 600.20, 645.20, 587.15, 613.60, 30488, 4709
SILVRETF,20231006, 70.11, 70.11, 69.77, 69.81, 8146, 6705
SIMBHALS,20231006, 29.00, 29.45, 28.60, 29.20, 297056, 260813
SIMPLEXINF,20231006, 60.00, 60.00, 60.00, 60.00, 13120, -
SINDHUTRAD,20231006, 26.00, 27.00, 25.90, 26.05, 104764, -
SINTERCOM,20231006, 130.00, 130.00, 128.70, 129.85, 11153, 9031
SIRCA,20231006, 391.60, 397.70, 383.10, 387.30, 71527, 39655
SIS,20231006, 475.00, 478.00, 460.45, 472.85, 241609, 59126
SITINET,20231006, 0.75, 0.80, 0.75, 0.80, 1226204, -
SIYSIL,20231006, 563.00, 575.00, 559.55, 571.15, 50826, 29256
SJS,20231006, 697.80, 710.10, 685.00, 688.70, 348549, 163711
SJVN,20231006, 72.95, 73.55, 72.00, 72.65, 17976537, 6135306
SKFINDIA,20231006, 5308.00, 5378.00, 5308.00, 5336.80, 22636, 12202
SKIPPER,20231006, 221.00, 225.00, 220.40, 222.15, 153239, 84789
SKMEGGPROD,20231006, 455.05, 457.80, 450.05, 452.25, 58097, 36748
SKP,20231006, 198.00, 209.65, 198.00, 206.65, 14000, 10000
SKYGOLD,20231006, 339.00, 348.65, 330.05, 348.65, 83804, -
SMARTLINK,20231006, 193.00, 193.50, 186.25, 191.05, 42239, 18274
SMCGLOBAL,20231006, 79.15, 79.70, 78.45, 78.75, 33156, 22296
SMLISUZU,20231006, 1263.05, 1277.95, 1236.75, 1246.25, 18010, 8819
SMLT,20231006, 234.00, 238.90, 230.00, 231.95, 11452, 7879
SMSLIFE,20231006, 533.35, 547.80, 515.00, 520.45, 3542, 2680
SMSPHARMA,20231006, 123.80, 125.00, 122.40, 123.10, 21956, 11881
SNOWMAN,20231006, 49.95, 50.75, 49.75, 50.45, 532437, 250947
SOBHA,20231006, 710.00, 728.90, 706.05, 712.90, 2127692, 448371
SOFTTECH,20231006, 274.45, 287.45, 261.90, 266.05, 499451, 136273
SOLARA,20231006, 354.25, 354.75, 345.80, 347.60, 64990, 41783
SOLARINDS,20231006, 5049.80, 5177.00, 5010.30, 5147.95, 79605, 31336
SOLEX,20231006, 588.00, 588.00, 554.35, 561.35, 13200, 7200
SOMANYCERA,20231006, 708.90, 710.00, 692.25, 696.55, 29931, 15105
SOMATEX,20231006, 18.55, 18.90, 18.55, 18.90, 2897, -
SOMICONVEY,20231006, 58.45, 58.45, 58.40, 58.45, 199, -
SONACOMS,20231006, 573.80, 577.90, 568.00, 569.10, 807264, 607744
SONAMCLOCK,20231006, 61.75, 70.00, 60.65, 63.95, 378000, 101930
SONATSOFTW,20231006, 1038.00, 1044.40, 1032.10, 1040.95, 79785, 36932
SONUINFRA,20231006, 52.00, 53.10, 51.90, 53.10, 30000, 27000
SOTAC,20231006, 117.10, 117.10, 117.00, 117.00, 2400, 2400
SOTL,20231006, 318.00, 324.00, 318.00, 321.55, 45009, 24863
SOUTHBANK,20231006, 26.60, 26.85, 26.15, 26.70, 39517252, 10854332
SOUTHWEST,20231006, 139.00, 139.00, 127.35, 130.45, 24289, 5365
SPAL,20231006, 505.50, 519.90, 494.60, 516.25, 32147, 15473
SPANDANA,20231006, 806.00, 806.00, 790.50, 801.95, 78860, 39657
SPARC,20231006, 233.80, 236.25, 230.50, 232.10, 216730, 66449
SPCENET,20231006, 23.75, 24.00, 23.00, 23.85, 2603484, 1942898
SPECIALITY,20231006, 197.50, 206.00, 197.50, 203.10, 102541, 55304
SPECTSTM,20231006, 129.95, 130.00, 127.70, 129.40, 15200, 11200
SPENCERS,20231006, 70.05, 71.60, 69.65, 70.00, 162662, 97664
SPENTEX,20231006, 2.25, 2.25, 2.20, 2.25, 36111, -
SPIC,20231006, 72.15, 72.70, 70.80, 71.75, 757020, 427988
SPLIL,20231006, 72.40, 73.60, 71.50, 72.40, 143575, 98957
SPLPETRO,20231006, 524.95, 535.40, 519.00, 524.40, 204804, 88111
SPMLINFRA,20231006, 51.40, 51.40, 51.40, 51.40, 9004, -
SPORTKING,20231006, 805.80, 812.85, 801.20, 802.00, 5937, 3227
SPRL,20231006, 94.00, 94.00, 94.00, 94.00, 1600, 1600
SPYL,20231006, 0.50, 0.55, 0.45, 0.55, 12345, -
SREEL,20231006, 247.25, 248.40, 243.10, 244.55, 23336, 12355
SRF,20231006, 2264.90, 2280.00, 2238.00, 2245.55, 191139, 81531
SRGHFL,20231006, 260.05, 265.40, 252.55, 254.40, 3491, 1806
SRHHYPOLTD,20231006, 596.00, 604.90, 594.05, 599.45, 11966, 5291
SRIVASAVI,20231006, 120.00, 121.45, 116.15, 120.00, 24000, 18000
SRPL,20231006, 1.25, 1.35, 1.25, 1.25, 6328810, -
SSFL,20231006, 119.00, 121.80, 114.50, 114.75, 78000, 60000
SSWL,20231006, 286.95, 290.50, 284.05, 288.90, 184858, 95196
STAR,20231006, 513.35, 515.20, 498.20, 500.45, 1467855, 751592
STARCEMENT,20231006, 160.20, 161.80, 155.30, 158.50, 620732, 261047
STARHEALTH,20231006, 595.05, 598.00, 591.35, 595.35, 214467, 151845
STARPAPER,20231006, 227.00, 227.00, 222.35, 223.95, 60311, 34438
STARTECK,20231006, 156.20, 160.70, 156.20, 156.50, 155, -
STCINDIA,20231006, 122.45, 122.80, 118.75, 119.55, 245781, 84816
STEELCAS,20231006, 665.00, 696.00, 665.00, 681.40, 23151, 11119
STEELCITY,20231006, 66.70, 67.00, 65.65, 66.20, 24336, 17817
STEELXIND,20231006, 9.50, 9.50, 8.65, 8.80, 10049038, 7157377
STEL,20231006, 217.00, 217.00, 210.55, 212.45, 4635, -
STERTOOLS,20231006, 373.05, 376.25, 369.35, 374.30, 21914, 11332
STLTECH,20231006, 159.55, 162.40, 158.05, 159.40, 801087, 340805
STOVEKRAFT,20231006, 567.30, 577.70, 564.15, 570.30, 156152, 71347
STYLAMIND,20231006, 1725.05, 1750.00, 1712.30, 1740.50, 27105, 14555
STYRENIX,20231006, 1050.20, 1088.00, 1050.20, 1083.50, 21525, 13097
SUBEXLTD,20231006, 32.05, 32.25, 31.55, 31.75, 2381641, 1233226
SUBROS,20231006, 388.50, 392.40, 380.70, 383.80, 78750, 40260
SUDARSCHEM,20231006, 489.00, 489.00, 477.65, 480.40, 74000, 38631
SUKHJITS,20231006, 446.95, 453.75, 442.10, 444.90, 10765, 6613
SULA,20231006, 476.95, 476.95, 464.40, 467.85, 605645, 447813
SUMICHEM,20231006, 436.80, 440.80, 433.10, 438.45, 167386, 61641
SUMIT,20231006, 30.45, 30.45, 28.95, 29.80, 14021, -
SUMMITSEC,20231006, 990.00, 998.90, 975.55, 981.75, 3507, 2465
SUNDARAM,20231006, 3.45, 3.50, 3.35, 3.45, 984196, -
SUNDARMFIN,20231006, 3175.00, 3242.20, 3082.35, 3181.95, 135412, 110631
SUNDARMHLD,20231006, 119.50, 121.50, 115.80, 118.25, 252362, 148327
SUNDRMBRAK,20231006, 519.00, 544.00, 511.20, 534.40, 5811, -
SUNDRMFAST,20231006, 1255.10, 1272.00, 1229.30, 1234.45, 50580, 23437
SUNFLAG,20231006, 192.40, 198.80, 192.40, 197.20, 224717, 76401
SUNPHARMA,20231006, 1128.00, 1132.15, 1123.10, 1127.30, 1056281, 589084
SUNTECK,20231006, 446.00, 454.40, 444.05, 453.05, 323268, 182541
SUNTV,20231006, 636.15, 638.55, 627.65, 630.05, 1609601, 470532
SUPERHOUSE,20231006, 242.45, 243.95, 237.00, 238.30, 33037, 17045
SUPERSPIN,20231006, 8.05, 8.20, 8.00, 8.00, 70928, 50782
SUPRAJIT,20231006, 392.10, 394.70, 389.00, 390.30, 61437, 25162
SUPREMEENG,20231006, 0.90, 0.90, 0.85, 0.85, 97147, -
SUPREMEIND,20231006, 3899.00, 4028.00, 3881.55, 3912.50, 257858, 141986
SUPREMEINF,20231006, 26.00, 26.50, 25.70, 25.70, 21698, -
SUPRIYA,20231006, 276.05, 279.05, 269.00, 269.95, 246097, 134570
SURANASOL,20231006, 24.00, 24.15, 23.65, 23.95, 30874, -
SURANAT&P,20231006, 11.55, 12.00, 11.35, 11.70, 107626, 59132
SURANI,20231006, 321.80, 321.80, 300.00, 303.00, 48000, 38000
SURYALAXMI,20231006, 71.50, 72.50, 70.00, 70.90, 32219, 15121
SURYAROSNI,20231006, 489.00, 522.65, 487.90, 504.60, 888065, 312378
SURYODAY,20231006, 170.95, 172.60, 167.45, 169.75, 825204, 417786
SUTLEJTEX,20231006, 58.00, 58.35, 56.50, 57.10, 205199, 104958
SUULD,20231006, 7.70, 7.70, 7.60, 7.60, 26102, -
SUVEN,20231006, 71.75, 73.10, 71.35, 71.70, 275824, 136898
SUVENPHAR,20231006, 572.10, 574.45, 564.00, 565.25, 129886, 68029
SUVIDHAA,20231006, 4.55, 4.55, 4.35, 4.45, 88245, -
SUZLON,20231006, 28.85, 29.80, 28.40, 29.10, 273969163, 102491735
SVPGLOB,20231006, 8.60, 8.60, 8.30, 8.40, 62390, -
SWANENERGY,20231006, 285.90, 299.50, 283.05, 297.55, 2080337, 909088
SWARAJENG,20231006, 1988.00, 1996.45, 1977.35, 1987.95, 3817, 1997
SWASTIK,20231006, 97.20, 97.20, 95.20, 96.10, 13200, 10800
SWELECTES,20231006, 622.00, 623.90, 584.40, 601.40, 44864, 20298
SWSOLAR,20231006, 337.80, 347.95, 324.45, 341.60, 236410, -
SYMPHONY,20231006, 879.90, 880.85, 870.00, 872.05, 16654, 10179
SYNCOMF,20231006, 9.30, 9.85, 9.30, 9.40, 7412871, 3506413
SYNGENE,20231006, 790.40, 794.50, 781.90, 790.65, 193786, 76055
SYNOPTICS,20231006, 125.00, 127.45, 124.25, 125.65, 15000, 11400
SYRMA,20231006, 642.15, 647.00, 629.95, 638.15, 749751, 250399
SYSTANGO,20231006, 222.00, 224.50, 219.00, 222.85, 49600, 41600
TAINWALCHM,20231006, 138.90, 138.90, 136.10, 137.25, 18173, 11010
TAJGVK,20231006, 235.50, 249.45, 235.00, 242.45, 855096, 249351
TAKE,20231006, 21.50, 21.95, 21.00, 21.80, 139290, -
TALBROAUTO,20231006, 1057.85, 1067.95, 1050.00, 1059.05, 23069, 13868
TANLA,20231006, 1040.05, 1043.55, 1016.30, 1021.30, 253375, 110826
TARACHAND,20231006, 112.00, 117.90, 112.00, 117.55, 60000, 52000
TARAPUR,20231006, 4.55, 4.60, 4.55, 4.60, 2229, -
TARC,20231006, 93.50, 94.35, 91.10, 91.70, 707317, 348414
TARMAT,20231006, 91.70, 94.40, 91.00, 91.50, 284098, 139438
TARSONS,20231006, 526.90, 540.00, 515.00, 518.45, 149499, 67713
TASTYBITE,20231006, 16699.00, 16981.90, 16506.30, 16591.70, 3598, 1921
TATACHEM,20231006, 1012.00, 1014.80, 1005.30, 1012.75, 348344, 126332
TATACOFFEE,20231006, 254.95, 257.60, 253.15, 256.45, 212180, 94312
TATACOMM,20231006, 1864.50, 1864.50, 1821.00, 1837.80, 991191, 570844
TATACONSUM,20231006, 861.00, 877.50, 861.00, 874.75, 960117, 308760
TATAELXSI,20231006, 7270.00, 7348.00, 7264.05, 7302.75, 65339, 36999
TATAINVEST,20231006, 3395.45, 3404.25, 3275.00, 3306.10, 114486, 39940
TATAMETALI,20231006, 945.00, 950.85, 935.80, 941.90, 16450, 7753
TATAMOTORS,20231006, 627.00, 627.35, 620.00, 622.45, 7922379, 3108009
TATAMTRDVR,20231006, 420.45, 420.45, 416.70, 418.30, 1241397, 699848
TATAPOWER,20231006, 259.50, 259.95, 258.05, 258.75, 3828731, 1267120
TATASTEEL,20231006, 126.50, 127.00, 125.10, 125.90, 21928671, 8576602
TATASTLLP,20231006, 800.00, 809.95, 797.00, 800.05, 28133, 13621
TATVA,20231006, 1585.55, 1610.00, 1585.55, 1603.40, 13052, 8142
TBZ,20231006, 112.40, 118.75, 112.05, 116.95, 1404152, 474623
TCI,20231006, 798.40, 800.55, 781.00, 791.75, 18463, 10566
TCIEXP,20231006, 1425.00, 1425.00, 1395.40, 1397.75, 61535, 37419
TCNSBRANDS,20231006, 369.90, 369.90, 364.95, 366.00, 120735, 84074
TCPLPACK,20231006, 2158.00, 2189.30, 2148.00, 2173.25, 5711, 3039
TCS,20231006, 3591.00, 3634.95, 3575.05, 3621.40, 2075691, 1217280
TDPOWERSYS,20231006, 252.50, 256.70, 251.20, 254.90, 129240, 73331
TEAMLEASE,20231006, 2651.40, 2669.95, 2630.00, 2641.90, 7739, 3069
TECH,20231006, 32.95, 33.30, 32.95, 33.17, 8743, 6023
TECHIN,20231006, 11.45, 12.05, 11.45, 12.00, 9114, -
TECHM,20231006, 1207.00, 1223.00, 1205.00, 1216.90, 1446719, 659750
TECHNOE,20231006, 523.00, 529.90, 511.20, 524.45, 55623, 27460
TECILCHEM,20231006, 18.45, 18.45, 17.75, 17.75, 500, -
TEGA,20231006, 915.00, 916.75, 905.55, 907.50, 37020, 25276
TEJASNET,20231006, 892.95, 912.00, 890.25, 896.35, 494554, 173229
TEMBO,20231006, 240.50, 247.95, 234.35, 238.70, 53751, 19385
TERASOFT,20231006, 46.85, 46.85, 46.85, 46.85, 48174, 48172
TEXINFRA,20231006, 68.55, 71.80, 68.55, 71.15, 256254, 137964
TEXMOPIPES,20231006, 71.45, 73.00, 70.40, 72.50, 94872, -
TEXRAIL,20231006, 131.55, 133.85, 129.35, 130.35, 1499001, 718915
TFCILTD,20231006, 96.35, 100.95, 96.35, 98.90, 632250, 284513
TFL,20231006, 10.35, 10.40, 9.75, 10.00, 42349, 18587
TGBHOTELS,20231006, 10.15, 10.30, 9.75, 10.00, 57239, 35430
THANGAMAYL,20231006, 1330.00, 1348.00, 1302.10, 1330.00, 47504, 26687
THEINVEST,20231006, 80.90, 81.40, 79.55, 81.15, 5455, 3160
THEJO,20231006, 1684.55, 1685.00, 1652.00, 1652.50, 1350, 750
THEMISMED,20231006, 1892.00, 1906.45, 1872.55, 1885.85, 15071, 10313
THERMAX,20231006, 3124.90, 3124.90, 3011.05, 3028.70, 29051, 12515
THOMASCOOK,20231006, 118.80, 123.10, 117.25, 123.10, 1013013, -
THOMASCOTT,20231006, 122.75, 122.75, 122.75, 122.75, 19277, -
THYROCARE,20231006, 569.00, 576.20, 568.15, 573.45, 55558, 35384
TI,20231006, 209.45, 217.95, 209.40, 213.10, 832497, 412797
TIDEWATER,20231006, 1174.95, 1192.30, 1158.55, 1183.05, 27868, 12776
TIIL,20231006, 2016.00, 2037.95, 1994.00, 2018.75, 7823, 3598
TIINDIA,20231006, 3015.30, 3025.00, 2965.50, 2974.90, 133211, 97701
TIJARIA,20231006, 5.70, 5.95, 5.70, 5.85, 16278, 14076
TIL,20231006, 282.00, 289.90, 280.00, 288.45, 5433, -
TIMESGTY,20231006, 69.15, 72.50, 67.50, 68.75, 60602, 14062
TIMETECHNO,20231006, 147.35, 149.20, 145.40, 146.10, 792075, 301313
TIMKEN,20231006, 3070.40, 3079.95, 3046.35, 3060.65, 30534, 8183
TINPLATE,20231006, 393.20, 397.20, 391.10, 392.75, 99502, 31987
TIPSFILMS,20231006, 570.00, 570.00, 554.00, 561.90, 2121, -
TIPSINDLTD,20231006, 311.70, 313.00, 306.05, 309.70, 50273, 21823
TIRUMALCHM,20231006, 213.00, 215.50, 210.95, 211.25, 262805, 135397
TIRUPATIFL,20231006, 10.40, 10.40, 10.20, 10.20, 159493, -
TITAGARH,20231006, 781.00, 800.00, 766.00, 770.45, 1302924, 508935
TITAN,20231006, 3230.00, 3319.80, 3221.10, 3309.75, 1102120, 345862
TMB,20231006, 563.40, 565.70, 550.55, 557.05, 110920, 78720
TNIDETF,20231006, 67.70, 67.70, 66.80, 67.11, 10242, 8257
TNPETRO,20231006, 92.45, 93.45, 90.70, 91.05, 177933, 75626
TNPL,20231006, 255.25, 257.50, 254.95, 256.55, 120982, 72220
TNTELE,20231006, 8.20, 8.20, 7.80, 7.95, 7348, -
TOKYOPLAST,20231006, 101.00, 113.75, 99.00, 110.35, 499635, 155320
TORNTPHARM,20231006, 1857.70, 1899.00, 1855.95, 1894.05, 408253, 267205
TORNTPOWER,20231006, 733.00, 736.50, 725.05, 730.05, 97952, 46258
TOTAL,20231006, 134.95, 135.45, 130.95, 133.75, 12658, 7553
TOUCHWOOD,20231006, 143.45, 143.45, 143.00, 143.20, 166, -
TPLPLASTEH,20231006, 46.80, 47.00, 45.60, 46.05, 157166, 74781
TRACXN,20231006, 73.00, 76.35, 72.05, 75.65, 785523, 383538
TRANSWIND,20231006, 10.65, 10.65, 10.65, 10.65, 4000, 4000
TREEHOUSE,20231006, 21.15, 22.50, 19.20, 20.75, 286605, 146191
TREJHARA,20231006, 122.00, 122.65, 122.00, 122.65, 134999, -
TREL,20231006, 42.00, 43.00, 41.70, 42.85, 701298, 471010
TRENT,20231006, 2055.85, 2091.90, 2050.10, 2072.10, 444220, 189205
TRF,20231006, 236.00, 243.75, 236.00, 239.35, 50346, 23804
TRIDENT,20231006, 37.75, 38.70, 37.30, 38.50, 10279675, 4114070
TRIDHYA,20231006, 43.30, 43.50, 42.55, 42.95, 39000, 30000
TRIGYN,20231006, 125.10, 129.40, 125.10, 127.15, 280954, 127306
TRIL,20231006, 175.60, 178.60, 171.35, 172.80, 1575129, 661687
TRITURBINE,20231006, 422.85, 422.85, 412.75, 414.70, 316226, 208535
TRIVENI,20231006, 379.55, 385.30, 378.05, 381.80, 413830, 161895
TRU,20231006, 64.45, 65.80, 62.40, 63.05, 4365757, 1123496
TTKHLTCARE,20231006, 1148.60, 1156.85, 1139.40, 1147.60, 11386, 8188
TTKPRESTIG,20231006, 782.50, 790.00, 772.95, 778.50, 111801, 69891
TTL,20231006, 95.70, 95.70, 92.70, 94.70, 13339, 8253
TTML,20231006, 97.70, 100.35, 96.75, 99.80, 5011636, 1727391
TV18BRDCST,20231006, 47.00, 48.00, 46.00, 46.20, 16916720, 4683714
TVSELECT,20231006, 351.95, 354.00, 349.05, 350.70, 31112, 11055
TVSHLTD,20231006, 5600.00, 5612.00, 5425.00, 5479.85, 1620, 713
TVSHLTD,20231006, 10.35, 10.45, 10.35, 10.35, 49864, 49864
TVSMOTOR,20231006, 1504.00, 1516.60, 1495.00, 1501.25, 537906, 290062
TVSSCS,20231006, 212.40, 218.00, 210.70, 216.20, 1255675, 715876
TVSSRICHAK,20231006, 3472.00, 3499.25, 3399.95, 3471.70, 16238, 6919
TVTODAY,20231006, 216.70, 217.95, 212.10, 215.65, 292538, 165166
TVVISION,20231006, 3.40, 3.55, 3.40, 3.55, 4092, -
UBL,20231006, 1561.00, 1569.95, 1551.00, 1560.75, 79148, 29378
UCAL,20231006, 133.50, 136.80, 132.20, 134.20, 6511, -
UCL,20231006, 65.00, 65.00, 65.00, 65.00, 10000, 10000
UCOBANK,20231006, 43.85, 44.10, 42.40, 43.20, 44033584, 7179552
UDAICEMENT,20231006, 32.15, 32.35, 31.50, 31.70, 536941, 288117
UDS,20231006, 292.95, 292.95, 283.75, 285.75, 229698, 137693
UFLEX,20231006, 447.00, 447.80, 441.00, 444.05, 75874, 36126
UFO,20231006, 112.50, 117.10, 110.40, 117.10, 408321, -
UGARSUGAR,20231006, 106.05, 106.80, 105.05, 106.35, 181976, 83233
UGROCAP,20231006, 274.35, 281.60, 270.00, 277.20, 219630, 110166
UJAAS,20231006, 2.60, 2.60, 2.55, 2.60, 229662, -
UJJIVAN,20231006, 589.15, 604.90, 582.05, 590.80, 1939031, 627928
UJJIVANSFB,20231006, 60.00, 61.40, 57.85, 60.10, 128125199, 19645018
ULTRACEMCO,20231006, 8198.00, 8239.65, 8151.25, 8195.45, 158491, 81454
UMA,20231006, 34.05, 34.05, 33.90, 33.90, 16000, 12000
UMAEXPORTS,20231006, 51.45, 51.50, 50.10, 50.75, 28203, 17264
UMANGDAIRY,20231006, 72.60, 73.85, 71.45, 72.50, 22296, 14104
UMESLTD,20231006, 6.55, 6.55, 6.55, 6.55, 2700, -
UNICHEMLAB,20231006, 415.40, 420.00, 413.10, 418.40, 14627, 8662
UNIDT,20231006, 235.80, 241.55, 230.15, 232.70, 21759, 13896
UNIENTER,20231006, 161.85, 164.40, 160.50, 162.80, 11896, 8147
UNIHEALTH,20231006, 127.30, 129.00, 122.25, 123.80, 22000, 21000
UNIINFO,20231006, 27.65, 27.90, 26.00, 26.25, 11114, 4445
UNIONBANK,20231006, 105.70, 107.60, 103.75, 105.30, 25813134, 8308819
UNIPARTS,20231006, 583.70, 583.80, 574.40, 576.10, 142320, 97232
UNITECH,20231006, 2.45, 2.45, 2.40, 2.40, 4229857, -
UNITEDPOLY,20231006, 108.70, 108.70, 99.15, 104.95, 2324, -
UNITEDTEA,20231006, 315.50, 319.10, 312.50, 318.55, 3733, 2799
UNIVASTU,20231006, 110.45, 113.00, 105.00, 110.60, 611741, 213639
UNIVCABLES,20231006, 496.00, 524.40, 494.10, 508.05, 157938, 75068
UNIVPHOTO,20231006, 420.60, 424.95, 418.00, 420.30, 906, 551
UNOMINDA,20231006, 594.00, 602.25, 594.00, 594.75, 234308, 130458
UPL,20231006, 607.60, 613.00, 605.00, 612.15, 1750968, 1140327
URAVI,20231006, 255.75, 256.25, 241.15, 242.50, 3124, 1812
URBAN,20231006, 129.90, 140.00, 129.90, 139.45, 25200, 21600
URJA,20231006, 9.75, 10.60, 9.70, 10.10, 10996130, 4760733
USASEEDS,20231006, 355.00, 355.00, 355.00, 355.00, 300, 300
USHAMART,20231006, 339.60, 341.45, 332.70, 334.70, 199047, 119808
USK,20231006, 34.75, 38.50, 34.75, 37.45, 1741710, 686248
UTIAMC,20231006, 792.80, 792.80, 782.00, 788.75, 38896, 21942
UTKARSHBNK,20231006, 60.30, 60.90, 58.10, 58.75, 24078050, 6304481
UTTAMSUGAR,20231006, 414.35, 418.80, 409.70, 411.85, 111778, 49088
V2RETAIL,20231006, 172.10, 172.10, 172.10, 172.10, 6525, -
VADILALIND,20231006, 2530.75, 2559.85, 2500.15, 2514.90, 3234, 1436
VAIBHAVGBL,20231006, 427.50, 431.25, 424.15, 426.45, 103817, 40167
VAISHALI,20231006, 133.80, 137.10, 132.50, 133.30, 108208, 67456
VAKRANGEE,20231006, 17.20, 17.60, 17.00, 17.15, 7167016, 2512669
VALIANTLAB,20231006, 162.15, 170.25, 162.10, 170.25, 3427170, -
VALIANTORG,20231006, 475.00, 476.10, 468.25, 472.65, 41881, 18191
VARDHACRLC,20231006, 52.20, 55.00, 52.20, 54.05, 111670, 54143
VARDMNPOLY,20231006, 50.80, 53.40, 50.00, 53.40, 19750, -
VARROC,20231006, 504.95, 508.70, 496.40, 498.30, 262475, 110387
VASCONEQ,20231006, 70.50, 75.15, 70.20, 72.55, 15968751, 4388586
VASWANI,20231006, 27.80, 28.50, 27.20, 27.55, 40450, -
VBL,20231006, 922.25, 932.00, 922.10, 927.05, 1438968, 1137039
VCL,20231006, 1.95, 2.15, 1.85, 2.00, 7865396, 5403585
VEDL,20231006, 222.65, 224.10, 220.85, 222.70, 5523734, 2040389
VELS,20231006, 127.90, 127.90, 127.90, 127.90, 3600, 3600
VENKEYS,20231006, 1980.00, 2069.95, 1970.00, 2051.00, 91240, 40217
VENUSPIPES,20231006, 1250.00, 1324.95, 1225.05, 1305.55, 333304, 105135
VENUSREM,20231006, 241.15, 241.80, 229.60, 231.55, 46575, 24407
VERANDA,20231006, 191.60, 192.40, 187.25, 189.80, 101020, 76958
VERTOZ,20231006, 297.00, 310.00, 292.25, 300.45, 639277, 279642
VESUVIUS,20231006, 3099.00, 3099.00, 3061.05, 3078.45, 2030, 1091
VETO,20231006, 128.00, 128.35, 125.15, 126.80, 55901, 26785
VGUARD,20231006, 294.75, 296.20, 289.30, 291.80, 331544, 214168
VHL,20231006, 3047.00, 3047.95, 3005.00, 3018.70, 446, 282
VIAZ,20231006, 42.00, 42.10, 42.00, 42.10, 4000, 4000
VIDHIING,20231006, 420.20, 450.00, 419.00, 443.30, 45324, 32453
VIJAYA,20231006, 506.70, 509.15, 489.85, 495.30, 110332, 51783
VIJIFIN,20231006, 1.90, 2.00, 1.90, 1.95, 67959, -
VIKASECO,20231006, 3.60, 3.75, 3.60, 3.75, 8151855, -
VIKASLIFE,20231006, 5.30, 5.40, 5.10, 5.15, 23952495, 7704597
VILINBIO,20231006, 23.40, 23.50, 22.50, 22.90, 32000, 24000
VIMTALABS,20231006, 567.40, 574.25, 556.25, 559.90, 23453, 10971
VINATIORGA,20231006, 1870.45, 1879.50, 1855.00, 1859.70, 17053, 7032
VINDHYATEL,20231006, 2275.70, 2287.65, 2211.75, 2245.65, 10629, 4746
VINEETLAB,20231006, 50.50, 51.40, 50.10, 50.35, 113604, 5908
VINNY,20231006, 3.30, 3.35, 3.20, 3.20, 707346, -
VINSYS,20231006, 261.00, 281.00, 261.00, 278.45, 31000, 19000
VINYAS,20231006, 330.00, 346.50, 313.50, 346.50, 1581600, 1567200
VINYLINDIA,20231006, 450.00, 454.30, 445.20, 447.70, 25019, 12992
VIPCLOTHNG,20231006, 54.50, 56.25, 54.35, 54.80, 1229705, 713872
VIPIND,20231006, 663.00, 686.95, 652.00, 667.70, 777038, 498648
VIPULLTD,20231006, 15.90, 15.90, 15.00, 15.35, 188103, 125575
VIRINCHI,20231006, 35.60, 36.00, 34.80, 35.45, 149733, -
VISAKAIND,20231006, 90.05, 92.70, 89.20, 90.20, 482136, 229333
VISASTEEL,20231006, 15.85, 15.85, 15.85, 15.85, 7932, -
VISESHINFO,20231006, 0.50, 0.50, 0.45, 0.45, 4326993, -
VISHAL,20231006, 22.40, 22.65, 21.80, 22.00, 1394655, 550787
VISHNU,20231006, 334.35, 334.35, 328.90, 329.85, 105333, 61777
VISHWARAJ,20231006, 18.25, 18.75, 18.15, 18.25, 1077824, 517613
VITAL,20231006, 98.75, 98.90, 95.00, 96.95, 16800, 15600
VIVIANA,20231006, 138.30, 142.95, 138.30, 142.95, 4000, 4000
VIVIDHA,20231006, 1.00, 1.05, 0.90, 0.95, 3554545, 2303594
VIVO,20231006, 108.00, 108.00, 108.00, 108.00, 1600, 1600
VLEGOV,20231006, 33.10, 33.60, 32.75, 33.05, 191150, 143434
VLSFINANCE,20231006, 202.00, 202.90, 196.00, 197.50, 22033, 11169
VMARCIND,20231006, 119.00, 120.00, 115.00, 117.00, 18000, 18000
VMART,20231006, 2004.10, 2041.70, 1977.05, 1997.75, 28239, 9095
VOLTAMP,20231006, 4429.95, 4539.00, 4401.00, 4434.40, 37857, 12915
VOLTAS,20231006, 883.85, 888.00, 879.45, 885.10, 460025, 168289
VPRPL,20231006, 171.20, 176.15, 170.05, 173.45, 1927718, 841876
VRLLOG,20231006, 687.10, 692.90, 677.05, 680.00, 445312, 399995
VSSL,20231006, 207.00, 211.10, 204.10, 206.65, 109219, 43416
VSTIND,20231006, 3403.40, 3438.00, 3349.70, 3376.15, 5637, 2824
VSTTILLERS,20231006, 3735.00, 3907.00, 3701.10, 3870.65, 30746, 18615
VTL,20231006, 372.30, 384.20, 370.20, 380.35, 185937, 85895
WABAG,20231006, 455.70, 462.50, 453.20, 459.95, 290838, 163971
WALCHANNAG,20231006, 125.70, 125.70, 125.70, 125.70, 17841, -
WALPAR,20231006, 88.00, 90.00, 88.00, 90.00, 4000, 4000
WANBURY,20231006, 74.65, 74.65, 74.60, 74.60, 3121, -
WATERBASE,20231006, 81.90, 81.95, 79.80, 80.50, 52261, 29833
WEALTH,20231006, 368.00, 370.55, 345.00, 357.15, 13322, 5586
WEBELSOLAR,20231006, 154.90, 161.35, 153.10, 161.35, 371053, 240262
WEIZMANIND,20231006, 111.80, 111.80, 109.00, 109.50, 20345, 7973
WEL,20231006, 264.00, 277.00, 264.00, 276.80, 2498, -
WELCORP,20231006, 388.70, 395.00, 387.90, 391.05, 364980, 172616
WELENT,20231006, 281.00, 289.45, 280.50, 284.25, 199303, 102060
WELINV,20231006, 490.00, 507.00, 490.00, 490.10, 284, -
WELSPUNIND,20231006, 119.15, 120.25, 118.45, 119.75, 668923, 258898
WENDT,20231006, 14487.55, 14532.95, 14336.05, 14495.35, 341, 202
WESTLIFE,20231006, 949.00, 962.00, 945.00, 954.55, 103215, 79452
WEWIN,20231006, 59.00, 59.15, 58.90, 59.00, 3689, -
WHEELS,20231006, 787.40, 797.00, 780.55, 784.00, 11348, 6184
WHIRLPOOL,20231006, 1660.95, 1660.95, 1645.40, 1650.10, 126938, 112005
WILLAMAGOR,20231006, 29.50, 29.50, 27.95, 28.40, 47363, 29211
WINDLAS,20231006, 378.00, 383.85, 366.65, 368.10, 123909, 79105
WINDMACHIN,20231006, 73.00, 74.00, 72.90, 74.00, 54019, -
WINSOME,20231006, 7.25, 7.25, 7.25, 7.25, 4606, 4606
WIPL,20231006, 110.10, 115.70, 110.00, 110.00, 2450, -
WIPRO,20231006, 408.00, 409.80, 406.95, 407.85, 3182502, 1574435
WOCKPHARMA,20231006, 232.70, 233.50, 228.60, 229.55, 374152, 182044
WONDERLA,20231006, 800.00, 818.90, 792.00, 798.30, 365836, 112906
WORTH,20231006, 110.00, 111.80, 108.35, 109.35, 25326, 11524
WSI,20231006, 101.25, 106.30, 99.00, 105.60, 60733, -
WSTCSTPAPR,20231006, 707.20, 718.95, 705.90, 709.40, 170257, 76933
XCHANGING,20231006, 90.50, 94.55, 90.35, 92.80, 437127, 185006
XELPMOC,20231006, 85.35, 86.20, 83.60, 85.50, 40148, 22194
XPROINDIA,20231006, 1065.55, 1100.00, 1065.00, 1091.15, 86766, 53685
YAARI,20231006, 10.50, 11.00, 10.50, 10.95, 64034, -
YASHO,20231006, 1766.25, 1864.80, 1741.05, 1804.75, 30745, 20091
YATHARTH,20231006, 385.90, 415.40, 383.50, 401.75, 3345234, 860510
YATRA,20231006, 137.05, 139.55, 134.50, 138.00, 749035, 343327
YCCL,20231006, 28.00, 28.75, 27.60, 28.00, 15000, 12000
YESBANK,20231006, 17.20, 17.50, 17.15, 17.30, 130610068, 33207660
YUDIZ,20231006, 150.00, 151.15, 146.50, 147.40, 25600, 20800
YUKEN,20231006, 709.95, 718.00, 706.65, 709.20, 9349, 6777
ZAGGLE,20231006, 204.95, 222.40, 201.15, 217.80, 3612987, 1200680
ZEAL,20231006, 177.00, 179.50, 175.00, 179.50, 7200, 6000
ZEEL,20231006, 260.45, 261.70, 258.50, 260.65, 2683516, 669521
ZEELEARN,20231006, 5.70, 5.70, 5.70, 5.70, 392904, -
ZEEMEDIA,20231006, 13.75, 13.90, 13.25, 13.30, 9490443, 4302214
ZENITHEXPO,20231006, 113.95, 117.00, 108.55, 112.00, 1590, -
ZENITHSTL,20231006, 4.10, 4.10, 4.00, 4.00, 126073, 104722
ZENSARTECH,20231006, 538.40, 538.80, 526.55, 530.20, 478822, 203202
ZENTEC,20231006, 741.90, 745.00, 726.00, 728.05, 72763, -
ZFCVINDIA,20231006, 15120.00, 15156.85, 14910.05, 15018.25, 6135, 3386
ZIMLAB,20231006, 118.05, 120.30, 118.05, 118.95, 81651, 43188
ZODIAC,20231006, 134.80, 138.50, 132.00, 135.10, 14079, -
ZODIACLOTH,20231006, 137.85, 140.00, 135.05, 136.40, 85277, 43095
ZOMATO,20231006, 106.40, 107.20, 104.00, 104.45, 65041435, 24779188
ZOTA,20231006, 382.95, 390.00, 382.00, 383.70, 8758, 4650
ZUARI,20231006, 154.50, 155.95, 154.00, 155.45, 58372, 27435
ZUARIIND,20231006, 149.70, 150.85, 147.55, 148.15, 24914, 16389
ZYDUSLIFE,20231006, 607.30, 610.65, 599.60, 603.75, 1145725, 713319
ZYDUSWELL,20231006, 1574.00, 1579.90, 1547.00, 1559.70, 22061, 11330
