TICKERCODE, DATE, OPEN, HIGH, LOW, CLOSE, VOLUME
500009,20231009,39.69,41.31,39.69,41.31,544244
500012,20231009,75.61,75.96,73.90,74.27,112319
500013,20231009,14.40,14.40,14.30,14.30,17030
500014,20231009,6.10,6.22,5.76,5.88,54765
500016,20231009,16.53,16.53,14.85,14.93,26059
500028,20231009,15.13,15.13,15.13,15.13,99259
500039,20231009,475.00,494.55,473.85,476.95,41062
500041,20231009,2625.60,2625.60,2536.90,2542.85,214
500048,20231009,2361.20,2386.95,2281.00,2294.85,20408
500049,20231009,137.65,137.65,135.05,135.70,291430
500052,20231009,90.55,92.75,89.55,90.40,25702
500058,20231009,10.86,11.10,10.66,10.86,41689
500059,20231009,15.00,15.00,15.00,15.00,2377
500068,20231009,13801.20,14000.00,13351.55,13623.40,189
500069,20231009,253.05,269.60,251.10,266.50,376
500074,20231009,81.01,82.00,74.35,75.98,36885
500083,20231009,16.40,16.40,15.77,15.79,84984
500104,20231009,253.85,253.85,249.15,251.75,82261
500106,20231009,23.92,24.12,22.50,22.70,7273396
500108,20231009,28.64,28.75,27.40,27.68,704807
500111,20231009,9.84,9.84,9.84,9.84,24623
500112,20231009,588.75,588.75,581.60,585.00,220637
500113,20231009,88.39,88.39,86.01,86.41,565057
500116,20231009,68.20,68.56,65.82,66.79,1651046
500120,20231009,521.00,531.30,509.45,515.20,4661
500123,20231009,7804.10,7998.00,7717.75,7893.95,544
500142,20231009,5.77,5.77,5.77,5.77,2849
500143,20231009,68.01,72.80,68.00,72.50,937
500147,20231009,2801.00,2850.00,2786.00,2793.20,1092
500148,20231009,443.90,443.90,430.30,434.10,12964
500150,20231009,3320.35,3371.60,3320.35,3360.00,31
500153,20231009,145.25,150.10,145.25,148.10,9993
500159,20231009,92.25,92.50,87.00,89.50,4594
500165,20231009,306.00,319.80,306.00,315.85,29867
500166,20231009,199.00,199.00,194.00,194.80,3863
500170,20231009,32.00,34.11,32.00,34.06,8486
500174,20231009,3.61,3.95,3.61,3.79,512
500179,20231009,16.21,16.21,15.55,15.69,97822
500185,20231009,27.60,28.19,26.85,27.15,4292609
500186,20231009,162.20,168.75,162.20,163.50,207202
500188,20231009,302.00,314.40,300.00,311.80,146997
500189,20231009,136.00,147.00,133.70,139.00,1398
500191,20231009,58.71,58.71,58.71,58.71,4001
500192,20231009,2.95,2.95,2.90,2.91,3599
500199,20231009,513.95,516.75,499.00,505.70,1139
500201,20231009,700.00,711.40,692.55,695.50,7748
500206,20231009,36.85,36.85,34.01,35.13,12495
500209,20231009,1459.05,1491.00,1459.05,1474.60,167685
500210,20231009,2900.00,2997.55,2877.10,2893.95,1120
500213,20231009,404.90,405.00,380.70,399.75,15986
500215,20231009,837.95,838.00,815.00,825.45,101
500219,20231009,64.64,64.64,61.22,61.47,642680
500223,20231009,2.91,2.94,2.86,2.86,1128201
500227,20231009,682.00,692.00,668.95,678.35,2660
500228,20231009,751.30,761.05,749.30,757.10,52378
500231,20231009,69.27,72.55,68.48,68.94,4620
500233,20231009,1275.65,1310.95,1275.65,1279.90,8414
500234,20231009,220.80,225.00,212.95,220.80,1942
500235,20231009,499.70,499.70,481.15,482.90,3031
500236,20231009,1.51,1.56,1.44,1.44,5204
500239,20231009,31.76,31.76,29.20,30.21,22949
500240,20231009,137.35,138.00,132.50,133.95,11110
500241,20231009,885.00,890.60,865.80,875.45,1649
500243,20231009,3000.00,3083.00,3000.00,3022.50,306
500245,20231009,451.60,471.35,451.60,467.80,4160
500246,20231009,238.40,238.40,238.40,238.40,4316
500247,20231009,1710.05,1733.95,1710.05,1719.35,50577
500250,20231009,1011.05,1037.00,1011.05,1033.60,2307
500251,20231009,2040.00,2089.00,2035.70,2078.75,5967
500253,20231009,455.30,468.00,455.30,465.85,66060
500257,20231009,1149.95,1159.00,1138.95,1149.30,22841
500262,20231009,7.80,8.10,7.80,8.10,165
500264,20231009,170.00,173.00,163.10,163.10,244124
500265,20231009,584.95,626.00,584.95,620.85,18443
500266,20231009,7699.95,7745.00,7454.00,7535.85,386
500267,20231009,181.00,193.90,181.00,181.60,4291
500268,20231009,65.41,67.07,64.57,64.79,18282
500270,20231009,171.50,176.90,154.80,171.75,3263
500277,20231009,8.20,8.49,7.79,8.37,3028
500279,20231009,17.32,17.80,17.25,17.33,35495
500280,20231009,427.90,428.00,419.70,425.25,1693
500284,20231009,155.00,163.90,155.00,157.05,8505
500285,20231009,35.57,35.57,34.40,34.50,951129
500288,20231009,34.20,35.45,34.20,34.45,538103
500290,20231009,107450.00,107598.50,106390.70,107229.10,181
500292,20231009,186.20,193.40,186.20,188.40,38882
500296,20231009,255.20,258.05,252.75,255.25,1681
500298,20231009,1047.25,1047.25,1047.25,1047.25,1462
500304,20231009,119.70,125.65,117.35,120.25,67056
500306,20231009,70.00,72.49,68.74,70.55,43833
500307,20231009,401.00,414.00,401.00,406.70,4093
500312,20231009,182.00,184.70,181.30,181.80,480925
500313,20231009,25.55,25.81,24.85,25.81,108874
500314,20231009,95.50,106.55,90.35,100.18,1044620
500317,20231009,32.30,34.71,32.30,33.79,26587
500319,20231009,93.00,93.00,87.55,87.60,19604
500322,20231009,13.74,13.74,13.74,13.74,100
500331,20231009,2447.00,2447.00,2410.15,2424.90,6883
500336,20231009,494.95,503.40,480.05,492.70,40503
500337,20231009,148.60,148.65,147.15,147.20,311
500346,20231009,45.41,46.79,43.51,44.88,2066
500350,20231009,189.00,189.00,183.95,184.70,13398
500354,20231009,50.03,51.35,48.75,49.10,12628
500355,20231009,211.30,213.60,208.30,209.00,31931
500357,20231009,24.23,24.23,24.18,24.18,17
500358,20231009,4.50,4.50,4.44,4.44,68
500360,20231009,69.99,71.03,67.00,70.65,12319
500365,20231009,36.99,38.81,35.65,38.81,974458
500366,20231009,2.41,2.41,2.29,2.38,109682
500367,20231009,82.00,82.00,78.00,80.50,48734
500370,20231009,48.90,48.90,47.06,47.06,230
500387,20231009,25776.95,25780.60,25493.85,25710.55,161
500388,20231009,28.35,28.35,28.35,28.35,24
500403,20231009,1259.15,1263.60,1227.40,1237.40,1639
500404,20231009,193.65,196.45,190.75,191.25,26322
500405,20231009,525.00,533.30,509.65,517.40,21543
500407,20231009,1902.45,1975.00,1902.45,1961.55,990
500412,20231009,209.00,210.00,206.60,207.40,27942
500414,20231009,158.80,163.70,158.80,162.80,89999
500420,20231009,1850.05,1904.65,1850.05,1889.65,5463
500422,20231009,30.88,30.88,28.00,28.10,48697
500426,20231009,2.18,2.18,2.18,2.18,14826
500429,20231009,162.80,162.80,158.40,158.40,257
500439,20231009,3005.00,3005.00,2950.00,2955.55,25
500444,20231009,700.05,705.65,675.55,679.55,37125
500449,20231009,35.30,35.30,32.00,32.43,333619
500450,20231009,1031.10,1031.10,1031.10,1031.10,162
500456,20231009,45.00,46.10,43.61,44.08,285939
500459,20231009,17790.00,17927.10,17476.30,17633.85,157
500460,20231009,169.95,169.95,160.55,161.45,11231
500464,20231009,137.00,137.00,130.55,135.65,3218
500467,20231009,150.55,159.55,150.55,151.70,6059
500490,20231009,6844.30,6878.90,6798.35,6832.25,1139
500500,20231009,17.69,19.00,16.98,17.88,1240614
500510,20231009,3073.00,3084.00,3055.60,3073.95,35402
500520,20231009,1546.75,1546.75,1514.10,1515.35,22161
500540,20231009,3.55,3.55,3.55,3.55,4342
500547,20231009,338.15,341.40,336.20,340.05,127286
500550,20231009,3465.05,3558.00,3465.05,3542.25,3666
500575,20231009,826.30,880.00,826.30,852.30,55067
500672,20231009,720.10,720.30,704.45,710.65,453
500680,20231009,3992.00,3992.00,3931.10,3956.30,1364
500696,20231009,2497.75,2516.00,2480.35,2510.60,49130
500730,20231009,220.00,223.95,219.65,222.00,49238
500770,20231009,1005.00,1010.80,995.20,1003.20,51177
500777,20231009,91.14,91.14,86.51,86.91,49502
500790,20231009,22849.30,22979.35,22792.70,22875.25,1519
500850,20231009,418.65,420.50,413.40,415.15,174891
500875,20231009,441.00,443.25,437.10,440.10,540840
500890,20231009,80.40,82.75,80.40,82.75,677
501148,20231009,300.15,300.15,295.00,299.00,141
501242,20231009,3.21,3.21,3.21,3.21,500
501295,20231009,104.10,104.10,104.10,104.10,1
501298,20231009,3729.00,3729.00,3560.00,3595.15,233
501301,20231009,3231.05,3275.15,3170.00,3195.15,15328
501314,20231009,1.69,1.69,1.69,1.69,408070
501343,20231009,31.16,31.16,31.09,31.09,601
501370,20231009,187.00,187.05,180.00,186.75,2964
501386,20231009,5.44,5.44,5.44,5.44,600
501391,20231009,413.95,415.50,392.10,394.90,936
501421,20231009,194.40,194.40,194.00,194.25,210
501423,20231009,1818.00,1853.95,1790.00,1833.95,223
501425,20231009,1234.00,1265.10,1224.00,1246.20,2234
501430,20231009,1034.15,1100.00,1034.15,1098.90,361
501477,20231009,222.00,222.00,221.90,221.90,17
501622,20231009,35.18,35.18,35.18,35.18,4
501700,20231009,29.05,29.05,26.32,26.32,49744
501833,20231009,13.73,14.87,13.73,14.55,7179
501848,20231009,37.64,37.64,37.64,37.64,102291
501945,20231009,1.87,1.87,1.87,1.87,400
502015,20231009,18.45,18.45,17.69,17.86,124002
502090,20231009,238.50,238.50,228.55,230.05,3087
502133,20231009,81.05,81.05,80.90,80.90,35448
502157,20231009,360.60,382.00,360.60,370.90,39622
502168,20231009,212.00,217.85,212.00,214.85,16128
502175,20231009,89.90,89.90,83.25,84.61,244971
502180,20231009,93.94,93.94,89.42,89.97,44816
502250,20231009,267.00,267.00,255.80,255.80,3
502271,20231009,12.14,12.74,12.14,12.74,1572
502281,20231009,17.60,17.88,16.41,17.01,23682
502294,20231009,41.57,42.40,38.00,40.05,1581
502330,20231009,587.70,594.05,558.65,569.25,13324
502420,20231009,50.84,50.84,48.00,48.77,83452
502445,20231009,26.99,28.59,26.06,26.80,467
502448,20231009,1.24,1.26,1.22,1.26,131124
502450,20231009,372.05,375.00,364.45,368.15,15877
502587,20231009,65.00,74.40,63.98,67.84,12656
502589,20231009,95.00,95.00,92.15,94.53,23
502820,20231009,81.05,82.00,79.00,79.71,18767
502865,20231009,660.05,670.90,660.05,666.70,832
502873,20231009,112.75,115.65,107.65,111.50,6460
502933,20231009,250.00,263.90,250.00,263.25,78
502958,20231009,4101.00,4208.50,4027.00,4071.25,744
502986,20231009,386.30,389.40,370.70,384.90,12495
503031,20231009,31.00,33.07,31.00,32.79,148711
503092,20231009,25.00,25.00,25.00,25.00,71
503100,20231009,1770.05,1813.65,1770.05,1798.55,1748
503101,20231009,431.05,443.45,420.30,421.95,15383
503127,20231009,4180.00,4180.00,3915.00,3915.00,8
503162,20231009,229.00,235.80,214.40,220.60,6958
503229,20231009,110.00,110.00,104.05,105.85,1253
503310,20231009,292.10,292.65,287.05,289.85,29302
503349,20231009,3956.00,3956.00,3567.00,3685.35,689
503624,20231009,6.70,6.99,6.27,6.69,19885
503641,20231009,13.99,13.99,13.20,13.57,3579
503657,20231009,15.50,15.50,15.10,15.28,33020
503659,20231009,46.88,46.88,46.88,46.88,1
503663,20231009,4.58,4.83,4.41,4.53,513773
503669,20231009,25.05,25.05,23.80,24.00,6207
503675,20231009,0.65,0.65,0.65,0.65,170973
503685,20231009,47.50,47.50,43.00,43.00,2752
503772,20231009,68.40,71.99,68.40,68.51,18
503776,20231009,36.30,38.55,36.30,38.15,415
503804,20231009,508.95,510.00,498.20,499.60,420
503806,20231009,2222.25,2231.45,2200.00,2203.40,20200
503811,20231009,560.00,562.85,547.90,551.50,3182
503816,20231009,44.21,45.33,43.94,44.23,13924
503837,20231009,5.78,5.78,5.78,5.78,5819
503863,20231009,11.74,11.74,11.16,11.16,2
503960,20231009,3810.55,3824.00,3687.50,3701.15,789
504000,20231009,77.85,78.00,73.01,75.44,199288
504028,20231009,85.25,87.69,84.30,85.62,25637
504036,20231009,350.00,368.90,344.00,357.75,3026
504067,20231009,505.05,526.00,505.05,523.75,78916
504076,20231009,59.67,59.67,59.67,59.67,2327
504080,20231009,475.00,501.90,475.00,499.70,252
504084,20231009,11800.00,12386.80,11500.00,12000.00,23
504092,20231009,110.10,115.35,110.10,112.80,2457
504093,20231009,380.25,380.25,380.25,380.25,4242
504112,20231009,777.50,777.50,754.00,754.70,5250
504132,20231009,1432.00,1445.00,1382.80,1399.90,8754
504176,20231009,560.00,571.15,555.00,560.60,12025
504180,20231009,40.94,40.94,39.70,39.94,9080
504212,20231009,495.25,506.95,478.00,503.95,8638
504220,20231009,103.90,104.00,100.20,100.20,9320
504240,20231009,138.85,138.85,138.85,138.85,1894
504258,20231009,1526.20,1601.00,1526.20,1547.75,6130
504273,20231009,10.57,10.87,9.85,10.87,66777
504340,20231009,9.25,9.25,9.23,9.25,14538
504341,20231009,75.00,76.00,70.00,70.39,26285
504351,20231009,1.04,1.04,1.04,1.04,8538631
504356,20231009,8.80,9.72,8.80,8.80,5463
504378,20231009,5.74,6.10,5.66,6.01,156683
504380,20231009,94.99,94.99,85.25,88.50,926
504392,20231009,73.00,77.90,66.70,71.37,9764
504397,20231009,58.00,58.00,55.25,55.25,52
504605,20231009,2397.40,2397.40,2397.40,2397.40,683
504614,20231009,211.70,217.40,208.00,211.80,34270
504646,20231009,586.25,606.60,574.65,583.95,1957
504648,20231009,38.85,38.85,38.10,38.10,2657
504731,20231009,27.26,27.38,24.78,26.89,2075
504741,20231009,251.95,251.95,236.95,241.85,7447
504746,20231009,1400.05,1400.05,1400.05,1400.05,5
504786,20231009,470.00,514.95,470.00,490.00,6200
504810,20231009,75.11,75.11,69.50,70.28,1760
504840,20231009,2267.00,2380.00,2267.00,2291.05,62
504879,20231009,36.74,36.74,35.00,35.51,25020
504882,20231009,4789.95,4789.95,4700.00,4719.90,39
504903,20231009,23.28,23.28,23.28,23.28,14502
504908,20231009,410.00,429.00,399.00,427.80,2430
504918,20231009,1463.00,1578.60,1463.00,1536.80,10532
504959,20231009,2385.00,2424.00,2380.50,2411.45,875
504961,20231009,89.60,91.50,85.50,88.29,7995
504988,20231009,875.00,875.00,800.05,810.20,297
505036,20231009,1595.00,1612.00,1535.00,1543.15,4226
505075,20231009,6.75,6.87,6.37,6.50,18015
505100,20231009,4.90,4.90,4.90,4.90,50
505141,20231009,35.45,35.45,35.45,35.45,11917
505160,20231009,1037.85,1039.50,1002.30,1007.85,4533
505163,20231009,751.50,773.80,730.65,749.65,2385
505196,20231009,277.15,287.00,275.00,287.00,75
505212,20231009,162.40,162.40,150.00,150.30,340
505216,20231009,790.15,828.00,790.00,794.60,217
505232,20231009,2043.00,2043.00,1960.80,2024.75,160
505242,20231009,4600.00,4600.00,4453.15,4474.60,1018
505250,20231009,67.77,67.77,64.01,64.02,1432
505283,20231009,655.00,677.45,655.00,666.90,3758
505299,20231009,384.95,385.55,368.80,382.05,2224
505302,20231009,2100.00,2100.00,1964.10,1964.10,717
505324,20231009,24.34,24.34,24.34,24.34,5578
505343,20231009,0.55,0.55,0.55,0.55,313832
505355,20231009,670.00,673.45,660.25,662.45,3688
505358,20231009,230.95,230.95,225.00,227.70,14019
505368,20231009,2366.90,2366.90,2342.00,2342.00,281
505412,20231009,14502.60,14800.00,14502.60,14779.95,49
505515,20231009,3.52,3.69,3.52,3.53,14626
505523,20231009,1.20,1.20,1.15,1.15,178841
505537,20231009,258.80,259.10,252.50,255.25,171346
505650,20231009,10.01,10.88,10.01,10.34,802
505681,20231009,627.00,648.00,626.10,637.00,362
505690,20231009,432.25,432.25,423.65,423.65,168
505693,20231009,16.25,16.25,15.98,15.98,32223
505703,20231009,36.82,36.82,36.82,36.82,100
505712,20231009,112.50,116.00,112.25,115.90,3091
505720,20231009,325.00,325.00,310.05,311.75,2469
505725,20231009,638.35,651.15,637.15,640.45,10017
505726,20231009,918.00,918.00,885.65,893.00,281
505729,20231009,111.88,111.88,102.00,104.82,428075
505737,20231009,1134.00,1134.00,1134.00,1134.00,1259
505750,20231009,447.00,449.00,421.00,424.85,2869
505797,20231009,16.74,16.74,16.74,16.74,1069
505827,20231009,344.05,349.35,333.00,336.35,8120
505840,20231009,37.50,41.00,37.50,38.71,5486
505850,20231009,101.00,101.00,97.51,99.38,14095
505854,20231009,234.25,238.00,230.40,233.15,6199
505872,20231009,2875.00,2875.00,2758.00,2805.55,3200
505890,20231009,2550.05,2681.60,2550.05,2645.15,522
505893,20231009,554.00,554.00,543.70,543.70,952
505978,20231009,1687.00,1687.00,1556.90,1655.85,249
506003,20231009,11.43,11.43,11.43,11.43,10
506022,20231009,168.45,168.45,143.15,146.25,330516
506105,20231009,81.00,82.94,78.01,79.05,417
506122,20231009,131.90,131.90,131.80,131.80,78
506128,20231009,92.84,94.69,92.84,94.69,9357
506134,20231009,93.33,93.33,93.33,93.33,13793
506146,20231009,0.95,0.96,0.90,0.93,634004
506186,20231009,13.25,13.78,12.36,12.52,2800
506222,20231009,1072.95,1102.45,1062.00,1085.30,1477
506248,20231009,142.50,148.00,135.65,142.25,89844
506260,20231009,128.00,130.00,126.25,128.85,13205
506365,20231009,30.00,30.00,28.50,30.00,110
506390,20231009,445.00,445.00,433.45,435.50,3113
506414,20231009,159.00,160.00,155.45,155.95,3606
506520,20231009,8.52,8.52,7.77,7.94,43163
506525,20231009,128.20,134.25,128.20,130.30,10283
506528,20231009,1698.75,1783.70,1630.00,1749.25,1128
506530,20231009,995.00,995.00,994.95,994.95,6
506532,20231009,825.00,825.00,806.00,808.90,4404
506543,20231009,7.94,7.94,7.94,7.94,6
506579,20231009,784.95,789.95,780.00,781.45,563
506597,20231009,286.05,293.70,280.10,286.00,1055
506605,20231009,2160.00,2200.00,2117.00,2200.00,124
506618,20231009,1209.95,1221.00,1170.10,1186.30,5867
506640,20231009,68.32,68.32,68.32,68.32,1005
506642,20231009,80.00,82.55,78.58,79.30,29284
506655,20231009,482.00,488.00,468.90,483.65,19203
506685,20231009,419.95,420.00,400.00,405.30,32236
506687,20231009,1898.90,1898.90,1840.00,1859.10,1651
506734,20231009,147.70,149.00,135.20,139.30,1236
506808,20231009,90.00,91.84,86.20,87.67,105019
506852,20231009,59.80,60.00,57.56,58.13,161435
506854,20231009,2087.90,2087.90,1930.00,1955.40,18329
506858,20231009,72.44,72.44,72.44,72.44,124
506863,20231009,1.74,1.74,1.74,1.74,1500
506879,20231009,1027.35,1069.00,1012.00,1047.80,40078
506906,20231009,2.57,2.57,2.57,2.57,5225
506910,20231009,81.88,81.88,79.64,80.84,3098
506919,20231009,109.90,109.90,105.05,108.95,1119
506935,20231009,62.00,62.00,62.00,62.00,605
506943,20231009,1470.05,1519.80,1456.05,1474.40,8836
506947,20231009,152.10,152.10,152.10,152.10,5
506979,20231009,32.00,32.00,32.00,32.00,558
506981,20231009,137.80,137.80,130.25,130.85,97
507155,20231009,144.50,144.50,139.00,144.35,64931
507180,20231009,106.25,106.25,97.00,99.50,9065
507205,20231009,214.95,214.95,207.20,207.65,19377
507265,20231009,137.50,137.50,137.50,137.50,100
507300,20231009,3800.00,3850.00,3796.25,3796.30,15
507315,20231009,32.82,32.82,30.84,31.00,50444
507410,20231009,131.70,131.70,131.70,131.70,9693
507435,20231009,113.05,124.25,113.05,116.05,5795
507474,20231009,89.35,93.81,89.35,91.04,85200
507486,20231009,64.00,70.00,64.00,70.00,3057
507490,20231009,27.23,27.32,26.38,26.83,173443
507498,20231009,38.03,38.03,37.86,38.03,172487
507514,20231009,368.00,379.60,348.85,365.50,145991
507515,20231009,25.69,25.69,23.33,24.33,819
507526,20231009,468.00,478.60,462.45,464.35,8657
507580,20231009,169.35,177.15,160.00,160.95,13193
507598,20231009,205.05,212.00,198.65,205.50,9198
507621,20231009,591.10,614.00,581.00,593.85,546
507645,20231009,13005.00,13050.00,13002.00,13010.00,5
507685,20231009,405.95,411.15,403.50,405.30,222109
507690,20231009,183.85,183.90,170.00,175.05,6430
507717,20231009,789.30,843.00,789.30,839.60,4972
507747,20231009,1140.00,1140.00,1120.00,1125.40,252
507753,20231009,111.20,114.00,107.50,110.70,315278
507759,20231009,40.00,40.00,33.24,36.92,278911
507779,20231009,117.60,122.60,117.60,119.25,1845
507785,20231009,134.00,134.00,130.55,131.40,622
507789,20231009,420.85,420.85,416.15,419.20,695
507794,20231009,64.99,64.99,62.20,63.65,55613
507808,20231009,22.30,22.30,22.30,22.30,950
507813,20231009,110.00,114.00,106.80,107.75,794
507817,20231009,149.50,149.50,148.95,148.95,5
507828,20231009,7.86,7.92,7.86,7.92,536142
507833,20231009,6.08,6.08,6.08,6.08,11327
507836,20231009,470.10,470.10,420.60,436.55,3125
507852,20231009,53.00,56.79,41.80,54.65,59647
507864,20231009,33.00,34.50,32.00,33.75,6540
507872,20231009,39.16,40.75,38.80,39.50,969
507878,20231009,2.28,2.30,2.28,2.28,2951186
507880,20231009,655.05,684.90,655.05,672.10,39279
507912,20231009,98.29,98.29,94.00,95.49,2233
507917,20231009,25.32,25.32,25.32,25.32,150
507944,20231009,1061.60,1078.95,1037.05,1049.70,3811
507946,20231009,73.75,74.30,73.75,74.30,748
507948,20231009,56.11,57.00,56.11,56.85,1186
507960,20231009,160.15,160.15,154.05,158.50,1143
507970,20231009,42.30,42.30,41.00,41.00,514
507981,20231009,47.90,47.90,42.10,44.25,1226
507998,20231009,66.15,66.15,66.13,66.15,9116
508136,20231009,308.75,309.80,300.15,309.80,24
508486,20231009,7050.00,7153.20,6955.00,7100.50,863
508494,20231009,51.10,52.00,49.65,49.77,1690
508571,20231009,98.00,98.00,98.00,98.00,19
508664,20231009,20.60,22.14,20.20,20.78,6078
508670,20231009,3280.35,3540.00,3280.35,3405.00,32
508807,20231009,733.40,733.40,662.70,708.50,4848
508860,20231009,0.85,0.89,0.81,0.89,22522
508875,20231009,455.00,485.95,454.00,458.45,1357
508905,20231009,43.27,43.27,41.55,41.64,2232
508906,20231009,1064.05,1145.30,1064.05,1134.35,573
508918,20231009,28.45,28.45,22.40,25.00,2866
508922,20231009,13.00,13.00,12.18,12.18,37898
508941,20231009,447.30,463.85,445.60,452.25,2751
508954,20231009,71.78,71.78,65.80,68.46,3836
508956,20231009,7.19,7.19,6.85,7.19,40248
508963,20231009,19.40,19.40,18.43,18.43,502
508969,20231009,6.07,6.07,6.07,6.07,53838
508980,20231009,4.37,4.49,4.07,4.39,32012
508996,20231009,0.85,0.93,0.85,0.87,49198
509020,20231009,17.31,17.31,16.80,17.31,523018
509026,20231009,66.00,66.00,66.00,66.00,210
509038,20231009,11.49,11.49,11.06,11.06,1136
509040,20231009,85.38,87.00,81.50,83.16,1778
509048,20231009,38.49,38.50,36.59,36.71,58135
509051,20231009,1.99,1.99,1.90,1.92,2641307
509053,20231009,17.75,18.00,17.33,17.72,81236
509055,20231009,89.80,89.80,86.62,86.80,22071
509073,20231009,19.32,19.32,18.00,18.11,2987
509084,20231009,75.30,75.31,75.30,75.31,108
509162,20231009,137.00,137.00,134.10,135.30,3671
509196,20231009,124.00,147.90,115.20,132.65,9014
509220,20231009,36.05,39.41,36.05,38.03,7267
509243,20231009,3300.05,3565.50,3234.05,3524.20,1952
509423,20231009,18.35,19.25,18.35,19.06,79
509438,20231009,5854.20,5854.20,5738.10,5750.00,149
509449,20231009,36.30,38.90,36.30,38.10,389
509470,20231009,12399.00,12399.00,12100.00,12126.00,7
509472,20231009,394.00,394.00,375.30,388.00,130
509486,20231009,237.05,245.65,236.00,240.50,8430
509525,20231009,1157.00,1175.00,1101.25,1123.30,6166
509546,20231009,53.47,53.48,50.80,51.50,4222
509563,20231009,8.94,8.94,8.50,8.63,606
509597,20231009,446.95,448.00,422.05,447.85,270
509631,20231009,1720.05,1778.60,1720.05,1764.50,5988
509635,20231009,384.00,410.00,384.00,405.80,1927
509692,20231009,248.50,251.00,243.00,243.75,279
509709,20231009,80.60,80.60,78.70,79.51,27117
509715,20231009,108.00,108.05,102.00,102.50,8523
509760,20231009,24.23,24.40,20.31,22.50,7462
509835,20231009,15.00,15.00,14.29,14.88,3491
509845,20231009,348.00,348.00,348.00,348.00,100
509874,20231009,166.90,166.90,161.80,165.20,35137
509887,20231009,512.70,512.70,512.70,512.70,2
509895,20231009,230.40,230.40,221.35,226.10,108
509930,20231009,3891.05,4047.00,3876.75,4016.05,5825
509945,20231009,401.00,440.00,400.00,439.00,149
509960,20231009,900.00,900.00,870.00,889.25,158
509966,20231009,3350.00,3373.65,3320.00,3348.65,622
510245,20231009,6.08,6.08,5.71,6.02,176596
511000,20231009,13.00,13.00,11.93,12.45,9527
511012,20231009,0.75,0.76,0.72,0.73,927517
511016,20231009,3.96,4.59,3.64,3.95,34421
511018,20231009,29.65,30.50,29.65,30.50,3000
511034,20231009,682.55,684.35,648.55,660.25,31421
511066,20231009,38.00,38.49,34.00,36.92,13565
511092,20231009,28.20,28.58,27.46,28.58,47851
511108,20231009,144.15,144.15,138.75,139.20,3081
511110,20231009,10.28,10.28,10.28,10.28,1
511116,20231009,1.34,1.34,1.25,1.26,706877
511122,20231009,38.33,40.24,36.42,36.42,577
511131,20231009,14.36,14.38,13.06,13.55,8205
511147,20231009,49.99,49.99,47.72,47.72,153
511153,20231009,29.03,31.19,28.78,29.02,4963
511169,20231009,5.73,5.73,5.73,5.73,100
511187,20231009,1.75,1.75,1.75,1.75,9
511194,20231009,26.56,26.56,26.56,26.56,300
511208,20231009,7.60,8.00,7.60,7.89,106741
511218,20231009,1843.75,1843.75,1801.80,1821.45,11857
511246,20231009,4.83,4.91,4.83,4.91,1605
511355,20231009,11.80,11.89,11.21,11.25,10928
511359,20231009,49.31,57.40,47.00,53.34,15455
511391,20231009,30.50,31.90,28.01,31.40,440
511401,20231009,13.93,13.93,13.93,13.93,1067
511411,20231009,25.10,28.00,25.10,25.73,4975
511441,20231009,19.60,20.59,19.60,19.60,118
511447,20231009,3.55,3.98,3.49,3.74,1683048
511451,20231009,5.21,5.21,5.20,5.20,2340
511463,20231009,15.64,15.87,14.80,15.51,21010
511473,20231009,35.65,35.65,34.35,34.35,18872
511493,20231009,30.42,32.24,29.49,32.03,2611
511501,20231009,35.02,35.02,32.00,32.87,21702
511509,20231009,37.91,38.47,36.50,37.00,29706
511523,20231009,21.11,21.94,20.00,20.36,64459
511525,20231009,2.02,2.14,2.00,2.02,102046
511533,20231009,66.90,66.95,66.90,66.95,143
511535,20231009,26.99,26.99,26.46,26.46,941
511539,20231009,33.65,33.65,33.65,33.65,1
511543,20231009,10.21,10.74,10.21,10.74,297
511549,20231009,130.45,130.45,126.70,128.80,1761
511557,20231009,1.26,1.26,1.17,1.22,513338
511559,20231009,68.05,75.55,67.95,71.63,11451
511563,20231009,22.48,22.48,22.48,22.48,900
511571,20231009,117.60,117.60,117.60,117.60,488
511577,20231009,18.94,18.94,18.94,18.94,10
511585,20231009,1.69,1.69,1.69,1.69,1621
511589,20231009,70.98,71.79,69.58,69.76,3338
511601,20231009,13.90,13.90,12.44,12.55,10048
511609,20231009,29.06,29.06,28.50,29.04,2410
511626,20231009,15.86,15.86,15.86,15.86,1544
511628,20231009,473.90,473.90,431.00,466.65,1213
511630,20231009,3.10,3.14,3.05,3.06,8738
511644,20231009,108.15,108.15,108.15,108.15,251
511654,20231009,18.75,18.75,18.25,18.30,1472
511658,20231009,86.00,91.90,86.00,91.27,3092
511672,20231009,62.20,66.45,59.20,65.19,643764
511688,20231009,6.80,6.80,6.80,6.80,550
511692,20231009,29.00,29.00,26.62,27.63,126
511696,20231009,117.20,122.95,117.20,118.45,353
511700,20231009,50.85,50.85,49.84,49.84,18
511702,20231009,27.00,27.00,27.00,27.00,160
511710,20231009,1.41,1.41,1.36,1.38,15216
511712,20231009,18.00,18.00,14.97,16.97,907
511714,20231009,29.52,32.39,29.52,29.61,42
511716,20231009,8.20,8.20,7.85,7.92,9350
511724,20231009,26.00,27.15,25.97,26.30,264641
511728,20231009,28.42,28.98,28.42,28.98,25
511730,20231009,22.15,22.15,22.15,22.15,1
511736,20231009,1.53,1.53,1.53,1.53,15501
511738,20231009,31.95,31.95,31.95,31.95,400
511754,20231009,357.00,357.00,352.00,354.10,4667
511756,20231009,26.43,26.47,26.43,26.47,895
511758,20231009,44.00,44.00,44.00,44.00,24
511760,20231009,0.63,0.64,0.61,0.63,481222
511764,20231009,38.50,40.35,38.40,39.80,562
511768,20231009,337.00,341.00,327.95,329.05,3709
512008,20231009,261.90,262.00,235.00,245.20,41407
512018,20231009,2.18,2.18,2.11,2.12,37915
512020,20231009,2750.00,2809.95,2731.30,2745.05,23
512036,20231009,114.00,114.00,114.00,114.00,10
512038,20231009,78.37,78.37,78.37,78.37,1
512047,20231009,2.98,3.03,2.93,2.93,4211
512048,20231009,3.86,4.07,3.85,3.93,182309
512064,20231009,93.25,98.00,93.25,98.00,308
512068,20231009,95.52,95.52,93.00,95.52,279315
512093,20231009,6.19,6.19,6.19,6.19,12730
512097,20231009,0.51,0.53,0.50,0.50,676109
512099,20231009,371.90,371.90,371.90,371.90,150
512103,20231009,77.70,77.70,75.00,75.00,115
512109,20231009,30.40,30.40,30.40,30.40,1
512115,20231009,58.05,58.05,58.05,58.05,72
512131,20231009,58.05,58.05,54.60,56.44,30817
512149,20231009,1.82,1.82,1.82,1.82,1106128
512165,20231009,170.00,176.00,157.50,161.60,24369
512169,20231009,10.60,10.60,10.60,10.60,398
512175,20231009,4.37,4.69,4.32,4.36,57696
512179,20231009,437.40,445.60,423.00,432.95,28732
512197,20231009,2.21,2.37,2.21,2.26,633
512215,20231009,45.48,45.48,44.99,44.99,116
512217,20231009,28.25,28.70,27.20,27.86,1536
512229,20231009,232.35,237.00,227.80,232.50,9368
512247,20231009,3.81,3.84,3.65,3.73,52237
512257,20231009,3.50,4.09,3.48,4.08,2895220
512267,20231009,24.04,24.40,23.16,23.37,107150
512279,20231009,12.88,13.26,12.00,13.26,2648
512297,20231009,24.00,24.00,24.00,24.00,300
512301,20231009,3.05,3.05,3.05,3.05,388
512329,20231009,6486.15,6486.15,6486.15,6486.15,13
512344,20231009,3.80,3.80,3.80,3.80,650
512359,20231009,0.34,0.34,0.34,0.34,659525
512379,20231009,23.80,23.80,23.00,23.21,2578381
512393,20231009,105.20,105.20,100.20,104.95,301
512399,20231009,11.89,11.98,10.84,11.76,176300
512437,20231009,500.00,529.00,500.00,512.10,1902
512441,20231009,17.00,17.00,15.50,15.66,64452
512443,20231009,15.75,15.75,15.06,15.24,2031
512453,20231009,652.00,662.80,616.65,642.20,2270
512455,20231009,560.00,562.95,547.60,550.25,17159
512463,20231009,35.70,36.88,33.42,35.98,4941685
512477,20231009,142.90,142.90,131.35,139.80,546
512481,20231009,2.95,3.23,2.71,3.23,2199
512485,20231009,67.76,67.76,67.76,67.76,300
512493,20231009,40.88,40.88,39.40,39.57,4747
512499,20231009,0.49,0.49,0.49,0.49,142512
512527,20231009,1115.05,1149.95,1085.00,1100.00,1047
512553,20231009,115.80,115.80,111.65,111.65,411
512559,20231009,34.50,34.55,33.59,33.98,17249
512565,20231009,56.01,56.01,56.01,56.01,30
512587,20231009,73.00,73.00,66.95,68.02,5379
512589,20231009,24.30,24.30,23.29,23.58,354
512591,20231009,73.40,73.40,69.40,71.00,266
512595,20231009,150.55,150.55,150.55,150.55,18
512597,20231009,108.80,112.00,108.70,112.00,316
512599,20231009,2449.95,2459.10,2412.05,2441.55,60083
512600,20231009,33.65,33.65,33.65,33.65,12461
512604,20231009,4.74,4.74,4.43,4.44,1019
512618,20231009,6.25,6.56,5.94,6.32,917
512624,20231009,3.21,3.21,3.07,3.12,96319
512626,20231009,177.00,181.00,170.85,172.05,688
512634,20231009,84.85,85.95,82.55,85.65,7349
513005,20231009,38.00,38.90,35.53,36.31,979
513043,20231009,45.00,45.00,39.05,41.60,87
513059,20231009,20.11,20.99,20.10,20.23,10956
513063,20231009,22.02,22.02,20.01,20.35,3663
513097,20231009,526.95,527.00,514.50,517.95,6422
513117,20231009,7.97,7.97,7.97,7.97,2058
513119,20231009,56.30,56.30,53.55,53.59,1019
513149,20231009,815.00,815.00,785.00,785.00,25
513173,20231009,23.27,23.50,21.67,23.50,1506
513228,20231009,100.30,105.70,100.30,103.35,130546
513250,20231009,16.00,16.32,15.73,16.32,5765964
513252,20231009,820.00,820.00,730.00,772.05,493
513262,20231009,282.00,292.60,278.15,286.05,46110
513269,20231009,190.30,198.50,187.25,190.80,93760
513303,20231009,18.75,19.00,17.55,18.75,11644
513307,20231009,109.70,109.70,109.70,109.70,10
513309,20231009,15.61,15.61,14.70,14.70,1634
513337,20231009,24.90,24.90,24.90,24.90,23371
513343,20231009,8.67,8.67,8.67,8.67,13580
513353,20231009,251.75,251.75,245.00,246.35,10712
513361,20231009,2.21,2.21,2.09,2.13,93665
513369,20231009,63.80,63.80,58.15,59.95,1447
513375,20231009,1150.00,1163.65,1115.75,1133.75,8520
513377,20231009,57.80,58.10,55.37,55.99,852234
513397,20231009,8.70,8.70,8.27,8.27,339
513401,20231009,35.20,37.95,35.15,37.48,16473
513403,20231009,6.00,6.00,5.93,5.93,3420
513418,20231009,4.74,4.74,4.30,4.47,14059
513422,20231009,23.30,23.30,23.27,23.27,35
513430,20231009,23.00,24.64,23.00,23.01,526
513434,20231009,939.95,939.95,917.00,921.60,2658
513452,20231009,9.60,10.10,9.60,9.60,25
513456,20231009,28.95,28.95,27.10,27.60,1126
513460,20231009,7.47,7.47,7.47,7.47,180
513472,20231009,52.50,52.65,50.35,52.00,3220
513488,20231009,37.00,37.00,35.71,36.60,249
513498,20231009,168.80,172.15,165.45,172.15,2430
513502,20231009,2.72,2.79,2.67,2.70,86198
513507,20231009,185.50,189.00,182.00,189.00,3100
513509,20231009,456.05,456.55,454.50,454.50,197
513511,20231009,142.00,146.85,138.85,140.50,1838
513513,20231009,8.85,8.85,8.70,8.70,1221
513515,20231009,1.46,1.46,1.46,1.46,10
513517,20231009,670.00,688.90,660.00,669.90,3870
513528,20231009,3.61,3.62,3.61,3.61,14357
513532,20231009,149.25,149.50,146.30,147.50,12225
513536,20231009,15.40,17.00,14.70,14.86,136047
513548,20231009,150.10,150.10,147.20,148.00,933
513566,20231009,19.31,19.70,19.31,19.31,2642
513575,20231009,17.10,17.24,17.10,17.10,1108
513599,20231009,148.05,152.65,147.80,148.90,209966
513629,20231009,85.89,85.89,77.71,81.12,137296
513642,20231009,47.50,49.95,47.50,47.55,1245
513687,20231009,4.25,4.46,4.25,4.38,7250
513693,20231009,59.99,59.99,57.00,57.61,18278
513699,20231009,35.63,36.75,32.50,36.60,6638
513709,20231009,123.15,127.00,120.50,120.90,12812
513713,20231009,7.21,7.33,6.99,7.07,90461
513721,20231009,14.34,15.36,14.34,15.33,7531
513723,20231009,190.00,196.75,185.50,196.75,122
514010,20231009,12.58,12.58,12.58,12.58,4098
514028,20231009,26.00,26.00,24.25,25.00,6989
514030,20231009,240.10,242.80,235.10,240.75,8846
514043,20231009,129.35,137.35,129.35,131.90,56243
514045,20231009,195.00,195.00,183.20,183.50,1623
514060,20231009,23.79,23.79,23.00,23.70,9800
514087,20231009,110.00,110.00,101.75,103.20,18519
514113,20231009,28.00,29.80,27.10,28.55,9047
514128,20231009,11.58,11.59,11.58,11.59,577
514138,20231009,535.00,535.00,506.40,508.85,5338
514140,20231009,25.24,25.24,23.52,24.80,39
514142,20231009,91.00,93.00,90.03,90.15,5004
514144,20231009,0.78,0.78,0.78,0.78,1354
514162,20231009,117.40,118.55,115.80,117.15,68014
514165,20231009,13.58,13.58,12.31,12.50,360900
514171,20231009,29.28,29.28,27.91,27.95,2138
514175,20231009,54.60,54.90,51.62,54.74,1650
514177,20231009,77.55,77.55,77.55,77.55,2000
514183,20231009,139.10,142.50,134.60,138.40,20842
514197,20231009,34.36,34.36,34.36,34.36,399
514211,20231009,3.05,3.20,3.05,3.20,25691
514215,20231009,285.00,286.00,267.00,272.10,29814
514221,20231009,0.25,0.26,0.24,0.26,460984
514223,20231009,5.49,5.49,4.98,5.33,1311
514234,20231009,340.15,354.60,337.00,343.05,11452
514238,20231009,1240.00,1244.00,1201.00,1213.10,1068
514240,20231009,5.55,5.75,5.55,5.55,4639
514264,20231009,13.15,13.48,12.05,13.35,1505
514266,20231009,66.80,67.70,63.90,66.99,3191
514272,20231009,66.70,66.70,64.15,65.15,1176
514280,20231009,67.55,71.00,67.55,68.02,1417
514302,20231009,142.00,144.85,140.00,144.85,18
514312,20231009,17.35,17.35,17.30,17.30,453
514316,20231009,113.95,113.95,110.00,112.95,803
514322,20231009,121.00,121.00,121.00,121.00,100
514324,20231009,57.67,57.67,57.67,57.67,2884
514326,20231009,11.40,11.40,11.06,11.06,1795
514330,20231009,50.25,50.34,47.74,47.74,1516
514332,20231009,14.20,14.20,13.49,13.49,341
514348,20231009,7.09,7.09,7.09,7.09,358
514354,20231009,121.95,138.90,121.95,138.85,81285
514358,20231009,58.81,58.81,58.81,58.81,83
514360,20231009,799.00,818.00,790.95,798.30,21327
514378,20231009,29.75,35.00,29.75,34.58,38366
514386,20231009,3.33,3.33,3.25,3.25,10256
514400,20231009,11.79,11.80,11.79,11.80,359
514412,20231009,29.66,29.66,29.66,29.66,1318
514428,20231009,273.00,277.90,267.60,270.05,3132
514442,20231009,18.20,20.00,18.20,18.83,33770
514448,20231009,1605.00,1625.00,1580.00,1591.60,13997
514450,20231009,200.10,200.10,192.00,196.80,2251
514454,20231009,16.27,16.27,14.75,16.27,68
514460,20231009,5.65,6.17,5.65,6.17,839
514470,20231009,66.98,68.60,63.51,64.61,7812
514484,20231009,17.82,17.82,17.82,17.82,450
515008,20231009,90.85,90.85,84.65,87.06,81526
515018,20231009,39.81,39.81,39.00,39.81,26330
515037,20231009,51.30,54.25,50.50,50.80,101223
515043,20231009,119.80,119.80,116.90,117.30,143031
515059,20231009,76.35,76.35,76.35,76.35,3763
515085,20231009,3.78,3.78,3.61,3.78,730
515093,20231009,46.30,52.30,46.30,49.25,4448
515127,20231009,2.92,2.92,2.90,2.90,4870
515145,20231009,15.75,15.75,15.20,15.75,90314
515147,20231009,114.05,122.85,114.05,117.50,127525
516003,20231009,180.00,199.00,180.00,191.80,14881
516016,20231009,249.00,249.00,235.20,240.25,3586
516020,20231009,3.75,3.75,3.75,3.75,710
516030,20231009,220.05,226.50,215.25,216.20,19174
516032,20231009,2.45,2.45,2.45,2.45,500
516072,20231009,310.05,334.00,310.05,329.00,9804
516078,20231009,26.25,26.80,25.00,26.12,1405
516082,20231009,362.60,364.20,354.00,361.25,1428
516096,20231009,184.50,190.00,184.50,185.15,364
516098,20231009,6.08,6.08,5.78,5.78,1762
516106,20231009,8.83,8.84,8.23,8.27,10902
516108,20231009,105.80,111.00,105.80,109.40,7056
516110,20231009,7.05,7.06,7.05,7.06,73538
517015,20231009,2200.05,2226.85,2100.00,2205.95,2978
517035,20231009,616.00,690.00,616.00,664.10,3920
517044,20231009,10.50,10.50,10.50,10.50,6
517063,20231009,46.50,46.50,46.50,46.50,216
517077,20231009,38.50,38.50,38.50,38.50,101
517096,20231009,73.46,73.46,66.49,66.49,40390
517119,20231009,14.09,14.68,13.52,14.67,14477
517146,20231009,325.35,332.45,325.35,327.20,16305
517166,20231009,56.50,57.00,54.00,54.23,49905
517168,20231009,376.40,383.50,371.20,374.15,7849
517170,20231009,38.55,40.40,38.55,39.36,17100
517174,20231009,39010.00,39090.25,38400.00,38455.85,128
517201,20231009,51.90,51.90,50.87,50.87,46
517230,20231009,5.55,6.09,5.55,5.56,9270
517236,20231009,158.70,158.70,151.10,153.10,19155
517238,20231009,152.00,152.00,150.00,151.15,92
517246,20231009,69.43,69.43,69.43,69.43,14340
517258,20231009,47.72,47.73,47.72,47.73,718
517264,20231009,67.45,67.45,64.09,66.02,250
517271,20231009,283.20,284.95,275.00,277.80,359942
517273,20231009,112.50,112.50,108.20,108.20,2935
517288,20231009,78.10,82.00,78.10,79.85,41883
517300,20231009,151.45,151.50,145.40,145.95,100239
517344,20231009,206.00,209.20,188.00,190.60,73400
517354,20231009,1399.40,1399.40,1379.75,1385.80,9417
517356,20231009,1.25,1.25,1.24,1.24,125554
517360,20231009,24.20,24.21,24.20,24.21,2302
517370,20231009,38.50,42.30,38.32,38.32,2086
517372,20231009,250.55,254.70,235.05,251.70,1078
517380,20231009,585.35,628.15,585.35,614.45,12148
517393,20231009,4.40,4.72,4.40,4.50,31631
517397,20231009,32.78,32.78,31.75,31.78,106
517399,20231009,6.30,6.30,5.72,5.72,1763
517411,20231009,7.69,7.69,6.65,6.65,1506
517415,20231009,7.57,7.88,7.46,7.50,16608
517417,20231009,368.50,368.50,341.80,358.65,9688
517421,20231009,1214.35,1214.35,1190.25,1194.50,141
517423,20231009,5.47,5.47,5.47,5.47,5
517429,20231009,74.48,79.90,74.00,77.75,10908
517437,20231009,145.30,152.00,143.55,151.95,493
517447,20231009,54.52,54.52,49.34,50.24,23527
517449,20231009,500.00,500.00,466.30,469.40,5625
517467,20231009,6.20,6.20,5.70,6.04,69138
517477,20231009,248.45,248.45,236.05,236.40,9257
517494,20231009,20.15,20.60,20.00,20.32,41369
517500,20231009,340.00,350.30,340.00,345.70,5577
517506,20231009,756.05,782.95,756.05,771.95,8823
517514,20231009,86.90,86.90,79.50,81.42,62792
517522,20231009,746.05,763.25,746.05,759.65,6748
517530,20231009,11.06,11.52,10.94,11.09,33569
517536,20231009,540.00,559.95,540.00,548.75,5801
517546,20231009,58.98,60.00,58.98,60.00,34773
517554,20231009,41.50,44.94,40.00,42.93,18116
517556,20231009,14.13,14.13,14.13,14.13,367323
517562,20231009,125.00,125.90,121.95,122.35,10740
517569,20231009,2620.05,2710.00,2620.05,2676.25,6253
517571,20231009,4.66,4.95,4.54,4.95,1505
518011,20231009,135.50,138.95,130.85,136.00,62
518017,20231009,27.71,28.39,25.82,27.26,44467
518075,20231009,256.00,265.00,246.80,264.25,8840
518091,20231009,181.85,185.05,180.00,180.15,4681
519003,20231009,325.00,325.00,305.55,310.10,10470
519031,20231009,175.45,182.65,166.70,178.30,240
519064,20231009,61.50,61.50,61.50,61.50,5
519097,20231009,37.25,37.25,36.00,36.50,2833
519126,20231009,530.00,543.00,530.00,536.70,7748
519136,20231009,145.10,145.20,134.25,135.55,5735
519152,20231009,3600.00,3750.00,3560.00,3750.00,68
519174,20231009,11.73,11.73,11.50,11.50,896
519191,20231009,9.48,9.48,8.26,8.87,5172
519214,20231009,5.20,5.25,5.20,5.25,1130
519216,20231009,34.00,35.00,32.88,33.25,173198
519224,20231009,27.58,28.30,26.50,26.97,10367
519230,20231009,7.83,7.83,7.83,7.83,5703
519234,20231009,47.00,47.25,47.00,47.15,270
519238,20231009,16.50,16.80,16.50,16.75,849
519242,20231009,42.60,42.60,41.10,41.14,171
519262,20231009,30.47,30.48,29.25,30.48,11087
519279,20231009,4.55,5.01,4.55,4.80,1897
519285,20231009,5.43,5.43,5.06,5.06,1073
519287,20231009,19.89,19.89,19.01,19.33,13677
519295,20231009,337.00,337.00,328.90,329.70,1775
519299,20231009,161.00,161.70,161.00,161.70,8151
519331,20231009,57.60,57.60,52.50,52.91,3567
519359,20231009,56.50,65.00,56.50,57.56,2120
519397,20231009,47.84,49.50,47.84,48.04,1649
519421,20231009,1644.00,1650.00,1609.00,1648.30,3344
519455,20231009,56.00,56.00,54.00,55.89,671
519457,20231009,42.27,42.27,40.21,40.50,6192
519463,20231009,92.07,92.07,88.00,88.00,925
519471,20231009,196.10,199.45,194.15,195.00,1055
519475,20231009,85.60,85.60,85.00,85.59,1503
519477,20231009,41.38,41.38,41.38,41.38,251
519483,20231009,39.27,41.00,39.10,41.00,9814
519494,20231009,36.90,46.02,36.70,46.02,17154
519500,20231009,9.93,9.93,9.51,9.51,3711
519506,20231009,9.29,9.29,8.85,8.85,300
519528,20231009,14.18,14.18,13.20,13.50,1513
519532,20231009,12.95,13.39,12.60,12.83,6620
519566,20231009,121.10,140.00,121.10,130.10,15659
519574,20231009,45.89,45.89,45.89,45.89,500
519604,20231009,13.09,13.09,13.09,13.09,2611
519606,20231009,13.36,13.36,13.10,13.10,101
519612,20231009,29.20,32.00,28.20,30.91,4209
520021,20231009,61.06,61.06,58.01,58.05,14640
520043,20231009,140.55,141.60,137.60,138.15,3639
520056,20231009,5430.05,5532.00,5305.00,5500.25,310
520059,20231009,59.32,59.32,54.96,55.41,6177
520066,20231009,275.40,275.40,263.00,266.00,1081
520073,20231009,1239.00,1260.00,1183.90,1219.45,7081
520075,20231009,143.05,143.05,142.00,142.20,2528
520111,20231009,2540.00,2606.35,2533.65,2601.05,484
520113,20231009,3002.05,3050.55,2989.35,2999.15,562
520119,20231009,414.00,414.05,395.50,398.20,6016
520121,20231009,5.90,6.15,5.90,6.15,1112
520123,20231009,93.66,93.66,88.98,90.00,738
520127,20231009,19.00,19.00,17.49,17.63,18186
520141,20231009,8.09,8.45,7.75,8.25,268
520151,20231009,357.20,371.00,349.95,369.75,21870
520155,20231009,30.88,30.88,27.80,28.77,5999
521005,20231009,54.71,54.71,54.71,54.71,2967
521016,20231009,227.00,227.00,221.15,223.50,17435
521018,20231009,77.00,77.00,71.00,71.78,19244
521034,20231009,19.07,19.10,18.76,18.76,2172
521036,20231009,3.04,3.04,3.04,3.04,600
521048,20231009,116.65,116.65,116.65,116.65,898
521054,20231009,28.52,29.49,27.25,29.34,2385
521062,20231009,1.66,1.87,1.66,1.66,22
521080,20231009,6.61,6.80,6.50,6.50,3501
521082,20231009,2.19,2.19,2.15,2.15,51095
521097,20231009,159.75,160.00,153.15,155.65,5132
521105,20231009,78.03,80.73,74.00,75.05,1457
521109,20231009,54.01,54.01,52.25,53.04,4106
521113,20231009,17.80,17.80,15.60,16.42,3114
521131,20231009,20.03,20.90,19.75,20.71,9623
521137,20231009,3.52,3.59,3.52,3.59,3946
521141,20231009,21.70,23.84,21.70,23.25,6014
521149,20231009,8.51,8.51,7.71,7.71,88
521151,20231009,48.50,49.23,47.80,48.99,830
521161,20231009,36.70,40.25,35.70,38.39,1063
521163,20231009,136.85,138.95,127.00,128.85,19710
521176,20231009,0.91,0.91,0.91,0.91,1100
521178,20231009,27.00,27.85,26.75,27.85,2099
521180,20231009,8.37,8.37,7.77,7.86,4433
521188,20231009,14.00,14.00,12.93,13.50,808
521194,20231009,322.05,322.05,318.30,320.40,355
521200,20231009,69.65,69.89,66.35,66.35,505
521206,20231009,2.29,2.29,2.13,2.19,30569
521216,20231009,104.50,104.50,101.10,101.10,226
521222,20231009,34.90,34.90,30.11,31.14,1024
521226,20231009,18.65,18.65,16.17,17.50,1697
521228,20231009,3.18,3.18,3.18,3.18,491105
521234,20231009,32.00,34.00,32.00,33.95,1797
521240,20231009,160.30,165.20,158.50,164.40,112
521244,20231009,35.23,35.23,35.23,35.23,534
521246,20231009,1.74,1.74,1.74,1.74,3980
521248,20231009,195.25,203.65,195.25,197.60,24890
522001,20231009,39.10,39.10,37.12,38.05,2467
522004,20231009,80.32,82.50,75.00,76.87,23622
522005,20231009,180.45,180.45,167.15,167.75,21389
522014,20231009,225.00,230.85,218.80,224.00,5429
522017,20231009,329.95,333.55,327.00,333.55,6020
522029,20231009,72.90,72.90,71.65,72.00,1512
522034,20231009,430.05,445.70,429.25,438.15,3712
522036,20231009,26.66,26.66,26.66,26.66,3426
522091,20231009,199.00,199.00,182.55,185.00,1263
522101,20231009,201.45,201.45,186.90,192.60,133437
522105,20231009,44.10,45.94,44.10,44.91,64191
522108,20231009,710.05,710.30,701.00,706.20,559
522113,20231009,3031.00,3068.10,2982.80,2992.45,1311
522122,20231009,1661.00,1722.00,1603.10,1674.50,3050
522134,20231009,151.80,151.80,151.80,151.80,6005
522152,20231009,57.98,57.98,55.05,56.89,1394
522163,20231009,45.66,45.66,45.66,45.66,52
522165,20231009,48.10,51.69,47.25,50.10,51477
522183,20231009,300.00,309.00,295.10,301.50,8565
522195,20231009,657.00,657.00,630.00,645.30,1700
522205,20231009,560.00,576.50,560.00,573.50,103982
522207,20231009,92.00,94.00,88.66,89.76,1920
522209,20231009,4.00,4.00,4.00,4.00,105
522229,20231009,238.00,242.00,235.00,236.75,18435
522231,20231009,57.00,60.95,57.00,58.80,21901
522235,20231009,5.24,5.24,5.24,5.24,27665
522237,20231009,22.15,22.20,22.15,22.16,2158
522241,20231009,898.95,898.95,865.40,873.65,558
522245,20231009,26.39,26.39,26.39,26.39,101
522249,20231009,565.05,567.90,552.20,555.90,7377
522251,20231009,385.15,385.15,385.15,385.15,3637
522257,20231009,86.90,88.50,86.90,88.40,79986
522261,20231009,425.50,425.50,425.50,425.50,25
522267,20231009,34.50,35.71,34.50,34.60,301
522273,20231009,23.84,23.84,23.84,23.84,120
522281,20231009,273.95,273.95,259.05,260.40,3988
522287,20231009,620.55,666.60,620.55,637.50,9378
522289,20231009,57.16,57.16,57.16,57.16,8543
522292,20231009,37.32,39.05,35.47,37.31,11037
522294,20231009,196.00,204.90,192.20,197.60,995
522650,20231009,726.15,765.80,725.05,747.90,726
523007,20231009,80.40,80.40,78.20,78.90,933
523011,20231009,106.90,108.50,104.15,104.85,2173
523019,20231009,70.00,73.45,69.40,69.92,16655
523021,20231009,32.55,34.36,29.30,30.09,22696
523023,20231009,162.00,165.90,156.55,158.50,140116
523025,20231009,4319.95,4346.05,4223.65,4329.25,2355
523054,20231009,799.00,875.95,799.00,875.95,30
523062,20231009,18.77,19.15,18.77,19.15,6
523100,20231009,290.00,290.00,265.25,272.20,7714
523105,20231009,157.10,157.10,157.10,157.10,10
523113,20231009,22.44,22.44,22.44,22.44,1
523116,20231009,700.00,700.00,700.00,700.00,1
523120,20231009,31.57,31.57,31.16,31.50,1387
523144,20231009,42.10,42.50,40.01,40.62,4581
523151,20231009,5.99,5.99,5.40,5.40,175
523160,20231009,1301.00,1334.90,1280.00,1315.55,1568
523186,20231009,194.00,196.80,194.00,195.00,316
523229,20231009,118.30,123.15,118.30,118.80,18944
523232,20231009,48.60,49.15,48.50,49.15,647
523248,20231009,165.00,166.00,165.00,166.00,1981
523260,20231009,28.22,28.22,26.56,26.85,10697
523261,20231009,2000.00,2066.20,2000.00,2049.80,2235
523277,20231009,0.53,0.53,0.50,0.51,1390483
523289,20231009,61.10,61.10,58.28,60.77,4850
523309,20231009,145.00,149.40,140.10,140.40,11141
523323,20231009,2604.55,2604.55,2552.05,2565.00,272
523329,20231009,700.00,701.95,691.05,693.35,57
523369,20231009,130.00,138.15,130.00,131.30,51468
523371,20231009,107.70,108.50,104.55,105.00,30172
523373,20231009,19.52,19.52,18.19,18.40,1286
523384,20231009,133.50,141.25,132.85,141.00,4703
523385,20231009,2277.05,2301.00,2269.45,2282.90,39
523387,20231009,0.42,0.42,0.38,0.38,72312
523405,20231009,88.39,88.51,85.45,85.69,109674
523411,20231009,696.00,714.90,696.00,698.05,821
523419,20231009,8.00,8.16,7.65,7.66,5403
523425,20231009,6.70,6.70,6.70,6.70,1333
523445,20231009,960.00,976.45,952.00,954.35,13709
523449,20231009,51.99,53.03,49.93,50.23,3693
523465,20231009,37.24,37.24,35.10,36.10,2983
523467,20231009,1.68,1.68,1.61,1.67,135743
523475,20231009,324.90,324.90,306.10,311.90,3602
523483,20231009,151.00,158.20,151.00,151.10,3763
523489,20231009,28.00,28.00,25.56,26.17,6316
523519,20231009,4.79,4.93,4.50,4.80,2394
523537,20231009,50.64,50.75,49.30,49.48,12113
523539,20231009,128.10,133.10,126.20,129.60,95607
523550,20231009,24.89,24.89,23.36,23.51,7733
523558,20231009,19.10,20.00,18.82,19.07,265325
523566,20231009,40.00,40.00,38.50,39.06,3800
523586,20231009,294.00,294.00,281.10,287.10,4107
523594,20231009,23.96,23.96,23.25,23.70,723
523598,20231009,142.25,145.60,140.20,144.30,565301
523606,20231009,1004.00,1053.00,978.00,999.95,3044
523610,20231009,186.00,225.70,184.30,214.85,2587543
523620,20231009,28.55,28.55,27.80,28.40,704
523628,20231009,110.45,115.05,107.10,107.90,2894
523630,20231009,70.00,72.24,68.48,70.05,243261
523638,20231009,138.10,141.00,134.15,134.15,4882
523642,20231009,3414.00,3438.60,3367.55,3420.30,3082
523648,20231009,226.95,227.95,224.95,225.00,401
523650,20231009,30.48,32.00,28.96,32.00,1207
523652,20231009,14.61,14.61,14.61,14.61,164
523672,20231009,105.40,105.40,102.55,105.25,16396
523676,20231009,101.30,108.25,101.30,104.40,1809
523696,20231009,55.00,56.01,55.00,55.78,8445
523704,20231009,2300.00,2405.00,2300.00,2395.20,9168
523710,20231009,297.00,300.00,294.00,298.80,838
523722,20231009,2.36,2.36,2.19,2.19,9159
523732,20231009,26.30,26.90,25.22,26.79,18547
523752,20231009,19.88,19.88,17.56,19.54,4808
523782,20231009,23.69,23.69,23.65,23.65,1489
523792,20231009,1109.95,1127.60,1062.00,1086.05,447
523796,20231009,2.52,2.78,2.52,2.64,37003
523826,20231009,23.80,23.80,23.01,23.30,2363
523828,20231009,146.05,147.40,141.10,142.25,23154
523832,20231009,7.54,8.27,7.54,8.27,10685
523838,20231009,59.00,59.00,58.32,58.32,3453
523840,20231009,22.00,22.20,21.51,22.00,6522
523842,20231009,8.82,8.82,8.20,8.51,185108
523844,20231009,14.30,14.30,14.30,14.30,1
523850,20231009,485.40,500.00,481.20,499.50,5196
523874,20231009,1.47,1.47,1.40,1.45,8965
523896,20231009,33.50,33.50,27.90,29.64,1478
524013,20231009,14.25,14.25,13.45,13.55,7316
524037,20231009,231.35,234.75,229.00,231.85,1297
524038,20231009,5.10,5.10,4.90,4.98,2014
524080,20231009,48.75,48.75,45.13,45.50,2940
524109,20231009,440.35,443.50,436.05,437.20,2389
524129,20231009,440.00,441.80,429.10,432.60,8204
524136,20231009,413.00,413.00,411.00,411.00,1418
524156,20231009,44.79,45.97,42.01,43.10,137022
524174,20231009,7.74,7.74,7.74,7.74,42382
524200,20231009,1820.05,1850.05,1820.05,1825.30,3850
524202,20231009,66.09,66.29,62.75,64.12,2019
524204,20231009,105.00,108.50,104.85,108.50,297
524210,20231009,49.10,49.10,47.95,47.95,3262
524212,20231009,76.90,77.05,74.03,77.05,200568
524218,20231009,94.90,94.90,87.00,89.86,4996
524230,20231009,121.35,125.30,119.15,120.90,407053
524238,20231009,9.90,9.90,9.41,9.41,1395
524280,20231009,212.00,218.50,212.00,214.30,34251
524288,20231009,116.05,117.90,114.00,114.80,5116
524314,20231009,24.96,24.96,23.72,24.94,6411
524322,20231009,5.41,5.41,5.41,5.41,68
524324,20231009,21.36,21.36,21.00,21.36,8336
524330,20231009,201.80,202.95,198.30,199.25,1539
524336,20231009,50.90,53.50,49.67,52.50,5163
524342,20231009,158.20,161.00,157.00,157.45,2044
524372,20231009,515.55,524.85,501.10,505.65,3914
524400,20231009,70.89,72.30,70.89,72.30,1253
524408,20231009,161.05,165.50,161.05,165.50,1821
524414,20231009,12.00,12.00,11.65,11.65,383
524434,20231009,21.10,21.22,19.20,20.51,18275
524440,20231009,28.60,29.75,28.60,29.75,562
524444,20231009,1.78,1.83,1.74,1.79,1849416
524458,20231009,11.74,11.74,11.74,11.74,4402
524470,20231009,9.26,9.54,8.94,9.15,2393260
524480,20231009,430.00,440.00,427.00,434.90,922
524488,20231009,3.02,3.07,2.93,3.07,50855
524500,20231009,263.30,263.30,262.90,263.05,8886
524506,20231009,275.05,277.95,269.35,270.80,455
524518,20231009,64.23,69.99,64.23,68.27,14773
524520,20231009,86.10,86.90,84.00,84.51,95828
524522,20231009,43.95,43.95,40.81,42.00,641
524534,20231009,35.90,36.98,35.50,36.98,4761
524542,20231009,424.25,442.30,424.25,431.65,3454
524558,20231009,3929.95,4017.50,3824.25,3910.35,6629
524564,20231009,10.64,10.64,9.95,10.21,9092
524570,20231009,345.05,352.85,336.45,345.15,1906
524572,20231009,43.03,43.03,43.00,43.03,2285
524576,20231009,20.50,21.25,19.60,20.56,11413
524580,20231009,14.51,15.09,14.51,14.51,335
524582,20231009,78.37,83.00,78.37,82.00,952
524590,20231009,6.54,6.54,6.22,6.53,2454
524592,20231009,5.32,5.32,5.32,5.32,108
524594,20231009,160.00,169.90,151.00,154.10,66275
524602,20231009,29.23,29.23,29.23,29.23,31305
524604,20231009,16.80,16.80,16.80,16.80,100
524606,20231009,19.72,19.72,19.72,19.72,3700
524614,20231009,17.67,17.67,17.67,17.67,273917
524622,20231009,2.24,2.24,2.20,2.20,15
524624,20231009,17.00,17.75,17.00,17.11,752
524628,20231009,10.02,10.02,9.10,9.10,83
524632,20231009,136.40,136.40,136.40,136.40,2093
524634,20231009,443.90,443.90,430.20,433.05,6581
524636,20231009,30.49,32.50,30.49,30.80,936
524640,20231009,60.79,60.79,56.26,56.65,18517
524642,20231009,0.88,0.88,0.85,0.85,8451
524648,20231009,118.00,118.00,112.15,114.40,4827
524652,20231009,14.90,14.90,14.89,14.89,25835
524654,20231009,383.90,383.90,370.00,371.90,11881
524661,20231009,3.90,3.90,3.89,3.90,23510
524663,20231009,22.85,23.51,22.60,22.98,43126
524669,20231009,1684.20,1684.20,1662.35,1662.35,29
524675,20231009,13.48,13.48,12.40,12.40,8948
524687,20231009,21.29,21.40,20.96,21.04,112106
524703,20231009,72.00,72.72,69.20,69.35,2319
524711,20231009,17.52,17.52,17.18,17.52,60416
524715,20231009,1104.80,1133.50,1104.80,1123.20,214746
524717,20231009,363.65,381.80,346.50,369.80,18894
524727,20231009,14.21,14.21,14.21,14.21,200
524731,20231009,680.00,692.05,675.00,681.80,1551
524735,20231009,286.10,286.10,278.65,279.45,32076
524748,20231009,45.00,47.27,44.55,45.64,516
524752,20231009,17.55,17.55,17.50,17.55,8757
524768,20231009,25.10,25.50,25.10,25.50,258
524774,20231009,1914.00,1914.00,1855.00,1865.65,1872
524790,20231009,116.50,123.20,116.50,120.20,2822
524808,20231009,43.00,43.00,41.67,42.95,254
524818,20231009,64.00,64.15,60.15,60.29,2010
524820,20231009,305.00,310.00,299.00,301.30,9693
524828,20231009,174.10,182.80,172.15,174.70,2246
526001,20231009,5.98,5.98,5.69,5.69,606
526025,20231009,18.78,18.78,18.78,18.78,7969
526043,20231009,70.70,78.80,70.66,75.32,158556
526073,20231009,1446.00,1474.95,1416.00,1430.50,1066
526081,20231009,14.55,15.85,14.55,15.46,2890
526095,20231009,33.00,35.70,33.00,35.12,639
526113,20231009,11.08,11.08,11.08,11.08,2
526117,20231009,445.00,449.50,431.00,442.00,1644
526125,20231009,59.13,59.13,59.13,59.13,20
526133,20231009,9.56,9.72,9.36,9.49,7639
526137,20231009,89.50,92.30,85.30,85.96,4720
526139,20231009,4.09,4.20,4.00,4.10,13340
526143,20231009,18.65,18.65,18.05,18.10,13667
526159,20231009,115.95,120.00,114.00,119.10,28960
526161,20231009,134.00,141.30,134.00,134.00,357
526169,20231009,224.00,224.00,215.00,218.20,3420
526179,20231009,82.55,83.51,82.55,82.70,3952
526187,20231009,5.47,5.47,5.11,5.37,1624
526193,20231009,18.61,18.61,18.61,18.61,797
526195,20231009,2.53,2.53,2.53,2.53,15
526211,20231009,122.80,122.80,112.00,114.15,1063
526225,20231009,13.48,13.48,13.48,13.48,10
526227,20231009,51.15,51.50,49.70,50.27,165140
526231,20231009,56.19,57.75,56.19,56.75,744
526237,20231009,32.81,36.44,32.80,36.28,269
526241,20231009,11.56,11.56,11.10,11.35,2784
526247,20231009,1049.90,1065.00,1015.00,1055.25,2102
526251,20231009,3.85,3.85,3.85,3.85,5201
526263,20231009,355.10,355.10,334.60,342.80,21035
526269,20231009,69.98,69.98,64.60,66.00,1645
526299,20231009,2440.60,2496.00,2440.60,2473.45,5364
526301,20231009,23.81,24.99,23.81,24.80,715
526315,20231009,71.80,73.70,69.32,70.83,4395
526335,20231009,13.48,13.48,13.40,13.48,164794
526345,20231009,14.25,14.89,13.57,14.01,8969
526355,20231009,100.00,102.20,97.05,102.20,3013
526365,20231009,33.51,33.51,32.50,32.69,18726
526371,20231009,135.30,143.95,135.30,143.05,1109097
526373,20231009,73.50,74.00,69.55,69.90,804
526407,20231009,43.26,43.26,41.76,42.73,19686
526409,20231009,10.74,11.00,10.70,10.83,9827
526415,20231009,116.00,116.00,112.05,115.05,11566
526423,20231009,101.59,101.59,99.05,99.61,6615
526431,20231009,11.00,11.00,10.00,10.50,224
526433,20231009,470.10,476.80,460.10,469.30,6003
526435,20231009,85.95,86.00,82.01,83.00,670
526439,20231009,5.96,5.96,5.96,5.96,50
526441,20231009,0.97,1.01,0.93,0.93,104474
526445,20231009,54.85,59.80,54.85,59.24,32077
526468,20231009,17.90,18.80,17.06,17.67,5244
526471,20231009,15.34,15.34,15.00,15.34,65298
526473,20231009,8.10,8.20,7.10,7.18,197744
526477,20231009,48.66,48.66,44.10,46.90,416
526479,20231009,61.94,61.94,58.00,58.04,5142
526481,20231009,27.01,28.88,26.82,28.00,5967
526490,20231009,7.81,7.81,7.81,7.81,510
526492,20231009,131.60,134.45,127.65,129.80,9100
526494,20231009,6.87,6.87,6.74,6.74,211
526500,20231009,43.15,43.15,41.32,42.99,61
526504,20231009,1.75,1.84,1.68,1.70,12380
526506,20231009,370.05,377.00,365.10,367.00,16695
526508,20231009,5.25,5.25,5.25,5.25,2690
526519,20231009,133.70,139.30,127.15,132.45,5187
526521,20231009,131.00,131.00,120.35,131.00,128547
526525,20231009,16.18,16.18,14.66,14.70,1271
526530,20231009,41.52,41.52,41.52,41.52,45
526532,20231009,7.98,8.13,7.20,7.66,9161
526544,20231009,9.29,9.29,8.00,8.15,117794
526546,20231009,54.07,57.85,54.07,55.76,907
526554,20231009,30.00,30.00,30.00,30.00,1
526568,20231009,26.55,26.55,25.18,25.21,1303
526574,20231009,26.67,26.67,20.01,22.00,3463
526582,20231009,45.21,45.21,42.50,43.58,41409
526586,20231009,692.00,702.00,674.80,675.30,5937
526588,20231009,18.80,20.50,18.80,20.50,1519
526596,20231009,282.70,283.00,272.00,273.15,80185
526604,20231009,13.74,13.74,13.50,13.66,2788
526614,20231009,15.02,15.02,13.60,13.74,23134
526616,20231009,55.00,59.00,53.05,56.05,19969
526622,20231009,0.77,0.78,0.74,0.76,1424432
526638,20231009,52.33,53.50,52.25,52.46,854
526640,20231009,34.20,35.00,32.01,32.25,11819
526642,20231009,49.40,49.81,46.25,47.01,341455
526650,20231009,98.50,98.50,94.00,94.14,34728
526654,20231009,147.10,158.90,143.90,158.00,633
526662,20231009,39.66,40.47,39.01,39.25,424
526666,20231009,231.00,232.45,223.00,223.00,294
526668,20231009,194.00,200.85,194.00,195.10,3470
526675,20231009,7.44,7.44,7.44,7.44,1
526687,20231009,10.06,10.56,10.00,10.00,2489
526703,20231009,185.10,192.40,185.00,186.20,675
526705,20231009,175.05,193.65,175.00,179.25,1558
526709,20231009,0.77,0.77,0.77,0.77,173
526711,20231009,23.96,23.96,23.96,23.96,1310
526717,20231009,204.90,214.90,195.10,196.75,137
526721,20231009,142.30,145.00,137.10,143.30,11703
526723,20231009,92.95,92.95,81.20,88.18,2230
526725,20231009,1048.00,1048.00,1009.00,1016.20,247
526727,20231009,16.00,16.00,14.84,15.30,4219
526731,20231009,161.00,163.95,160.00,163.30,553
526737,20231009,2.89,2.89,2.76,2.85,9543
526739,20231009,450.00,450.00,405.30,431.15,4534
526747,20231009,222.50,233.75,218.00,233.75,11127
526751,20231009,18.00,18.00,18.00,18.00,6
526755,20231009,5.83,5.91,5.56,5.72,14916
526761,20231009,14.83,14.83,14.83,14.83,503
526773,20231009,7.78,7.95,7.60,7.87,1983087
526775,20231009,315.70,324.95,294.05,307.20,6781
526783,20231009,2497.85,2497.85,2390.00,2443.90,1187
526795,20231009,3.25,3.25,3.20,3.20,6500
526813,20231009,10.64,10.64,10.11,10.11,456
526821,20231009,454.75,454.75,430.05,437.20,5717
526823,20231009,4.25,4.25,4.04,4.04,801
526827,20231009,19.50,19.50,17.91,18.10,1271
526839,20231009,12.01,12.01,12.01,12.01,2505
526847,20231009,30.50,32.41,29.43,32.33,33300
526851,20231009,121.95,122.00,116.55,120.05,359
526853,20231009,81.43,81.43,77.70,78.11,10312
526859,20231009,2.48,2.48,2.35,2.41,225265
526861,20231009,63.99,63.99,59.08,59.22,6065
526865,20231009,4.21,4.21,4.00,4.20,5395
526869,20231009,12.50,12.50,12.50,12.50,4
526871,20231009,16.50,17.93,16.09,16.68,1814
526873,20231009,9.25,9.25,9.00,9.00,190
526877,20231009,9.84,9.84,9.84,9.84,10
526885,20231009,50.26,51.41,49.20,49.58,3453
526887,20231009,1.72,1.72,1.72,1.72,4589
526899,20231009,22.70,22.95,20.60,21.61,47880
526901,20231009,71.00,71.70,68.75,71.60,3696
526905,20231009,3.35,3.35,3.25,3.25,278
526931,20231009,88.00,92.00,83.05,89.96,27862
526935,20231009,24.95,26.19,24.95,26.19,2536
526945,20231009,86.02,89.50,86.02,89.16,973
526947,20231009,440.00,440.00,424.70,434.20,14441
526951,20231009,1695.00,1726.05,1662.40,1708.75,3503
526953,20231009,233.95,234.80,225.00,225.95,2649
526961,20231009,198.00,199.00,197.50,197.65,350
526965,20231009,84.40,84.40,78.00,81.87,3370
526967,20231009,7.20,7.60,7.20,7.48,33092
526971,20231009,99.15,102.75,99.15,101.05,470
526981,20231009,214.00,215.00,210.05,211.20,732
526987,20231009,9.80,9.93,9.68,9.76,1748015
527001,20231009,281.15,304.00,281.15,294.30,18201
527005,20231009,366.15,366.15,351.85,352.25,2347
530005,20231009,228.05,229.15,223.60,224.85,156636
530007,20231009,282.50,282.50,265.15,267.55,56407
530011,20231009,105.15,105.15,102.15,104.05,21181
530025,20231009,18.45,18.87,18.00,18.00,2103
530043,20231009,224.55,235.70,218.00,221.20,3895
530045,20231009,21.66,21.80,20.41,20.83,18141
530053,20231009,26.07,26.07,24.51,24.71,896
530055,20231009,45.87,45.87,45.87,45.87,125
530057,20231009,10.95,11.16,10.95,11.16,4092
530063,20231009,11.48,11.48,10.80,10.80,8138
530065,20231009,12.00,12.50,11.45,11.53,7641
530073,20231009,681.65,714.10,681.25,689.70,24466
530075,20231009,394.95,401.70,389.90,391.30,27276
530077,20231009,188.00,217.60,188.00,203.25,120348
530079,20231009,373.75,374.75,366.15,367.30,1027
530093,20231009,2.52,2.52,2.52,2.52,910
530095,20231009,41.30,43.75,39.75,43.75,226
530109,20231009,2.17,2.20,2.01,2.12,360492
530111,20231009,32.75,33.77,31.57,32.14,1544
530119,20231009,50.09,50.89,48.10,48.34,4539
530125,20231009,387.00,400.50,385.00,386.35,2052
530127,20231009,14.22,14.22,13.79,13.79,7
530129,20231009,686.85,696.95,685.00,689.50,2616
530131,20231009,31.19,31.34,30.56,30.75,139872
530133,20231009,58.00,59.91,57.00,57.00,1366
530139,20231009,47.53,47.53,44.27,46.44,2012
530145,20231009,17.77,17.77,17.77,17.77,84860
530151,20231009,26.00,26.94,25.50,26.39,1169
530163,20231009,176.15,176.15,169.95,176.15,209497
530167,20231009,25.01,26.00,25.01,25.98,102
530169,20231009,25.00,26.21,24.91,25.34,4570
530171,20231009,19.80,20.74,19.80,19.93,5113
530173,20231009,9.30,9.30,9.30,9.30,245
530175,20231009,71.40,72.00,66.51,68.80,5818
530177,20231009,30.26,30.26,30.26,30.26,984
530179,20231009,4.71,4.71,4.71,4.71,502
530185,20231009,8.80,8.90,8.00,8.68,257863
530187,20231009,2.48,2.60,2.48,2.60,19872
530197,20231009,37.14,37.14,37.14,37.14,21350
530199,20231009,1905.55,1905.55,1823.45,1841.85,2829
530201,20231009,9.40,10.00,9.11,9.45,117132
530213,20231009,32.28,32.28,31.00,31.60,3649
530215,20231009,141.25,145.95,140.55,142.25,52734
530217,20231009,7.25,7.35,7.11,7.30,836
530219,20231009,195.00,196.00,195.00,196.00,204
530231,20231009,19.43,19.43,19.05,19.05,92
530233,20231009,117.00,123.90,115.70,118.15,18033
530235,20231009,49.00,49.00,47.08,49.00,256
530239,20231009,71.50,74.35,70.16,70.61,48771
530245,20231009,147.00,158.40,147.00,158.40,207
530249,20231009,11.68,11.68,11.68,11.68,1100
530251,20231009,0.59,0.60,0.54,0.54,681681
530253,20231009,28.00,28.50,25.60,27.90,2530
530255,20231009,8.02,8.02,7.00,7.82,4587
530259,20231009,37.45,37.50,35.65,37.40,2805
530263,20231009,0.78,0.78,0.78,0.78,75058
530265,20231009,33.28,33.28,33.28,33.28,26
530267,20231009,22.00,22.00,22.00,22.00,288
530271,20231009,12.22,12.22,12.22,12.22,313
530281,20231009,13.71,13.71,13.71,13.71,5
530289,20231009,23.20,23.50,22.35,22.37,4170
530291,20231009,12.85,12.85,12.30,12.30,340
530299,20231009,134.95,134.95,122.55,123.55,5585
530305,20231009,189.80,208.00,180.00,202.90,1148603
530307,20231009,228.45,231.65,225.00,227.30,23954
530309,20231009,23.10,23.55,22.62,23.39,26344
530313,20231009,38.77,38.77,37.00,37.00,2421
530315,20231009,122.15,123.20,118.00,121.50,16729
530317,20231009,90.40,92.80,90.00,90.90,6592
530331,20231009,414.30,426.90,409.00,414.05,625
530341,20231009,118.00,122.00,118.00,121.00,1105
530357,20231009,10.10,10.77,9.95,10.01,37089
530361,20231009,51.20,51.20,43.00,45.99,1219
530367,20231009,270.00,273.05,263.30,266.60,7597
530377,20231009,6.80,6.80,6.27,6.31,90021
530393,20231009,29.65,35.58,29.65,34.87,37807
530401,20231009,79.90,82.96,79.90,82.96,3627
530405,20231009,37.92,37.92,36.03,36.03,3833
530407,20231009,9.25,9.25,8.99,8.99,3887
530419,20231009,38.70,40.50,37.70,40.00,59434
530421,20231009,11.82,11.82,11.82,11.82,10
530427,20231009,51.06,53.80,49.72,50.45,1507
530429,20231009,18.25,19.00,18.25,18.27,1772
530431,20231009,106.90,106.90,104.55,106.00,23757
530433,20231009,72.89,72.89,69.03,69.52,9087
530439,20231009,8.95,8.95,8.95,8.95,7681
530443,20231009,12.37,12.99,12.37,12.37,9665
530445,20231009,1.69,1.69,1.56,1.56,6910
530449,20231009,51.58,51.58,50.56,50.56,1615
530459,20231009,25.00,25.00,24.50,24.50,411
530461,20231009,19.20,20.34,19.20,19.89,25846
530475,20231009,430.00,439.00,425.00,427.20,16086
530477,20231009,104.95,104.95,100.10,102.10,12708
530495,20231009,49.75,49.75,49.75,49.75,8199
530499,20231009,703.00,718.00,684.15,697.35,7669
530517,20231009,890.05,914.75,890.05,909.20,20523
530521,20231009,228.80,230.00,215.25,228.00,1679
530525,20231009,41.25,41.25,40.40,40.40,31034
530533,20231009,70.11,71.45,68.01,70.03,34
530537,20231009,22.90,22.90,22.90,22.90,50
530545,20231009,200.00,203.80,196.05,200.25,1762
530547,20231009,19.34,19.34,19.34,19.34,20
530549,20231009,346.45,346.45,332.00,333.30,10217
530555,20231009,60.87,61.84,59.97,60.79,35562
530557,20231009,0.55,0.55,0.53,0.54,5088050
530565,20231009,19.07,19.07,19.07,19.07,2904
530571,20231009,5.34,5.34,5.34,5.34,340
530577,20231009,26.80,26.80,25.25,26.10,1092
530579,20231009,26.90,26.90,26.20,26.65,26528
530581,20231009,6.63,6.63,6.47,6.47,5
530585,20231009,280.55,296.00,280.55,296.00,1097
530589,20231009,162.00,165.00,151.05,157.70,24081
530595,20231009,6.23,6.23,5.40,5.95,406
530609,20231009,5.71,5.71,5.43,5.71,10004
530611,20231009,0.44,0.44,0.44,0.44,161726
530615,20231009,181.10,182.00,181.10,182.00,828
530617,20231009,47.90,48.89,46.55,48.58,1853
530621,20231009,86.00,88.90,84.20,85.03,3100
530627,20231009,132.00,132.00,122.65,125.80,1826
530643,20231009,224.75,224.75,224.75,224.75,11232
530663,20231009,1.63,1.63,1.55,1.57,116614
530665,20231009,4.18,4.38,4.03,4.16,94181
530669,20231009,15.49,15.49,15.49,15.49,1
530675,20231009,44.25,44.25,41.25,44.15,322
530677,20231009,79.00,79.00,72.50,73.16,166874
530689,20231009,59.50,62.48,58.00,58.47,27137
530695,20231009,19.60,19.60,19.60,19.60,811
530697,20231009,36.01,36.99,35.31,36.50,4867
530699,20231009,37.46,37.46,36.72,36.72,5614
530709,20231009,26.77,26.77,24.87,24.91,606
530711,20231009,85.55,94.25,82.30,90.32,127743
530713,20231009,12.35,13.23,12.01,12.50,6245
530723,20231009,123.05,135.90,123.05,134.85,55
530733,20231009,7.35,7.35,7.30,7.30,1036
530735,20231009,25.64,25.64,25.64,25.64,793
530741,20231009,303.00,307.50,279.70,281.35,14805
530747,20231009,15.00,15.00,12.80,13.72,16230
530755,20231009,10.26,10.47,10.26,10.46,95
530765,20231009,20.00,21.20,19.84,19.85,348
530779,20231009,44.61,44.61,41.56,41.58,1419
530787,20231009,36.84,36.84,36.84,36.84,3
530789,20231009,150.00,150.00,139.00,144.00,510
530795,20231009,8.30,8.70,8.27,8.27,487
530797,20231009,12.51,12.51,12.51,12.51,216
530805,20231009,68.88,68.88,68.50,68.88,341
530809,20231009,41.80,41.80,39.00,40.58,1420
530813,20231009,387.00,394.60,384.00,385.60,10801
530815,20231009,111.90,111.90,104.10,104.50,2752
530821,20231009,15.20,15.20,14.95,14.95,1151
530825,20231009,35.85,37.00,34.82,35.11,4677
530829,20231009,29.89,29.89,26.84,28.06,4863
530839,20231009,4.20,4.49,4.12,4.49,1867
530845,20231009,802.40,802.40,790.00,791.10,1065
530853,20231009,77.95,77.95,74.93,74.93,261
530879,20231009,122.00,127.00,119.15,124.00,4170
530881,20231009,185.00,194.25,181.00,185.00,4339
530883,20231009,8.58,9.00,8.58,8.70,29664
530897,20231009,126.05,129.25,124.30,124.30,680
530899,20231009,33.49,33.49,32.00,32.00,112
530907,20231009,30.10,30.10,30.10,30.10,450
530919,20231009,459.25,459.25,459.25,459.25,1
530931,20231009,10.60,10.63,10.60,10.63,9253
530943,20231009,1.72,1.90,1.72,1.90,11327
530951,20231009,95.25,98.95,95.05,97.65,12074
530953,20231009,190.00,199.80,185.30,198.70,401
530959,20231009,26.89,26.89,26.03,26.08,6717
530965,20231009,88.01,88.58,87.00,87.47,1362576
530973,20231009,50.00,52.87,49.00,52.66,930
530977,20231009,138.00,140.85,131.00,136.35,933
530979,20231009,26.22,26.70,25.00,26.10,3422
530985,20231009,8.12,8.12,8.12,8.12,5
530991,20231009,41.69,41.85,40.22,41.84,2593
530997,20231009,59.90,62.87,58.00,62.87,41834
531017,20231009,14.76,14.76,13.68,14.02,5663
531025,20231009,0.72,0.72,0.70,0.71,6130304
531027,20231009,11.02,11.02,9.98,11.02,203
531035,20231009,37.77,37.77,37.77,37.77,60
531041,20231009,336.00,347.95,325.85,343.95,2413
531043,20231009,12.24,12.24,12.00,12.00,740
531049,20231009,9.91,10.93,9.91,10.92,360
531067,20231009,96.15,100.15,88.40,96.20,589
531069,20231009,856.00,865.00,825.50,859.55,409
531080,20231009,33.51,33.51,32.00,32.60,1715
531083,20231009,6.11,6.29,5.55,5.62,2423
531091,20231009,16.00,17.49,14.50,15.55,8157
531109,20231009,54.04,54.40,52.05,53.18,8299
531111,20231009,31.99,31.99,30.60,31.50,1300
531112,20231009,212.70,217.50,200.95,206.65,156697
531119,20231009,36.73,36.73,36.73,36.73,8257
531120,20231009,49.60,50.85,49.22,49.23,570923
531127,20231009,5.77,5.94,5.38,5.69,198581
531129,20231009,19.30,19.99,19.00,19.65,2144
531137,20231009,0.94,0.94,0.94,0.94,21596
531144,20231009,13.33,13.50,13.33,13.33,1935
531146,20231009,648.85,648.85,621.10,628.90,1531
531153,20231009,8.48,8.48,6.68,6.94,485292
531155,20231009,5.23,5.23,5.23,5.23,1
531156,20231009,19.12,19.93,19.12,19.25,39081
531157,20231009,8.70,8.70,8.70,8.70,27
531158,20231009,14.02,14.90,12.86,13.73,216
531161,20231009,96.52,96.52,92.50,93.88,6322
531163,20231009,46.50,46.50,43.04,44.99,112
531168,20231009,234.80,234.80,234.80,234.80,1
531169,20231009,64.00,64.99,59.70,61.40,1986
531173,20231009,53.00,53.50,51.50,52.10,54953
531175,20231009,2.13,2.13,2.07,2.07,950896
531176,20231009,16.76,16.76,16.76,16.76,48003
531178,20231009,34.41,35.10,33.00,34.00,6032
531190,20231009,19.96,19.96,19.96,19.96,1078
531198,20231009,1.62,1.62,1.62,1.62,503
531199,20231009,61.90,61.90,57.25,57.30,92
531201,20231009,1781.00,1802.00,1725.10,1755.40,15816
531205,20231009,51.56,51.56,51.56,51.56,208
531209,20231009,1095.00,1123.90,1069.80,1080.05,29150
531210,20231009,39.67,39.67,36.20,39.29,1424
531212,20231009,32.75,33.79,32.05,33.38,343
531213,20231009,141.05,141.60,138.40,139.85,398319
531215,20231009,180.00,188.00,176.05,181.20,11498
531216,20231009,7.95,8.00,7.51,7.73,5759423
531219,20231009,3.43,3.43,3.43,3.43,100
531221,20231009,10.95,10.95,10.62,10.62,2818
531223,20231009,30.10,30.77,29.32,29.40,2352
531225,20231009,47.00,49.48,44.00,47.31,546459
531227,20231009,77.00,81.60,75.10,75.10,453
531228,20231009,10.41,10.41,10.22,10.41,3885
531233,20231009,21.80,21.80,19.11,20.19,208375
531234,20231009,91.75,91.75,82.05,84.20,56682
531237,20231009,100.70,100.70,100.70,100.70,5310
531240,20231009,3.80,3.80,3.75,3.76,762
531246,20231009,18.86,18.86,17.50,18.00,695
531252,20231009,4.74,4.74,4.74,4.74,124
531253,20231009,414.00,417.70,401.00,412.30,2905
531254,20231009,85.15,85.20,80.65,81.50,617
531255,20231009,32.09,32.85,31.50,31.50,1784
531257,20231009,18.90,18.90,17.27,17.39,9085
531259,20231009,3.60,3.60,3.42,3.60,919
531260,20231009,385.00,393.60,365.00,392.00,749
531268,20231009,28.00,28.95,27.15,28.14,3714
531272,20231009,6.14,6.14,6.14,6.14,102
531273,20231009,3.08,3.16,3.00,3.08,611302
531278,20231009,50.01,50.50,46.25,48.25,13040
531279,20231009,43.23,43.23,43.23,43.23,9036
531280,20231009,6.80,6.80,6.80,6.80,1
531281,20231009,14.13,14.44,14.00,14.30,694
531283,20231009,10.58,10.58,9.58,9.81,2575
531287,20231009,259.90,260.20,259.90,260.20,5111
531288,20231009,12.55,13.00,12.55,12.55,11
531289,20231009,131.70,131.70,120.35,122.10,20915
531297,20231009,60.00,68.75,58.75,64.02,267848
531300,20231009,3.08,3.08,2.87,2.87,2850
531304,20231009,37.10,37.10,37.10,37.10,114
531306,20231009,816.35,846.75,815.00,826.30,2466
531307,20231009,21.65,21.65,21.20,21.20,34541
531310,20231009,139.00,144.95,138.95,140.75,2782
531314,20231009,15.90,15.90,15.90,15.90,1
531319,20231009,7.81,7.81,7.81,7.81,25
531323,20231009,11.86,11.86,11.63,11.63,156
531324,20231009,19.95,19.95,19.95,19.95,9
531327,20231009,4.46,4.46,4.46,4.46,6622
531328,20231009,0.76,0.78,0.72,0.78,1118472
531334,20231009,10.64,10.64,10.64,10.64,5717
531338,20231009,14.56,14.56,14.56,14.56,471
531340,20231009,33.50,33.50,30.43,31.40,508
531341,20231009,12.00,12.00,12.00,12.00,12
531346,20231009,37.25,38.98,35.39,35.79,947
531349,20231009,174.50,174.65,167.95,169.50,45421
531352,20231009,22.55,24.90,22.55,24.88,2313
531357,20231009,47.34,49.26,47.34,49.26,292616
531359,20231009,208.00,213.00,198.00,207.45,2391
531360,20231009,18.60,18.60,18.60,18.60,71
531364,20231009,53.70,60.00,53.70,58.62,131749
531370,20231009,30.95,32.40,30.95,31.99,16447
531373,20231009,49.40,53.00,47.66,50.39,166805
531380,20231009,157.05,160.00,144.85,159.95,4284
531381,20231009,49.55,49.99,48.00,49.50,7062
531387,20231009,5.02,5.02,5.02,5.02,1930
531390,20231009,37.63,38.80,37.50,37.50,568
531396,20231009,4.11,4.11,4.11,4.11,45
531397,20231009,16.20,16.20,16.20,16.20,50
531398,20231009,89.50,89.50,82.00,83.04,5727
531399,20231009,83.84,83.84,83.84,83.84,34281
531402,20231009,15.17,15.17,15.17,15.17,1
531406,20231009,9.58,9.58,9.58,9.58,401
531409,20231009,14.76,14.76,14.03,14.06,3753
531411,20231009,1.58,1.61,1.52,1.60,232675
531413,20231009,8.74,8.74,8.73,8.73,116
531416,20231009,34.15,34.15,33.01,33.01,1543
531417,20231009,2.46,2.48,2.31,2.33,27855
531420,20231009,2.70,2.83,2.57,2.57,10871
531426,20231009,252.10,252.95,246.95,249.80,26497
531431,20231009,927.95,945.00,895.15,904.85,62263
531432,20231009,11.60,11.60,11.05,11.05,185
531433,20231009,3.00,3.00,3.00,3.00,262
531437,20231009,27.24,27.24,25.05,25.32,1534
531439,20231009,96.00,97.25,96.00,96.20,3471
531444,20231009,6.18,6.18,6.18,6.18,50
531453,20231009,19.30,19.50,18.50,19.10,1140
531454,20231009,23.25,24.25,23.25,23.80,12353
531456,20231009,1.48,1.48,1.48,1.48,12409
531460,20231009,5.40,5.40,5.09,5.16,2077
531465,20231009,0.49,0.49,0.49,0.49,6509
531471,20231009,13.93,13.93,13.24,13.24,2031
531472,20231009,25.99,27.30,24.70,27.30,6776
531489,20231009,450.50,450.50,434.85,446.00,2522
531494,20231009,5.57,5.57,5.30,5.30,75626
531496,20231009,3.73,3.73,3.73,3.73,250
531497,20231009,5.15,5.40,5.00,5.09,17177
531499,20231009,7.35,7.55,7.01,7.01,925
531500,20231009,491.25,495.00,475.60,478.35,126041
531502,20231009,6.09,6.09,6.09,6.09,44838
531503,20231009,42.50,42.50,40.75,41.39,1314
531505,20231009,53.90,53.90,53.90,53.90,952
531509,20231009,21.80,21.80,21.50,21.50,26
531512,20231009,8.30,8.49,8.23,8.44,14140
531515,20231009,0.56,0.56,0.56,0.56,551
531518,20231009,0.50,0.50,0.50,0.50,497953
531525,20231009,21.30,21.30,20.70,20.70,249
531529,20231009,6.00,6.29,5.75,5.75,11043
531531,20231009,1139.85,1143.05,1128.00,1134.75,150
531533,20231009,66.95,66.95,63.61,65.50,453
531539,20231009,20.00,21.45,20.00,20.30,507
531540,20231009,136.00,136.60,130.00,131.95,6806
531541,20231009,2.85,2.85,2.62,2.72,6483
531543,20231009,359.85,370.25,359.30,366.90,2152
531548,20231009,686.20,727.50,675.70,718.70,1619
531550,20231009,146.45,146.45,146.45,146.45,736
531552,20231009,18.99,18.99,18.00,18.50,3437
531568,20231009,2.17,2.17,2.17,2.17,15007
531569,20231009,116.00,117.65,116.00,117.60,11075
531578,20231009,5.44,5.44,4.50,4.50,612
531583,20231009,16.21,16.21,16.21,16.21,551
531585,20231009,6.50,6.50,6.30,6.30,210
531591,20231009,9.85,9.85,9.55,9.64,16563
531592,20231009,3.98,3.98,3.83,3.91,358517
531594,20231009,13.69,13.69,13.02,13.03,2582
531608,20231009,122.50,126.80,122.25,124.65,73
531609,20231009,200.00,208.45,200.00,204.20,99
531616,20231009,69.33,69.33,69.33,69.33,20
531626,20231009,4.13,4.19,4.05,4.06,21012
531628,20231009,16.80,16.80,16.80,16.80,1020
531633,20231009,501.00,519.35,499.80,506.15,20713
531637,20231009,555.00,559.00,540.35,545.95,26296
531638,20231009,160.25,171.95,151.00,164.95,4558
531642,20231009,537.10,540.50,532.70,537.80,17296
531644,20231009,12.25,13.40,12.25,13.40,981
531650,20231009,1.89,1.91,1.73,1.90,57547
531651,20231009,77.00,77.00,74.60,74.60,211
531652,20231009,36.78,36.78,36.78,36.78,154
531658,20231009,21.43,21.43,21.43,21.43,6319
531661,20231009,10.71,10.71,10.25,10.26,2650
531663,20231009,1.35,1.35,1.35,1.35,4000
531667,20231009,38.59,40.60,36.18,38.59,683
531668,20231009,3.98,3.98,3.98,3.98,3901
531671,20231009,2.52,2.52,2.52,2.52,83401
531672,20231009,18.80,19.30,18.01,19.00,3695
531673,20231009,12.08,12.08,11.80,11.80,15
531676,20231009,11.10,11.10,10.24,10.26,660
531680,20231009,5.25,5.25,5.25,5.25,9
531681,20231009,0.60,0.60,0.58,0.58,82349
531686,20231009,2.66,2.66,2.66,2.66,1000
531688,20231009,77.50,79.89,73.00,74.42,4098
531692,20231009,1.59,1.59,1.59,1.59,7650
531694,20231009,11.00,11.07,10.59,10.78,1472
531716,20231009,1.34,1.34,1.14,1.17,40807
531723,20231009,1.02,1.02,1.02,1.02,28819
531726,20231009,179.50,179.50,174.10,176.95,12348
531727,20231009,81.00,82.99,77.05,77.86,107142
531737,20231009,0.65,0.65,0.64,0.64,1150656
531739,20231009,11.75,13.47,11.53,13.38,10884497
531744,20231009,44.25,44.37,42.16,44.37,442
531746,20231009,13.72,13.72,13.15,13.34,18705
531752,20231009,0.80,0.80,0.72,0.76,2133438
531758,20231009,7.90,7.90,7.90,7.90,50
531762,20231009,16.40,16.41,16.30,16.41,1387
531768,20231009,1395.05,1409.00,1364.75,1372.15,1936
531769,20231009,2.65,2.65,2.65,2.65,1
531771,20231009,41.90,42.00,38.24,40.05,7718
531778,20231009,21.76,21.76,20.38,21.58,13907
531779,20231009,24.07,24.07,21.79,21.79,645
531780,20231009,19.90,19.90,19.20,19.25,17034
531784,20231009,2.05,2.05,1.92,1.99,242596
531802,20231009,25.29,25.29,24.19,24.86,75913
531810,20231009,91.00,97.99,88.00,93.10,10867
531812,20231009,0.94,0.94,0.94,0.94,4510
531813,20231009,79.71,79.71,75.20,76.49,462
531814,20231009,10.50,11.97,10.45,11.74,163070
531819,20231009,21.32,21.32,21.32,21.32,586
531821,20231009,76.43,77.60,74.90,77.60,506
531822,20231009,58.55,62.90,58.55,62.06,17
531825,20231009,12.00,12.00,12.00,12.00,1
531832,20231009,10.43,10.43,10.43,10.43,1968
531834,20231009,7.41,8.09,7.41,8.09,2778
531841,20231009,16.00,16.05,15.80,15.80,553
531842,20231009,41.32,43.99,40.00,40.87,77073
531846,20231009,19.75,19.75,18.05,18.05,203
531847,20231009,842.00,851.00,828.05,828.05,32
531859,20231009,97.97,97.97,97.97,97.97,78150
531861,20231009,36.01,36.76,35.90,36.01,1686
531862,20231009,106.75,108.50,104.95,105.30,11095
531867,20231009,6.90,6.90,5.72,5.73,5102
531869,20231009,18.80,19.20,18.52,18.80,23338
531870,20231009,17.62,18.50,17.62,18.39,599
531878,20231009,8.72,9.14,8.72,9.09,2074
531881,20231009,25.09,25.09,25.09,25.09,512
531888,20231009,129.00,133.95,129.00,131.25,4522
531889,20231009,336.60,336.60,336.60,336.60,1040
531892,20231009,25.50,26.75,25.25,25.60,15319
531893,20231009,0.82,0.83,0.80,0.80,364540
531900,20231009,20.67,21.67,20.31,21.63,524
531902,20231009,21.50,21.50,19.58,20.44,2232
531909,20231009,3.78,3.78,3.77,3.78,40791
531910,20231009,39.58,39.58,39.58,39.58,575
531911,20231009,24.00,24.00,24.00,24.00,20
531913,20231009,8.26,8.46,7.70,7.76,12992
531917,20231009,1.11,1.16,1.11,1.11,1511
531923,20231009,56.44,56.44,51.80,52.75,19948
531925,20231009,1.43,1.43,1.36,1.36,4117
531929,20231009,4.85,5.40,4.85,5.32,4333
531930,20231009,24.00,24.00,23.00,23.45,1083
531931,20231009,125.00,125.00,120.75,120.75,108
531944,20231009,25.11,25.11,24.61,24.61,17155
531950,20231009,3.63,3.70,3.39,3.40,79193
531952,20231009,46.80,53.00,46.80,51.10,10572
531959,20231009,12.01,12.01,10.87,12.01,114036
531960,20231009,1.94,1.99,1.81,1.92,11175
531962,20231009,28.53,28.53,28.53,28.53,3
531968,20231009,17.40,17.40,17.40,17.40,199
531977,20231009,5.39,5.39,5.17,5.21,118035
531979,20231009,42.44,42.44,39.90,40.48,4375
531982,20231009,66.80,66.80,55.65,62.00,7147
531989,20231009,15.60,17.24,15.60,17.24,219
531991,20231009,0.78,0.78,0.74,0.77,580995
531994,20231009,97.69,97.69,97.69,97.69,2
531996,20231009,6.90,6.90,6.55,6.72,6144
532001,20231009,36.00,37.00,34.52,36.99,1134
532005,20231009,65.00,70.50,64.00,70.00,4207
532007,20231009,16.49,16.49,16.49,16.49,11
532011,20231009,256.45,256.45,251.55,251.55,80
532015,20231009,4.39,4.39,4.15,4.15,1271
532016,20231009,41.55,41.55,41.55,41.55,100
532019,20231009,1.70,1.70,1.67,1.68,7599
532022,20231009,14.58,14.58,13.80,14.00,246131
532029,20231009,26.05,26.52,25.27,25.32,1672
532035,20231009,16.99,16.99,14.69,15.08,33595
532039,20231009,63.75,63.75,59.10,60.82,86779
532041,20231009,6.00,6.00,5.15,5.37,20773
532042,20231009,32.50,32.50,32.50,32.50,1
532051,20231009,608.95,608.95,573.00,579.45,3437
532053,20231009,78.45,78.45,78.43,78.43,400
532054,20231009,1928.70,2054.00,1928.70,2040.20,941
532056,20231009,18.90,18.90,18.00,18.00,765
532057,20231009,116.70,122.50,116.70,121.75,200
532067,20231009,763.30,763.30,709.70,715.10,14374
532070,20231009,147.90,147.90,137.30,142.70,7875
532072,20231009,0.40,0.40,0.39,0.40,567714
532090,20231009,2.05,2.10,2.05,2.10,9835
532092,20231009,3.77,3.77,3.77,3.77,33175
532100,20231009,9.10,9.13,8.70,9.13,25046
532102,20231009,35.80,35.80,34.44,34.62,4153
532113,20231009,3.88,3.90,3.88,3.90,624
532124,20231009,11.48,12.00,11.15,11.57,20198
532139,20231009,1.21,1.21,1.21,1.21,270
532140,20231009,31.16,31.16,25.52,25.95,5702
532141,20231009,96.44,98.10,96.28,96.59,1109
532145,20231009,11.50,12.49,11.15,11.90,22326
532149,20231009,107.75,107.75,103.55,104.30,761874
532150,20231009,177.05,178.95,171.00,175.30,10896
532154,20231009,0.59,0.62,0.58,0.59,3017296
532159,20231009,15.75,16.06,15.50,16.06,313603
532160,20231009,11.00,11.30,10.49,10.49,28857
532163,20231009,346.05,353.00,343.05,345.50,9481
532183,20231009,23.58,23.58,22.66,22.66,213715
532187,20231009,1420.00,1445.00,1409.60,1428.25,188854
532189,20231009,387.25,399.80,380.00,382.90,5795
532210,20231009,128.45,128.45,125.30,125.75,257887
532216,20231009,54.86,54.86,53.80,53.80,17
532217,20231009,17.01,17.01,17.01,17.01,2069
532218,20231009,25.76,26.18,25.55,25.73,6828275
532221,20231009,1021.40,1051.00,1021.40,1042.45,10778
532230,20231009,83.90,84.73,80.51,83.09,4432
532234,20231009,94.35,94.53,92.51,93.50,264482
532240,20231009,507.90,508.00,486.50,487.05,1354
532256,20231009,2551.05,2591.55,2550.00,2562.85,308
532262,20231009,1315.00,1315.00,1300.00,1300.00,6
532271,20231009,2.55,2.62,2.40,2.49,159540
532275,20231009,0.74,0.74,0.69,0.74,51204
532281,20231009,1226.00,1266.45,1226.00,1248.60,73319
532284,20231009,39.00,39.00,37.00,37.38,3027
532286,20231009,682.95,682.95,664.00,675.80,28922
532300,20231009,229.55,231.80,226.45,227.70,57704
532304,20231009,33.91,33.91,33.91,33.91,200
532305,20231009,93.99,93.99,90.00,90.24,24649
532313,20231009,525.00,532.35,525.00,525.65,13999
532315,20231009,8.45,8.45,8.00,8.16,6057
532320,20231009,17.74,17.74,16.20,16.95,1498
532323,20231009,49.02,50.00,47.99,48.38,146089
532329,20231009,681.55,681.55,642.05,649.20,4020
532333,20231009,54.06,54.06,52.35,53.00,969
532334,20231009,40.00,40.00,39.41,39.42,157
532336,20231009,0.79,0.79,0.79,0.79,100
532340,20231009,3.59,3.59,3.37,3.39,5805
532343,20231009,1490.05,1534.10,1490.05,1522.25,30090
532344,20231009,200.90,200.90,200.90,200.90,1
532348,20231009,31.11,31.44,30.10,30.41,885628
532349,20231009,790.00,792.00,769.95,784.40,1234
532350,20231009,4.03,4.03,4.03,4.03,17678
532351,20231009,11.36,11.36,10.71,11.00,86774
532354,20231009,7.84,7.84,7.69,7.69,17220
532355,20231009,6.29,6.49,5.97,6.44,6093
532356,20231009,372.05,385.00,372.05,376.60,94289
532359,20231009,0.82,0.82,0.82,0.82,25
532362,20231009,145.95,145.95,125.00,137.35,228507
532365,20231009,715.30,759.50,711.30,719.55,19681
532369,20231009,178.00,178.00,175.05,176.25,2287
532370,20231009,296.05,306.00,296.05,302.30,4681
532371,20231009,97.71,97.71,94.05,94.82,510960
532372,20231009,34.11,36.67,34.11,35.51,55897
532373,20231009,29.11,29.11,29.11,29.11,29254
532374,20231009,155.40,157.35,153.10,153.70,121972
532375,20231009,292.60,307.80,292.60,304.85,4204
532378,20231009,2.37,2.61,2.37,2.61,3395
532379,20231009,5.35,5.35,5.35,5.35,363
532380,20231009,13.73,13.73,12.60,12.97,13005
532384,20231009,165.15,170.50,163.60,166.65,10259
532387,20231009,37.51,37.51,37.00,37.06,2693
532388,20231009,45.35,45.35,42.97,43.34,6765016
532390,20231009,240.35,245.00,235.35,236.55,23283
532392,20231009,3.70,3.99,3.70,3.99,705
532398,20231009,6.37,6.37,6.37,6.37,181
532402,20231009,7.90,7.90,7.80,7.80,829
532403,20231009,4.76,4.76,4.76,4.76,1
532404,20231009,49.74,49.75,46.01,49.04,25455
532406,20231009,268.60,281.00,260.00,270.10,440254
532407,20231009,85.00,87.00,81.00,84.27,375760
532408,20231009,45.91,45.91,45.91,45.91,6614
532410,20231009,28.20,32.89,28.20,30.57,12511
532411,20231009,0.47,0.48,0.46,0.47,4387481
532416,20231009,6.87,6.87,6.30,6.35,27293
532425,20231009,15.57,15.57,14.45,14.94,5175
532432,20231009,1037.30,1037.30,1006.30,1013.55,25125
532435,20231009,76.99,78.61,75.00,77.17,66133
532444,20231009,1.40,1.40,1.36,1.36,6295
532455,20231009,19.46,19.47,19.46,19.46,2219
532459,20231009,62.50,65.37,62.10,65.19,2206
532460,20231009,430.00,430.00,407.00,407.95,4076
532461,20231009,75.91,75.91,72.85,73.36,6645536
532466,20231009,4001.05,4171.80,4001.05,4094.65,4175
532467,20231009,117.50,123.00,117.00,121.50,84466
532468,20231009,15950.05,15990.90,15500.00,15589.95,5189
532470,20231009,13.73,13.73,13.73,13.73,15
532477,20231009,101.35,103.70,98.95,99.40,3159944
532478,20231009,1544.05,1595.00,1544.05,1563.55,12106
532481,20231009,7.80,7.84,7.29,7.60,85239
532485,20231009,400.10,403.80,395.05,396.70,35308
532486,20231009,477.55,495.25,474.00,479.30,4319
532497,20231009,1220.00,1243.00,1210.50,1218.00,9540
532500,20231009,10294.95,10333.20,10187.15,10238.25,3265
532503,20231009,800.00,811.00,793.00,799.70,1730
532504,20231009,3706.05,3734.95,3650.00,3718.55,17862
532507,20231009,5.60,5.60,5.20,5.29,38179
532509,20231009,390.00,396.75,382.35,391.15,17099
532513,20231009,350.00,350.05,339.50,342.20,2711
532514,20231009,459.95,462.00,448.25,460.30,18998
532521,20231009,144.90,160.20,142.70,155.50,10618
532522,20231009,229.90,229.90,222.20,223.55,38632
532524,20231009,133.00,137.70,133.00,133.85,168817
532525,20231009,47.55,47.55,45.02,45.32,2700474
532527,20231009,603.05,642.60,603.05,630.85,29284
532532,20231009,11.00,11.19,10.61,10.85,3527128
532538,20231009,8199.95,8199.95,8090.00,8108.60,5074
532540,20231009,3654.00,3680.00,3630.00,3637.25,136192
532555,20231009,233.20,236.25,230.40,234.50,545316
532605,20231009,1280.00,1281.00,1235.60,1260.50,3830
532612,20231009,315.75,337.85,315.75,335.75,11711
532614,20231009,3.09,3.09,3.09,3.09,4570
532621,20231009,23.81,23.95,22.25,22.65,15186
532624,20231009,500.10,507.35,493.70,494.85,689
532626,20231009,464.00,466.45,451.55,455.55,2097
532629,20231009,3.30,3.30,3.15,3.30,33603
532637,20231009,100.05,100.95,98.95,99.45,5427
532638,20231009,660.00,667.45,652.40,654.80,3868
532645,20231009,2.95,3.02,2.95,3.02,26092
532649,20231009,23.58,23.83,23.13,23.33,9238
532650,20231009,18.40,18.40,18.40,18.40,125990
532651,20231009,72.00,72.00,68.45,69.24,8470
532652,20231009,243.70,243.80,237.15,238.90,84269
532654,20231009,20.20,20.98,19.60,19.71,22379
532656,20231009,7.88,7.98,7.55,7.76,473778
532661,20231009,821.05,850.05,818.05,824.00,5439
532667,20231009,28.11,28.39,27.69,27.69,32270913
532670,20231009,54.00,55.05,53.11,53.52,917433
532673,20231009,35.01,35.36,34.19,34.40,59159
532674,20231009,47.29,47.30,45.98,46.55,1038
532676,20231009,8.45,8.45,8.23,8.45,271
532684,20231009,114.20,115.20,112.15,112.70,74952
532686,20231009,478.00,499.75,470.00,490.15,4231
532687,20231009,751.00,761.00,743.50,753.70,112
532689,20231009,1699.95,1699.95,1662.85,1673.00,6097
532692,20231009,2.04,2.04,1.87,1.87,24191
532694,20231009,12.10,12.10,12.10,12.10,57963
532698,20231009,279.00,281.80,273.60,280.20,10877
532699,20231009,324.40,332.15,309.95,317.05,27386
532700,20231009,176.00,176.00,168.25,170.95,4293
532701,20231009,8.89,8.89,8.60,8.60,5875
532702,20231009,289.45,291.95,285.75,288.40,15696
532705,20231009,99.80,102.10,98.15,99.10,16681
532710,20231009,16.22,16.22,16.09,16.10,666711
532712,20231009,1.70,1.72,1.64,1.64,1537792
532713,20231009,16.51,16.52,16.15,16.16,59243
532714,20231009,671.50,685.00,660.40,665.80,5285
532716,20231009,108.00,108.00,99.90,100.49,6906
532717,20231009,459.75,459.75,459.75,459.75,502
532720,20231009,287.85,289.10,282.35,285.55,56952
532722,20231009,19.72,19.72,18.11,18.39,68460
532723,20231009,27.99,28.99,26.94,28.40,5626
532725,20231009,5359.95,5359.95,5119.70,5155.65,12891
532730,20231009,15.43,15.65,15.16,15.18,291
532732,20231009,757.45,757.45,730.00,740.55,4766
532733,20231009,625.05,625.45,608.80,610.85,55937
532734,20231009,580.10,593.05,578.00,581.35,46164
532735,20231009,497.90,517.75,497.90,507.70,3542
532742,20231009,6232.30,6295.90,6205.50,6211.05,1755
532744,20231009,12.20,12.20,11.31,11.75,1483
532745,20231009,43.61,43.61,42.28,42.28,6868
532748,20231009,96.90,96.90,93.30,95.34,17196
532755,20231009,1200.05,1227.55,1200.00,1211.60,45018
532756,20231009,457.00,468.45,457.00,460.90,15885
532757,20231009,4303.45,4404.85,4281.70,4298.40,1090
532761,20231009,59.58,59.58,53.50,53.83,11269
532771,20231009,21.51,22.63,21.20,22.00,6464
532775,20231009,1.02,1.02,0.98,0.98,51757676
532777,20231009,4120.05,4230.75,4120.05,4208.35,3453
532782,20231009,56.49,56.49,54.00,54.21,10055
532785,20231009,140.05,140.25,136.40,137.15,26964
532798,20231009,72.00,72.00,67.95,70.94,314440
532801,20231009,62.80,63.50,58.90,59.29,27439
532804,20231009,1950.05,2015.95,1950.05,2006.90,644
532806,20231009,40.80,40.80,38.00,39.00,1124
532810,20231009,242.00,245.15,239.00,240.15,1025694
532812,20231009,10.47,10.47,9.51,9.73,4554
532814,20231009,430.00,430.00,401.55,403.20,124943
532815,20231009,120.10,121.80,120.10,120.35,6741
532817,20231009,7.10,7.14,6.95,6.95,3161
532820,20231009,6.19,6.40,5.93,6.14,8399
532825,20231009,11.92,11.92,11.92,11.92,56767
532826,20231009,51.46,55.49,50.40,52.35,21028
532827,20231009,38600.05,39650.00,38600.05,39372.25,715
532829,20231009,172.45,175.00,164.45,168.90,6638
532832,20231009,78.25,81.80,77.58,77.95,1106280
532841,20231009,424.95,424.95,411.80,412.95,271
532842,20231009,585.25,596.75,574.75,579.75,5057
532847,20231009,160.50,160.50,150.70,157.00,5289
532850,20231009,31.89,32.57,30.80,32.57,464848
532851,20231009,522.70,522.70,502.50,509.60,1368
532855,20231009,86.07,95.95,86.07,90.07,2409
532859,20231009,999.00,1000.05,983.00,986.05,2192
532866,20231009,1.10,1.10,1.10,1.10,2400
532872,20231009,229.00,230.05,224.40,227.25,25643
532873,20231009,3.39,3.42,3.15,3.38,594435
532875,20231009,124.95,124.95,119.35,119.95,74049
532879,20231009,137.00,147.55,133.80,142.65,1185
532880,20231009,67.10,70.90,67.10,68.85,86965
532886,20231009,111.65,111.65,111.00,111.00,21150
532888,20231009,64.61,65.64,62.95,63.18,264761
532889,20231009,726.05,737.00,720.00,722.50,18575
532890,20231009,21.99,21.99,20.85,20.89,16301
532891,20231009,131.90,131.90,121.30,123.60,32736
532893,20231009,57.62,61.19,57.62,58.52,4308
532894,20231009,13.50,13.50,12.90,13.39,62144
532896,20231009,40.00,40.00,38.00,38.89,20279
532899,20231009,570.00,599.95,570.00,584.40,14528
532904,20231009,25.16,25.16,24.40,24.40,2010
532907,20231009,20.63,20.63,20.63,20.63,37980
532911,20231009,7.40,7.40,7.07,7.22,43941
532915,20231009,237.05,239.40,235.30,236.00,53907
532916,20231009,39.00,39.00,37.71,37.71,682
532918,20231009,22.10,25.00,22.10,24.55,17292
532925,20231009,9.25,9.25,8.46,8.46,28565
532932,20231009,136.75,137.65,132.55,132.85,8945
532933,20231009,40.85,40.85,38.90,39.70,11313
532940,20231009,410.10,435.00,410.10,423.30,29224
532942,20231009,282.00,285.55,277.20,278.90,69980
532947,20231009,32.19,32.65,31.05,31.22,2298178
532951,20231009,218.00,218.00,205.15,207.20,3113
532953,20231009,288.05,292.00,281.70,282.80,27004
532957,20231009,45.15,46.44,45.15,46.44,2961
532966,20231009,751.15,759.00,735.00,742.85,114998
532967,20231009,266.70,267.00,262.10,263.40,11434
532974,20231009,80.05,84.49,79.10,79.96,83148
532975,20231009,6.90,6.90,6.90,6.90,2241
532976,20231009,513.95,515.90,482.15,496.35,19940
532978,20231009,1628.95,1628.95,1607.25,1620.65,62375
532980,20231009,38.00,39.14,37.10,37.43,104198
532983,20231009,1210.00,1266.75,1210.00,1250.55,3871
532986,20231009,39.00,39.00,36.34,36.46,17379
532987,20231009,795.65,807.00,777.45,779.10,2189
532988,20231009,308.85,308.95,308.80,308.80,100
532989,20231009,92.04,94.80,89.23,89.25,7830
532992,20231009,26.70,26.70,25.40,25.40,102
532993,20231009,230.05,245.00,230.05,244.75,205
532998,20231009,80.62,86.00,80.61,86.00,610
533012,20231009,6.20,6.98,6.20,6.87,15211
533014,20231009,43.14,43.14,41.15,41.43,25023
533018,20231009,2802.05,2802.05,2730.25,2730.25,7
533019,20231009,1069.85,1069.85,981.25,990.20,118
533047,20231009,415.65,422.45,407.05,409.05,24278
533048,20231009,11.80,11.90,11.45,11.50,52781
533056,20231009,49.40,52.45,49.40,50.05,71068
533080,20231009,889.55,905.95,876.50,886.15,2781
533088,20231009,433.50,439.95,418.30,437.35,37644
533093,20231009,48.75,48.75,44.25,46.02,7641
533095,20231009,5600.00,5653.25,5560.00,5610.05,308
533101,20231009,170.40,179.90,170.40,178.50,703
533106,20231009,296.30,318.25,296.30,311.15,653143
533108,20231009,26.24,26.24,25.22,25.64,34391
533110,20231009,13.49,13.49,13.25,13.25,203
533149,20231009,10.11,10.11,9.20,10.07,18401
533156,20231009,72.00,78.45,69.87,73.74,2103645
533158,20231009,1354.95,1354.95,1280.70,1326.55,3358
533162,20231009,20.10,20.29,19.19,19.30,3023479
533166,20231009,3.32,3.61,3.27,3.36,274977
533167,20231009,37.91,37.91,37.25,37.91,200713
533170,20231009,170.00,172.00,166.05,168.30,13052
533181,20231009,133.45,133.55,129.25,130.50,5125
533192,20231009,35.49,38.00,35.01,36.66,213857
533193,20231009,127.20,136.50,121.50,127.15,216511
533202,20231009,3.21,3.21,3.21,3.21,20084
533203,20231009,4.60,4.87,4.50,4.87,19366
533210,20231009,72.05,73.69,71.00,72.28,3026
533212,20231009,98.00,99.50,95.00,98.00,1563
533230,20231009,51.00,51.00,49.98,50.30,103780
533252,20231009,510.00,588.10,510.00,563.00,7749
533262,20231009,566.60,583.15,566.60,578.70,6505
533268,20231009,3.55,3.55,3.55,3.55,400
533269,20231009,440.05,454.50,440.05,447.90,36619
533273,20231009,1103.00,1122.00,1098.60,1114.55,16999
533275,20231009,2.77,3.04,2.74,2.90,1161556
533285,20231009,60.49,62.00,58.14,59.47,28220
533286,20231009,211.20,212.55,207.05,208.70,38071
533289,20231009,53.00,56.45,53.00,55.00,21484
533293,20231009,530.00,530.00,508.90,518.65,11376
533294,20231009,18.61,18.61,18.40,18.61,21872
533295,20231009,43.01,44.50,42.52,42.76,733531
533302,20231009,2898.65,2950.00,2860.00,2868.50,317
533306,20231009,962.40,981.75,950.00,952.40,734
533315,20231009,28.56,29.98,27.14,27.23,833
533317,20231009,11.48,11.51,10.97,11.28,21809
533320,20231009,684.95,684.95,590.10,596.95,27786
533326,20231009,123.40,127.85,122.85,124.20,218104
533333,20231009,312.60,313.75,306.85,308.00,25433
533339,20231009,718.00,721.50,699.40,709.45,33318
533344,20231009,27.80,28.02,27.22,27.31,207088
533407,20231009,22.70,22.70,22.13,22.16,2444
533427,20231009,32.63,32.63,32.63,32.63,2864
533451,20231009,52.36,52.36,49.20,52.00,9529
533470,20231009,288.00,288.00,272.50,274.25,1671
533477,20231009,595.55,604.55,576.00,585.55,2246
533482,20231009,2.82,2.82,2.82,2.82,2713
533499,20231009,2.38,2.49,2.35,2.38,8320
533519,20231009,135.30,135.75,130.25,131.00,1046672
533552,20231009,268.00,269.40,262.30,262.65,12372
533553,20231009,240.05,256.00,240.05,253.95,4234
533573,20231009,750.05,782.55,750.05,760.10,6609
533576,20231009,27.80,27.80,25.91,26.50,24674
533581,20231009,1800.00,1900.00,1800.00,1873.15,7511
533602,20231009,4.01,4.10,4.01,4.04,128784
533608,20231009,114.15,115.00,113.00,113.40,7797
533629,20231009,5.75,6.20,5.56,5.96,1813
533655,20231009,397.40,412.00,397.40,401.85,44119
533719,20231009,5215.00,5279.85,5201.00,5275.50,26
533896,20231009,21.45,21.45,18.11,18.92,1376
533941,20231009,121.10,125.65,121.10,125.65,50053
533982,20231009,46.39,46.39,43.05,44.18,23425
534060,20231009,1.61,1.69,1.61,1.66,798618
534063,20231009,57.00,58.37,52.83,57.49,518
534064,20231009,29.86,29.86,28.06,28.49,13873
534091,20231009,2090.05,2149.50,2050.00,2077.85,252537
534190,20231009,3.80,3.96,3.61,3.65,10883
534338,20231009,40.25,41.35,40.25,41.35,15380
534369,20231009,117.65,121.20,112.90,114.80,131450
534422,20231009,5.20,5.20,5.09,5.20,1715
534425,20231009,203.00,203.00,195.75,197.85,5170
534598,20231009,15.23,15.23,15.23,15.23,147
534612,20231009,30.49,30.49,30.49,30.49,1607
534618,20231009,1351.10,1378.05,1325.05,1355.80,29546
534623,20231009,23.49,23.49,22.00,22.16,6281
534639,20231009,22.00,22.00,21.10,21.51,38
534675,20231009,29.10,33.44,29.10,31.97,359206
534680,20231009,255.55,258.05,249.50,249.55,585
534691,20231009,18.25,18.25,17.27,17.35,20498
534731,20231009,1.03,1.03,0.99,0.99,18246
534732,20231009,35.04,35.14,33.52,34.09,54865
534733,20231009,11.37,11.65,10.81,10.95,70059
534741,20231009,1.01,1.06,0.97,1.00,1010381
534742,20231009,155.00,155.00,149.20,150.20,10095
534748,20231009,8.70,8.70,7.85,7.98,1983054
534755,20231009,0.73,0.73,0.71,0.71,53223
534796,20231009,41.53,41.53,41.53,41.53,1986
534920,20231009,1.70,1.70,1.70,1.70,1441
535136,20231009,552.15,552.15,552.15,552.15,6420
535142,20231009,11.27,11.27,11.27,11.27,10000
535204,20231009,3.30,3.39,3.30,3.37,9848
535205,20231009,3.53,3.54,3.29,3.29,11870
535267,20231009,8.62,9.29,8.40,9.28,513219
535276,20231009,711.00,714.00,700.02,708.92,2774
535431,20231009,1.30,1.32,1.26,1.31,376460
535458,20231009,31.89,31.89,31.26,31.26,4673
535566,20231009,154.80,154.80,135.40,145.95,923
535601,20231009,241.20,241.20,234.50,234.50,373
535602,20231009,980.00,980.00,940.00,951.50,2774
535620,20231009,133.00,138.00,125.00,125.45,2159
535621,20231009,85.20,87.00,83.90,87.00,1074
535657,20231009,15.05,15.18,14.55,14.99,5487
535693,20231009,46.99,46.99,44.30,45.03,36531
535694,20231009,1.18,1.29,1.17,1.28,27750
535719,20231009,68.15,68.15,65.56,67.28,3986
535730,20231009,1.18,1.19,1.05,1.17,158162
535910,20231009,62.79,62.79,62.79,62.79,5000
535917,20231009,5.69,5.69,5.69,5.69,12000
535958,20231009,6.15,6.15,6.05,6.05,111938
536073,20231009,24.00,25.61,24.00,25.39,547
536128,20231009,0.40,0.40,0.38,0.40,2325421
536264,20231009,408.75,421.00,405.00,419.75,12223
536493,20231009,443.35,460.00,425.00,434.55,3340
536507,20231009,3.27,3.27,3.05,3.14,380133
536565,20231009,8.90,8.90,8.90,8.90,500
536659,20231009,16.64,16.64,15.50,16.18,23779
536672,20231009,5.97,5.97,5.70,5.72,46841
536709,20231009,25.40,25.40,24.25,24.25,2230
536773,20231009,515.25,516.45,480.10,494.30,2962
536846,20231009,36.77,36.77,36.77,36.77,125
536868,20231009,11.44,11.89,11.05,11.05,11824
536965,20231009,5.75,5.75,5.75,5.75,109
536974,20231009,24.50,26.50,24.50,26.22,248073
537069,20231009,18.11,18.90,18.11,18.30,3211
537253,20231009,51.15,53.85,50.05,53.02,7695
537254,20231009,3.50,3.58,3.25,3.58,9192
537259,20231009,740.00,757.50,703.90,727.90,43502
537326,20231009,55.12,55.12,55.12,55.12,6390
537392,20231009,14.23,15.24,14.05,15.24,58976
537524,20231009,0.66,0.66,0.63,0.66,24291
537536,20231009,108.00,108.90,104.70,104.80,1135
537573,20231009,32.20,32.40,32.00,32.27,43200
537707,20231009,17.96,18.52,17.96,17.96,76558
537709,20231009,7.13,7.30,7.00,7.01,97619
537750,20231009,156.90,156.90,147.25,148.00,1718
537785,20231009,248.85,250.70,248.10,249.75,43
537800,20231009,3.94,3.96,3.75,3.77,1838462
537820,20231009,1.86,1.91,1.86,1.90,5866
537838,20231009,0.59,0.59,0.59,0.59,4556
537839,20231009,67.28,72.00,67.28,71.00,1099
537985,20231009,37.75,37.75,33.06,37.37,3747
538081,20231009,5.55,5.55,5.10,5.38,39476
538092,20231009,76.00,78.74,76.00,77.79,30
538119,20231009,37.00,37.00,34.22,36.87,26459
538180,20231009,0.64,0.66,0.64,0.66,1226715
538212,20231009,0.75,0.75,0.75,0.75,111066
538273,20231009,38.45,38.45,36.58,36.58,315
538319,20231009,9.27,9.59,8.81,9.59,16000
538351,20231009,5.23,5.23,4.77,4.94,31561
538382,20231009,163.80,172.40,163.80,163.80,553
538395,20231009,57.00,59.60,57.00,59.60,34
538401,20231009,99.00,100.00,97.30,99.99,1287
538402,20231009,73.50,73.50,73.50,73.50,101
538422,20231009,0.38,0.38,0.38,0.38,50976
538433,20231009,0.49,0.51,0.47,0.47,44370
538446,20231009,187.00,199.00,180.00,180.65,16607
538452,20231009,28.62,29.19,28.62,29.19,14221
538464,20231009,3.24,3.27,3.24,3.27,1563
538465,20231009,52.05,54.00,49.45,52.27,2450
538476,20231009,36.98,36.98,35.09,35.91,37614
538496,20231009,12.94,13.01,10.65,13.01,393000
538521,20231009,25.50,25.50,24.54,24.54,1551
538537,20231009,0.61,0.61,0.58,0.58,31497
538539,20231009,53.41,53.41,53.41,53.41,237671
538540,20231009,0.86,0.87,0.86,0.86,27920
538542,20231009,5.76,6.31,5.76,6.31,293
538546,20231009,105.00,111.00,103.35,104.70,10527
538556,20231009,86.00,86.00,86.00,86.00,11
538564,20231009,251.00,255.60,247.55,251.60,406
538565,20231009,270.00,275.00,261.20,273.65,1661
538568,20231009,52.00,52.02,52.00,52.00,1554
538569,20231009,2.31,2.39,2.20,2.30,184135
538596,20231009,3.07,3.07,3.07,3.07,1639
538597,20231009,14.50,15.36,14.00,14.20,19755
538607,20231009,6.50,6.50,6.21,6.25,1045965
538609,20231009,39.00,40.84,36.96,36.96,313
538610,20231009,22.61,22.61,21.52,21.85,15513
538611,20231009,31.15,32.28,31.15,32.28,300
538634,20231009,190.50,200.00,186.50,193.15,2001
538646,20231009,48.05,48.90,46.21,47.34,6752
538667,20231009,7.05,7.05,7.05,7.05,10000
538668,20231009,189.05,209.85,189.05,195.85,7828
538674,20231009,4.03,4.03,3.76,3.76,1375
538683,20231009,739.98,739.98,725.00,731.23,1925
538706,20231009,19.78,19.78,18.01,18.70,892233
538707,20231009,34.05,36.10,34.05,35.98,964
538708,20231009,8.60,8.60,8.32,8.50,3299
538713,20231009,41.00,42.00,39.00,41.93,66841
538714,20231009,66.95,66.95,60.62,61.41,510
538715,20231009,336.80,338.50,326.15,335.10,3955
538732,20231009,69.99,70.00,65.95,69.85,9566
538733,20231009,5.13,5.13,5.13,5.13,219
538734,20231009,281.00,285.00,256.65,269.70,122843
538743,20231009,13.46,13.46,13.46,13.46,500
538765,20231009,3.49,3.60,3.49,3.60,30000
538770,20231009,20.51,20.53,20.51,20.51,15283
538772,20231009,73.90,74.80,71.00,73.95,140438
538778,20231009,18.01,19.89,18.01,18.60,175549
538787,20231009,5.10,6.00,5.10,5.74,21534
538788,20231009,13.50,13.52,12.75,13.15,7992
538795,20231009,289.90,289.90,281.25,283.95,822
538812,20231009,10.10,10.15,9.81,9.94,20785
538817,20231009,24.50,24.50,22.98,23.16,373643
538833,20231009,12.11,13.28,10.96,11.27,7039
538834,20231009,19.82,19.82,19.02,19.75,1356
538837,20231009,57.68,59.45,55.01,55.58,6071
538838,20231009,38.90,38.90,38.90,38.90,1
538860,20231009,1.03,1.09,1.03,1.04,143884
538868,20231009,5.05,5.19,5.05,5.11,24694
538874,20231009,11.95,11.95,11.50,11.50,1396
538875,20231009,10.80,10.80,9.99,9.99,8850
538881,20231009,12.85,12.85,12.25,12.25,41
538882,20231009,18.39,19.14,18.31,18.79,15455
538890,20231009,112.00,112.00,107.00,108.60,33590
538891,20231009,452.00,454.35,445.05,446.65,226868
538894,20231009,17.99,17.99,17.99,17.99,5
538895,20231009,23.98,26.40,23.98,26.40,103
538896,20231009,420.80,421.90,412.00,412.85,5669
538902,20231009,220.25,222.95,218.00,218.40,703
538918,20231009,13.61,13.61,12.35,13.56,1492
538920,20231009,26.41,27.18,26.00,27.18,73347
538922,20231009,34.50,34.50,32.65,33.20,6470
538923,20231009,62.05,64.99,58.25,64.80,2657
538928,20231009,2.04,2.08,1.92,2.03,126463
538935,20231009,22.00,22.00,22.00,22.00,1
538942,20231009,22.88,22.88,22.03,22.68,4446
538943,20231009,96.45,96.45,83.00,88.11,1530
538952,20231009,2.06,2.06,1.92,1.96,8981
538963,20231009,1.40,1.40,1.40,1.40,651
538964,20231009,804.95,804.95,780.00,782.10,65
538965,20231009,34.11,34.11,32.08,33.73,3522
538970,20231009,39.69,42.45,38.15,41.58,3220999
538975,20231009,0.41,0.41,0.39,0.39,762296
538987,20231009,818.00,818.00,810.00,810.00,1331
539005,20231009,19.40,19.40,18.44,18.44,5
539006,20231009,5440.00,5475.05,5380.00,5400.60,193
539011,20231009,130.20,137.00,130.20,134.90,1157
539012,20231009,98.44,98.44,90.25,91.11,146
539013,20231009,118.05,120.20,114.05,116.10,4154
539015,20231009,0.98,1.00,0.98,1.00,110
539016,20231009,10.04,10.05,10.04,10.04,18841
539017,20231009,59.47,59.95,57.82,58.03,106122
539018,20231009,730.00,745.00,675.00,733.75,9347
539032,20231009,6.29,6.29,5.51,5.99,11344
539040,20231009,36.90,37.45,35.70,36.32,12685
539041,20231009,85.30,85.30,79.30,85.30,710000
539042,20231009,600.00,650.00,572.00,584.90,632
539044,20231009,47.35,47.35,43.00,44.23,5834
539045,20231009,26.31,26.46,25.71,25.87,5353
539046,20231009,25.71,25.71,24.10,25.02,6570
539090,20231009,36.01,36.01,32.59,36.00,2550
539096,20231009,10.94,10.94,10.45,10.90,652
539097,20231009,11.68,12.00,11.45,11.55,37363
539098,20231009,45.00,45.00,43.60,43.60,6000
539111,20231009,14.69,15.85,14.00,15.45,1415
539112,20231009,120.00,120.00,120.00,120.00,5
539113,20231009,1860.00,1901.00,1851.10,1896.15,527
539115,20231009,80.69,80.69,80.69,80.69,2579
539117,20231009,19.70,19.70,18.55,19.69,711
539120,20231009,24.20,24.20,24.20,24.20,99
539121,20231009,60.00,60.00,56.00,57.20,2017
539122,20231009,5.75,6.30,5.70,6.00,9412
539123,20231009,5.56,5.56,5.56,5.56,8106
539124,20231009,42.85,42.85,40.50,40.50,8401
539132,20231009,36.12,38.20,35.30,35.90,46666
539143,20231009,7.62,7.64,7.30,7.49,46216
539149,20231009,4.19,4.19,3.90,3.91,1831
539151,20231009,41.09,41.09,38.60,38.90,16767
539175,20231009,8.14,8.14,7.98,7.98,185
539176,20231009,97.85,104.50,97.85,97.85,538
539177,20231009,575.00,608.00,570.00,583.90,47608
539190,20231009,13.96,14.86,13.55,13.89,4200
539195,20231009,193.50,195.00,185.90,191.95,9708
539196,20231009,86.00,86.30,82.20,82.56,21198
539198,20231009,92.97,92.97,92.97,92.97,702
539199,20231009,548.80,551.90,526.00,535.00,47753
539206,20231009,23.50,23.50,23.50,23.50,3154
539216,20231009,4.47,4.59,4.41,4.50,21041
539217,20231009,1.24,1.30,1.22,1.30,300572
539218,20231009,81.00,81.00,71.10,76.00,328
539219,20231009,12.07,12.07,10.93,11.22,110582
539220,20231009,31.00,32.81,30.63,31.15,8334
539222,20231009,207.00,207.00,202.00,203.50,26350
539223,20231009,4.10,4.10,3.90,3.99,13042
539224,20231009,120.40,120.40,120.40,120.40,3739
539226,20231009,117.95,117.95,117.95,117.95,20197
539227,20231009,132.10,137.65,131.55,132.70,4766
539228,20231009,4.79,4.79,4.79,4.79,118031
539252,20231009,20.20,20.28,19.59,19.73,71378
539254,20231009,793.00,804.45,774.05,779.30,134794
539255,20231009,380.00,389.20,371.10,378.95,2012
539266,20231009,2.76,2.76,2.76,2.76,906
539267,20231009,17.00,18.00,16.53,17.13,4137
539275,20231009,224.00,224.00,202.05,206.65,8563
539277,20231009,0.61,0.67,0.61,0.67,10968995
539278,20231009,2.82,2.88,2.72,2.76,56383
539287,20231009,19.40,20.88,19.40,20.88,18625
539288,20231009,13.10,13.10,12.71,13.04,5769
539290,20231009,27.20,28.62,26.27,27.06,99799
539291,20231009,12.90,12.94,12.30,12.30,33156
539300,20231009,119.10,127.00,119.10,122.60,2584
539304,20231009,58.90,59.38,56.71,57.13,6386
539310,20231009,79.08,80.00,76.06,78.56,839236
539314,20231009,255.00,255.00,248.00,252.50,3901
539337,20231009,437.50,437.50,402.00,437.50,90300
539353,20231009,430.00,430.00,411.00,420.15,553
539354,20231009,49.18,49.18,48.49,48.49,401
539383,20231009,8.76,8.76,8.35,8.35,6
539384,20231009,18.05,18.05,18.05,18.05,100
539391,20231009,22.01,24.28,22.01,24.28,4808
539398,20231009,212.00,212.00,202.85,205.45,5275
539399,20231009,152.00,156.45,147.10,152.20,2675
539402,20231009,19.09,19.89,18.02,18.94,115995
539405,20231009,15.55,16.60,15.55,16.43,11086
539408,20231009,6.43,6.43,6.43,6.43,1022
539409,20231009,14.19,14.19,14.00,14.18,292
539428,20231009,32.43,32.43,30.46,31.34,70186
539435,20231009,10.56,10.56,10.56,10.56,10
539455,20231009,30.58,30.58,30.58,30.58,36123
539469,20231009,253.80,266.00,245.25,263.35,1867
539470,20231009,0.81,0.82,0.78,0.80,3904437
539479,20231009,344.00,353.85,336.00,338.60,446
539486,20231009,2.01,2.01,2.01,2.01,2281
539492,20231009,29.25,29.25,27.79,27.84,11320
539494,20231009,8.00,8.00,7.50,7.60,15432
539495,20231009,44.00,44.00,44.00,44.00,9
539506,20231009,1.57,1.57,1.49,1.55,50159
539515,20231009,176.95,176.95,169.00,170.00,23426
539516,20231009,219.00,219.00,212.71,213.60,2183
539517,20231009,729.90,730.00,721.00,721.57,499
539518,20231009,123.25,126.00,120.25,122.50,5502
539519,20231009,12.95,13.76,12.55,12.65,6392
539526,20231009,0.98,0.98,0.98,0.98,270889
539528,20231009,28.50,28.50,27.00,27.50,364
539545,20231009,20.09,21.09,20.09,21.09,25
539546,20231009,65.20,65.20,55.00,56.46,385596
539552,20231009,58.44,58.44,57.30,58.44,282
539559,20231009,5.82,5.82,5.60,5.75,116155
539561,20231009,611.20,612.00,580.65,582.20,10746
539562,20231009,30.00,30.60,29.00,29.35,38716
539574,20231009,41.17,41.17,41.17,41.17,7675
539584,20231009,0.88,0.92,0.87,0.88,114603
539593,20231009,4.48,4.48,4.26,4.47,917
539594,20231009,12.87,13.15,12.65,12.89,5278588
539596,20231009,17.49,17.49,17.48,17.48,6303
539598,20231009,140.10,145.00,140.00,141.25,7445
539599,20231009,14.21,14.21,14.20,14.20,390
539607,20231009,77.96,80.25,76.44,80.25,27976
539620,20231009,30.49,32.00,30.30,30.75,37709
539621,20231009,1.03,1.05,1.02,1.03,290819
539659,20231009,70.77,74.39,69.00,70.61,5301
539661,20231009,59.80,59.80,54.15,56.93,1367
539662,20231009,13.11,15.25,13.11,14.46,9888
539673,20231009,1.53,1.63,1.52,1.61,19259
539679,20231009,15.56,15.56,14.82,15.56,785
539681,20231009,25.87,25.87,25.87,25.87,1
539686,20231009,561.90,589.00,561.90,569.05,105536
539692,20231009,21.20,21.20,20.89,20.89,511
539697,20231009,20.92,20.92,20.90,20.90,3125
539724,20231009,8.60,8.67,8.40,8.52,866
539730,20231009,940.00,940.00,891.00,891.55,2747
539760,20231009,97.49,97.49,90.02,94.85,4499
539761,20231009,122.00,122.00,116.50,117.55,335
539767,20231009,12.94,13.08,12.34,13.00,25440
539770,20231009,3.55,3.55,3.55,3.55,250
539773,20231009,2.46,2.46,2.40,2.46,1754581
539788,20231009,45.80,45.80,45.80,45.80,7200
539798,20231009,5.62,6.18,5.62,6.15,1084
539800,20231009,5.31,5.60,5.10,5.15,4383
539814,20231009,96.62,96.62,96.62,96.62,1050
539834,20231009,19.55,22.99,19.55,20.56,3208
539835,20231009,1.49,1.49,1.49,1.49,302
539837,20231009,657.00,670.00,630.00,657.05,165634
539839,20231009,8.00,9.48,7.26,9.48,16000
539843,20231009,336.10,376.85,336.10,353.70,3651
539854,20231009,324.00,324.00,291.25,300.90,369
539861,20231009,4.18,4.29,4.06,4.21,16557
539875,20231009,85.00,85.00,85.00,85.00,1
539884,20231009,3.00,3.48,2.85,2.92,86311
539894,20231009,6.91,6.91,6.91,6.91,649367
539910,20231009,2.08,2.08,2.00,2.00,5175
539911,20231009,16.60,16.60,16.60,16.60,1
539917,20231009,8.31,8.60,8.22,8.55,325183
539921,20231009,64.05,75.99,63.70,66.51,6513
539922,20231009,35.28,35.28,35.28,35.28,100
539938,20231009,83.40,83.40,80.00,83.14,16538
539939,20231009,63.75,67.00,60.00,64.79,48901
539946,20231009,31.50,31.50,31.50,31.50,109
539947,20231009,33.27,34.99,33.27,33.30,673
539956,20231009,2122.00,2160.00,2060.00,2075.15,1515
539963,20231009,7.60,7.88,7.45,7.56,134968
539979,20231009,82.05,82.05,81.92,81.92,2153
539982,20231009,5.14,5.39,5.14,5.39,13806
539984,20231009,2600.00,2600.00,2201.00,2238.05,44
539986,20231009,54.49,55.99,53.60,54.05,12072
539991,20231009,121.10,131.95,121.10,123.80,3575
539992,20231009,42.81,45.89,42.50,44.74,555636
539997,20231009,330.00,345.00,330.00,338.30,25557
540005,20231009,5200.55,5232.00,5175.00,5205.00,5602
540006,20231009,4.98,5.50,4.92,5.02,238109
540023,20231009,4.20,4.30,4.00,4.15,42514
540026,20231009,7.54,7.56,7.20,7.56,3512
540062,20231009,75.91,75.91,75.91,75.91,5
540063,20231009,7.00,7.01,6.36,6.37,11832
540064,20231009,3.13,3.18,3.05,3.09,160187
540072,20231009,8.33,8.33,8.33,8.33,50000
540078,20231009,173.20,175.00,171.00,173.40,5756
540079,20231009,186.70,186.70,179.25,179.85,3407
540080,20231009,149.70,149.70,138.00,142.80,29681
540081,20231009,4.93,4.93,4.93,4.93,1
540082,20231009,45.60,45.60,45.60,45.60,3000
540097,20231009,104.10,109.00,101.10,102.60,7186
540108,20231009,3.60,4.20,3.15,4.20,15655
540134,20231009,3.44,3.50,3.44,3.50,2039
540135,20231009,0.75,0.75,0.72,0.73,1303607
540143,20231009,137.00,143.00,126.60,140.25,6656
540144,20231009,30.00,31.75,30.00,31.70,10000
540146,20231009,75.98,75.98,67.00,68.06,16000
540147,20231009,39.70,40.39,37.06,38.41,77841
540159,20231009,3.08,3.08,3.07,3.07,3370
540168,20231009,24.60,29.00,24.02,25.25,54276
540174,20231009,15.69,15.69,14.95,15.10,2597
540175,20231009,10.24,10.24,9.78,10.14,23919
540181,20231009,39.76,40.75,38.30,39.75,226
540190,20231009,47.00,47.35,47.00,47.30,4323
540192,20231009,13.00,13.00,12.15,12.22,70835
540198,20231009,32.49,34.80,32.00,32.05,5817
540204,20231009,57.10,58.50,55.16,57.90,23191
540205,20231009,2580.00,2586.70,2432.65,2583.15,6087
540243,20231009,19.80,19.80,17.00,18.75,1680
540252,20231009,9.15,9.15,8.41,8.75,388664
540254,20231009,17.97,17.97,17.97,17.97,1575
540259,20231009,6.52,6.79,6.34,6.34,13387
540266,20231009,30.00,30.00,27.55,27.55,227
540358,20231009,700.00,723.30,683.00,704.75,15500
540359,20231009,30.44,30.44,30.00,30.42,73
540360,20231009,2.66,3.04,2.66,3.04,726447
540361,20231009,8.46,8.46,8.46,8.46,51352
540377,20231009,14.40,16.00,13.95,14.53,3220191
540385,20231009,6.63,6.63,6.63,6.63,3152
540386,20231009,0.56,0.56,0.55,0.55,65794
540395,20231009,290.00,317.85,290.00,308.75,19950
540396,20231009,135.00,135.00,135.00,135.00,1
540401,20231009,18.32,19.30,18.00,18.26,411441
540404,20231009,268.00,268.00,260.50,260.50,3000
540481,20231009,14.90,15.17,14.90,15.17,87
540492,20231009,107.60,107.60,103.55,106.80,36084
540515,20231009,5.07,5.07,5.07,5.07,672
540519,20231009,39.70,40.50,38.05,38.10,3060
540526,20231009,70.94,70.94,70.25,70.39,24880
540545,20231009,12.70,13.39,12.50,12.62,13643
540550,20231009,110.00,110.00,101.75,101.75,9200
540565,20231009,135.50,136.78,135.15,135.25,7115
540570,20231009,13.65,14.25,13.35,13.76,551389
540590,20231009,162.00,171.00,155.00,155.00,2009
540597,20231009,8.50,8.50,8.50,8.50,142
540614,20231009,1.25,1.26,1.19,1.21,6846648
540648,20231009,106.10,109.90,106.10,107.60,328
540650,20231009,680.00,695.00,656.05,661.05,2389
540651,20231009,45.00,45.00,44.00,44.50,8000
540652,20231009,120.00,121.00,110.00,110.00,6000
540653,20231009,1.28,1.28,1.28,1.28,32084
540681,20231009,25.60,27.00,25.60,27.00,20000
540686,20231009,179.00,180.05,170.00,172.80,12742
540693,20231009,117.15,124.90,117.15,122.15,11373
540694,20231009,74.48,74.48,70.50,70.67,6416
540695,20231009,16.25,16.25,16.25,16.25,600
540696,20231009,14.78,16.31,14.78,14.82,1330967
540703,20231009,6.54,6.54,6.54,6.54,1777
540709,20231009,2.05,2.15,2.05,2.05,1086340
540717,20231009,46.70,47.90,45.51,45.69,5696
540725,20231009,1389.95,1389.95,1359.80,1368.55,6876
540726,20231009,67.04,69.75,64.15,68.58,7278
540727,20231009,35.01,35.01,31.60,32.04,178074
540728,20231009,195.15,195.15,195.15,195.15,15
540730,20231009,17.00,18.30,16.95,17.36,32037
540737,20231009,495.00,495.00,475.15,484.20,7565
540738,20231009,64.00,64.80,63.50,63.54,62034
540782,20231009,21.94,21.94,20.90,20.90,2000
540786,20231009,6.57,6.57,6.31,6.34,14587
540788,20231009,34.38,37.00,33.62,36.48,1932
540796,20231009,119.00,119.00,119.00,119.00,500
540809,20231009,14.78,16.10,14.78,15.43,38609
540811,20231009,20.50,22.56,20.50,22.56,30000
540821,20231009,4.41,4.41,4.06,4.27,149608
540823,20231009,15.69,15.69,14.46,14.55,5589
540829,20231009,5.88,5.88,5.88,5.88,1112
540874,20231009,31.00,31.00,28.00,29.11,23027
540904,20231009,80.00,80.00,80.00,80.00,88
540914,20231009,11.46,11.46,10.91,11.00,85098
540923,20231009,18.50,19.47,18.30,18.57,4921
540936,20231009,12.44,12.50,11.75,11.94,56381
540952,20231009,232.55,232.55,232.55,232.55,41
540953,20231009,8.47,8.50,8.12,8.32,140557
540954,20231009,35.23,35.99,34.50,34.68,8926
540955,20231009,13.00,13.47,12.00,12.25,51474
540956,20231009,23.34,24.39,22.18,23.59,207821
540980,20231009,17273.00,17273.00,17265.00,17265.00,3
541005,20231009,86.54,86.54,79.00,79.76,3546
541083,20231009,650.00,650.00,635.00,640.05,3750
541096,20231009,542.00,569.00,536.75,564.00,1009
541144,20231009,66.50,72.90,66.32,69.90,18287
541167,20231009,1755.00,1815.00,1752.30,1802.10,4610
541178,20231009,13.35,13.35,13.08,13.20,12000
541228,20231009,511.10,519.95,508.50,508.50,8000
541299,20231009,29.90,29.90,28.00,28.27,28000
541304,20231009,213.65,213.65,213.60,213.60,3000
541337,20231009,5.30,5.32,5.30,5.31,12000
541338,20231009,48.99,48.99,46.76,48.95,269
541347,20231009,11.78,12.26,11.78,12.26,125643
541353,20231009,198.25,222.00,198.25,215.00,16000
541402,20231009,675.00,675.00,641.45,646.65,21600
541444,20231009,17.75,18.49,16.26,16.76,46263
541445,20231009,82.09,82.50,79.00,81.13,22400
541601,20231009,12.00,12.00,11.36,11.50,2468073
541627,20231009,1.91,2.04,1.91,2.04,8097
541634,20231009,46.96,51.95,46.80,47.82,11540
541702,20231009,18.51,19.41,18.51,19.29,588054
541703,20231009,20.62,22.25,20.42,22.25,9600
541735,20231009,4.80,4.91,4.47,4.57,767637
541741,20231009,27.50,27.95,26.59,27.59,228
541771,20231009,2.34,2.34,2.23,2.31,22014
541778,20231009,89.00,93.50,89.00,92.37,22012
541865,20231009,39.00,39.85,37.50,37.96,327802
541890,20231009,1.66,1.66,1.66,1.66,43053
541967,20231009,408.95,417.15,376.00,414.35,151724
541973,20231009,33.80,41.00,33.80,37.40,7500
542012,20231009,375.00,375.00,357.10,362.55,17172
542013,20231009,120.45,122.65,119.00,119.50,567
542019,20231009,19.00,19.44,18.50,18.90,15581
542020,20231009,13.48,13.72,12.42,13.50,144739
542025,20231009,0.60,0.61,0.60,0.60,144000
542034,20231009,20.54,20.54,20.54,20.54,12607
542046,20231009,60.00,60.00,54.45,58.77,262
542057,20231009,63.00,65.97,61.05,61.58,56672
542123,20231009,120.50,139.95,120.50,139.95,25
542131,20231009,203.50,206.72,203.50,206.01,2514
542145,20231009,35.25,35.25,35.25,35.25,1800
542155,20231009,3.20,3.36,3.20,3.36,20000
542176,20231009,24.49,24.49,24.49,24.49,240
542206,20231009,2.73,2.84,2.60,2.70,11537
542232,20231009,106.00,108.95,104.00,104.25,46581
542248,20231009,31.06,34.49,31.06,32.26,9361
542337,20231009,68.39,68.89,66.60,66.99,8585
542351,20231009,750.00,750.00,720.00,721.95,4258
542446,20231009,19.50,19.86,18.07,19.86,377140
542459,20231009,85.16,87.96,81.70,85.53,7640
542579,20231009,10.72,10.72,10.50,10.54,753640
542580,20231009,168.85,173.00,166.05,166.50,3101
542597,20231009,424.75,424.75,410.50,413.90,10020
542627,20231009,16.26,16.64,15.50,16.00,1704
542628,20231009,372.00,372.00,372.00,372.00,1000
542654,20231009,44.00,44.00,43.00,43.00,8000
542666,20231009,11.31,11.59,11.31,11.46,20360
542667,20231009,6.39,6.39,6.38,6.39,19190
542669,20231009,42.00,44.70,40.59,42.10,744545
542670,20231009,17.34,17.34,16.45,16.64,85100
542677,20231009,10.27,10.27,9.78,9.78,116
542678,20231009,20.80,20.80,19.55,19.55,10000
542679,20231009,38.90,38.90,38.90,38.90,87
542682,20231009,45.99,46.00,43.20,46.00,2878
542694,20231009,170.00,170.10,170.00,170.10,101
542721,20231009,41.20,41.95,38.25,40.30,5517
542724,20231009,0.99,1.01,0.95,0.96,2037314
542747,20231009,59.98,59.98,57.50,58.11,6459
542753,20231009,2.93,2.93,2.88,2.88,3706942
542770,20231009,46.94,47.87,46.94,47.87,15501
542772,20231009,506.00,517.00,501.90,514.10,4429
542774,20231009,84.76,86.40,80.70,84.00,115337
542802,20231009,5.70,5.70,5.39,5.48,998679
542803,20231009,17.10,18.00,16.97,17.01,7975
542842,20231009,87.99,87.99,87.99,87.99,23
542850,20231009,52.10,52.10,52.10,52.10,2000
542851,20231009,2034.95,2185.45,1995.00,2116.60,21471
542862,20231009,13.14,13.14,12.71,12.76,15175
542865,20231009,16.61,16.61,16.61,16.61,23556
542866,20231009,44.85,49.00,39.16,45.33,36003
542906,20231009,47.50,47.50,47.50,47.50,20000
542911,20231009,285.00,285.00,275.50,275.50,17
542918,20231009,21.21,22.00,20.61,21.68,24047
542922,20231009,444.60,475.00,444.60,456.69,96
542924,20231009,4.01,4.43,4.00,4.26,108500
542938,20231009,41.31,41.38,38.66,41.38,8255
543171,20231009,3.91,4.25,3.80,3.85,679854
543193,20231009,148.25,151.95,146.75,148.45,394
543207,20231009,9.57,9.57,9.00,9.20,21649
543208,20231009,103.00,103.67,93.82,103.67,231
543211,20231009,43.49,43.49,42.50,43.49,16806
543218,20231009,380.00,388.70,371.80,377.05,6992
543223,20231009,142.00,142.25,137.00,137.50,3236
543224,20231009,444.19,450.05,444.19,446.63,445
543229,20231009,353.85,353.85,285.05,353.85,195
543230,20231009,416.00,416.00,390.30,394.60,19553
543231,20231009,76.04,76.04,76.00,76.04,1000
543236,20231009,181.85,181.85,175.35,177.40,7160
543239,20231009,175.00,175.00,175.00,175.00,1400
543241,20231009,120.00,120.00,120.00,120.00,2200
543244,20231009,74.00,74.00,74.00,74.00,2000
543246,20231009,30.70,32.48,30.70,32.17,1629
543256,20231009,25.00,25.00,24.00,24.89,20957
543262,20231009,143.00,143.00,135.00,139.35,20000
543267,20231009,101.91,102.99,97.15,99.31,1726
543273,20231009,1497.90,1525.00,1480.00,1485.00,4500
543274,20231009,7.25,7.49,7.15,7.48,13050
543282,20231009,384.65,384.65,384.65,384.65,1200
543284,20231009,440.70,444.90,432.00,437.65,86703
543286,20231009,22.60,22.79,22.60,22.79,18000
543290,20231009,101.50,101.50,100.00,101.18,322465
543305,20231009,12.40,12.40,12.10,12.10,36000
543319,20231009,10.70,11.30,10.00,11.17,136000
543323,20231009,19.90,20.05,19.85,19.90,20544
543324,20231009,191.00,194.00,191.00,191.00,8100
543332,20231009,986.00,986.00,898.00,979.45,2711
543341,20231009,5.90,5.90,5.37,5.66,13238
543346,20231009,61.95,61.95,59.10,59.10,8000
543363,20231009,457.50,457.50,445.00,453.00,6000
543364,20231009,145.00,145.00,137.00,141.05,48800
543366,20231009,71.10,71.20,71.10,71.20,2400
543372,20231009,197.00,197.00,197.00,197.00,2000
543373,20231009,212.00,212.00,199.00,200.00,12000
543377,20231009,12.70,14.01,12.50,12.60,70000
543378,20231009,600.00,649.90,600.00,618.45,2000
543391,20231009,83.40,88.68,83.40,88.68,12000
543400,20231009,8.00,8.00,8.00,8.00,4000
543436,20231009,137.50,137.50,137.50,137.50,800
543439,20231009,42.14,42.14,38.14,38.14,146000
543449,20231009,281.95,281.95,265.50,275.40,282
543452,20231009,72.50,73.00,70.26,71.53,71645
543453,20231009,117.00,117.25,115.00,115.00,7500
543454,20231009,97.07,97.61,96.87,97.10,548
543461,20231009,13.25,14.05,12.40,13.90,130000
543464,20231009,171.20,200.00,171.20,195.00,4000
543481,20231009,14.97,15.10,14.88,14.91,69283
543482,20231009,500.10,503.95,487.90,493.25,67777
543497,20231009,51.01,52.00,51.01,51.99,6400
543499,20231009,56.00,57.00,56.00,57.00,76500
543500,20231009,13.60,13.60,13.60,13.60,4000
543515,20231009,104.00,104.50,103.90,103.90,6000
543516,20231009,177.80,177.80,171.50,171.50,9000
543521,20231009,4.08,4.08,4.08,4.08,10000
543531,20231009,131.20,137.65,130.95,131.10,5650
543536,20231009,7.80,7.80,7.80,7.80,8000
543537,20231009,80.50,80.50,80.50,80.50,2000
543538,20231009,152.05,152.05,140.80,140.80,4000
543539,20231009,169.00,170.00,168.00,170.00,7200
543540,20231009,317.00,317.00,314.40,314.40,1200
543542,20231009,473.30,473.30,473.30,473.30,800
543543,20231009,123.50,123.50,123.50,123.50,800
543545,20231009,2.40,2.40,2.28,2.28,200400
543546,20231009,4.50,4.53,4.40,4.40,180000
543547,20231009,206.50,206.50,195.20,200.25,57711
543576,20231009,72.00,72.00,62.04,62.06,3182
543578,20231009,164.00,186.00,164.00,185.00,18000
543579,20231009,14.80,15.00,13.90,14.65,36000
543590,20231009,9.40,9.40,8.75,9.00,97500
543594,20231009,14.99,14.99,14.50,14.74,15000
543595,20231009,184.00,190.00,184.00,188.00,2000
543597,20231009,234.30,237.90,217.00,230.40,59000
543605,20231009,44.63,44.63,44.63,44.63,4
543606,20231009,80.85,80.85,80.85,80.85,2000
543615,20231009,159.90,168.00,159.90,162.00,4800
543616,20231009,190.00,192.00,190.00,192.00,3600
543617,20231009,54.30,56.55,51.30,53.01,30000
543618,20231009,82.00,84.00,82.00,84.00,6000
543619,20231009,557.35,601.00,557.00,590.00,5000
543620,20231009,401.10,433.00,401.10,421.30,47000
543621,20231009,45.00,48.99,45.00,48.99,12000
543622,20231009,155.95,155.95,152.00,152.00,3600
543637,20231009,20.05,20.75,19.86,20.75,24000
543656,20231009,92.00,96.89,92.00,94.41,10000
543678,20231009,27.00,28.90,27.00,28.11,24000
543687,20231009,225.50,238.45,225.50,233.20,57027
543689,20231009,569.00,572.65,562.05,564.40,15568
543709,20231009,260.90,260.90,260.10,260.10,4000
543710,20231009,72.80,72.80,63.00,63.39,3150
543711,20231009,460.10,466.80,458.70,464.15,35052
543712,20231009,354.90,354.90,346.00,347.25,46783
543713,20231009,177.70,177.70,172.00,172.60,38000
543714,20231009,775.05,798.35,765.10,778.55,14419
543715,20231009,10.58,10.59,10.00,10.57,56848
543720,20231009,450.05,461.35,449.90,455.95,12817
543725,20231009,182.05,185.00,175.40,177.85,72052
543732,20231009,93.09,95.27,91.58,93.62,146132
543737,20231009,509.85,509.85,499.90,501.00,590
543738,20231009,44.34,44.38,44.21,44.21,12
543743,20231009,94.00,95.75,91.00,91.80,14583
543744,20231009,100.00,105.25,100.00,105.25,2000
543745,20231009,8.51,8.51,7.83,7.83,12000
543746,20231009,601.10,601.10,601.10,601.10,600
543747,20231009,150.60,153.95,147.55,153.95,6144
543748,20231009,407.00,425.00,407.00,416.30,20057
543753,20231009,29.88,29.88,29.88,29.88,6000
543765,20231009,53.30,55.95,53.00,55.72,45000
543766,20231009,37.45,38.85,34.13,38.00,2308
543768,20231009,50.10,51.84,50.10,51.61,420107
543774,20231009,27.21,27.94,27.21,27.69,263
543775,20231009,122.98,123.29,120.72,121.09,29264
543776,20231009,149.10,149.47,148.63,149.41,376
543781,20231009,59.04,59.04,57.30,57.73,12990
543782,20231009,490.25,510.00,482.05,486.00,10200
543787,20231009,314.00,319.00,310.00,315.00,8400
543798,20231009,9.11,9.11,8.41,8.80,28000
543799,20231009,53.77,53.77,53.77,53.77,30000
543804,20231009,12.00,13.70,12.00,13.70,18000
543805,20231009,80.00,80.00,74.00,74.50,66000
543806,20231009,49.30,49.30,45.93,46.50,20000
543811,20231009,24.00,24.00,23.22,23.23,40491
543812,20231009,1026.05,1056.95,1026.00,1034.05,6460
543819,20231009,51.75,51.95,50.70,50.82,10243
543828,20231009,81.00,81.50,79.00,81.00,9600
543829,20231009,200.65,212.00,198.45,204.95,126884
543831,20231009,451.00,451.00,432.55,432.55,25000
543848,20231009,58.00,59.00,58.00,59.00,16000
543853,20231009,65.23,66.00,65.23,65.81,303
543858,20231009,146.95,149.16,146.95,149.16,2
543860,20231009,45.55,45.55,45.55,45.55,1
543861,20231009,37.64,37.64,35.80,36.35,105706
543874,20231009,107.30,107.40,97.00,99.35,72000
543895,20231009,273.95,273.95,268.20,268.30,22000
543896,20231009,560.00,562.70,551.00,554.10,8693
543898,20231009,162.40,162.40,155.00,155.50,13058
543900,20231009,71.92,73.34,70.10,71.24,11577
543901,20231009,105.05,106.45,105.05,106.10,1370
543902,20231009,66.90,66.90,66.90,66.90,4000
543903,20231009,57.24,57.90,56.97,57.80,3326
543904,20231009,1751.00,1800.00,1751.00,1770.50,2131
543905,20231009,118.00,124.40,118.00,119.10,16000
543910,20231009,284.40,286.90,276.15,285.15,278
543911,20231009,79.90,79.90,75.00,75.04,6917
543912,20231009,42.02,42.02,41.00,41.04,2888
543913,20231009,130.00,130.10,121.20,127.98,11482
543915,20231009,455.00,465.00,411.00,419.80,1175
543916,20231009,196.00,197.20,191.70,193.25,16000
543917,20231009,451.00,451.00,433.50,445.75,3749
543918,20231009,77.43,79.05,77.43,77.76,11511
543919,20231009,870.00,891.40,844.20,853.45,4178
543920,20231009,383.00,404.00,383.00,399.85,16000
543921,20231009,144.00,147.00,144.00,147.00,4000
543922,20231009,69.60,72.00,68.10,69.13,1356
543923,20231009,345.00,353.00,344.20,345.95,55826
543926,20231009,57.75,60.50,57.75,58.30,16800
543927,20231009,48.47,48.47,48.47,48.47,395
543928,20231009,244.10,247.30,239.20,240.65,15200
543929,20231009,716.00,727.30,690.30,709.20,5382
543930,20231009,259.55,259.55,241.35,243.80,1071
543931,20231009,229.15,235.00,225.00,227.00,38400
543932,20231009,823.55,831.10,780.00,785.45,76401
543933,20231009,650.00,680.00,650.00,668.45,35681
543934,20231009,63.19,63.19,63.19,63.19,1000
543935,20231009,32.15,32.64,32.15,32.27,4122
543936,20231009,635.05,645.00,602.10,607.00,64229
543937,20231009,254.75,254.75,222.10,254.75,94800
543938,20231009,217.95,218.00,217.95,218.00,3200
543939,20231009,178.00,181.50,178.00,178.00,12000
543940,20231009,222.10,222.60,218.80,219.70,1821298
543941,20231009,300.00,300.00,300.00,300.00,800
543942,20231009,56.51,57.30,53.25,54.14,811765
543943,20231009,107.00,110.00,106.80,110.00,34000
543944,20231009,501.00,501.00,440.38,440.45,43
543945,20231009,802.00,814.45,793.05,812.25,9461
543948,20231009,51.94,51.94,50.33,51.72,231
543949,20231009,22.78,22.95,22.78,22.95,447
543950,20231009,371.00,407.95,371.00,393.00,107577
543951,20231009,30.00,30.00,30.00,30.00,3000
543952,20231009,436.95,436.95,421.30,423.25,7613
543953,20231009,204.00,206.00,202.00,204.55,26000
543954,20231009,38.49,39.65,36.75,37.13,345382
543955,20231009,41.21,42.20,40.86,41.25,34532
543957,20231009,460.05,484.75,460.05,469.00,39984
543958,20231009,32.54,32.97,32.20,32.50,42402
543959,20231009,84.26,85.54,82.30,83.32,54155
543960,20231009,1097.90,1190.00,1089.05,1145.20,11900
543962,20231009,655.00,667.70,644.45,664.05,2851
543963,20231009,38.01,40.00,38.01,38.75,36000
543965,20231009,212.05,214.20,210.10,210.75,116573
543969,20231009,170.00,183.35,167.45,176.20,81064
543970,20231009,51.50,51.50,51.50,51.50,3000
543971,20231009,177.00,178.40,169.00,174.80,179200
543972,20231009,141.00,144.95,141.00,142.65,99390
543974,20231009,168.10,178.00,166.75,174.35,312983
543975,20231009,149.44,149.44,148.31,148.31,4
543976,20231009,32.80,32.96,30.22,31.94,15424
543977,20231009,523.25,542.00,508.45,527.50,76309
543978,20231009,114.20,117.25,113.70,114.00,69039
543979,20231009,110.00,110.00,105.50,105.60,14400
543980,20231009,1120.00,1142.40,1066.85,1080.65,16825
543981,20231009,1488.00,1505.00,1433.00,1442.20,35967
543982,20231009,206.15,210.20,196.40,199.95,75600
543983,20231009,320.00,332.90,307.80,312.00,227274
543984,20231009,163.80,165.75,153.55,155.25,120650
543985,20231009,210.00,225.00,208.00,209.90,157141
543986,20231009,124.85,137.25,124.85,133.30,999
543987,20231009,196.14,196.14,194.57,194.57,13
543988,20231009,2271.70,2385.00,2216.00,2239.95,1215
543989,20231009,220.05,243.00,220.05,235.50,173059
543990,20231009,475.05,493.05,472.50,482.05,20249
543991,20231009,126.70,128.35,116.15,128.00,148800
543992,20231009,135.40,138.50,132.60,137.50,89387
543994,20231009,168.00,169.00,161.15,162.95,1117710
543995,20231009,218.35,244.00,212.75,237.50,349761
543996,20231009,279.70,283.00,276.15,282.15,8764
543997,20231009,226.10,237.00,226.10,237.00,125400
543998,20231009,170.50,172.50,162.00,167.60,177761
543999,20231009,66.00,66.00,65.02,65.02,97
570001,20231009,416.75,416.75,408.30,409.35,87639
570004,20231009,34.00,34.00,32.20,32.81,12005
570005,20231009,9.65,10.00,9.50,9.66,5146
590003,20231009,131.00,134.00,125.20,129.45,1335279
590005,20231009,1164.90,1178.00,1155.95,1172.10,1676
590013,20231009,1085.00,1086.00,1042.75,1052.25,4041
590018,20231009,180.75,180.75,173.85,173.85,2134
590024,20231009,512.50,526.15,507.80,511.95,58930
590025,20231009,25.85,26.12,25.85,25.90,14086
590030,20231009,70.90,70.90,68.83,69.47,104278
590041,20231009,7.99,7.99,7.99,7.99,4316
590051,20231009,335.00,353.85,324.75,334.10,100986
590056,20231009,273.90,284.05,267.85,279.50,2024
590065,20231009,783.40,785.95,775.00,779.85,116
590066,20231009,134.75,136.60,128.00,133.30,151489
590068,20231009,52.64,56.50,52.64,56.49,21
590071,20231009,3095.25,3201.25,3095.25,3184.25,1723
590072,20231009,540.00,556.55,540.00,556.55,4430
590073,20231009,777.00,782.80,760.00,763.45,2252
590075,20231009,170.40,180.00,168.00,169.90,22545
750809,20231009,1.80,1.80,1.11,1.26,205407
890179,20231009,0.95,0.96,0.92,0.92,381165
890180,20231009,296.00,296.05,296.00,296.05,3
890181,20231009,366.00,366.00,366.00,366.00,9
890187,20231009,12.99,12.99,12.25,12.25,60638
890188,20231009,58.14,58.14,56.56,58.14,1953
890189,20231009,29.00,29.00,23.05,24.55,8393
