TICKER, DATE, OPEN, HIGH, LOW, CLOSE, VOLUME, OI
20MICRONS,20231005, 152.80, 154.45, 148.00, 154.45, 302197, -
21STCENMGM,20231005, 19.25, 19.60, 19.10, 19.50, 2800, 1630
360ONE,20231005, 496.00, 500.00, 487.55, 493.95, 379048, 277303
3IINFOLTD,20231005, 41.45, 41.95, 40.65, 41.00, 684532, 278155
3MINDIA,20231005, 31328.00, 31328.00, 30464.50, 30904.35, 3267, 1942
3PLAND,20231005, 30.30, 30.45, 29.00, 30.45, 67870, 45696
5PAISA,20231005, 415.85, 435.00, 415.85, 429.55, 57678, 19220
63MOONS,20231005, 269.00, 273.95, 267.40, 271.00, 45960, 24788
A2ZINFRA,20231005, 9.70, 9.85, 9.50, 9.70, 111477, -
AAATECH,20231005, 57.45, 58.70, 57.05, 57.95, 22972, 10446
AAKASH,20231005, 5.90, 5.90, 5.90, 5.90, 48643, -
AAREYDRUGS,20231005, 46.00, 47.80, 44.60, 46.65, 54600, -
AARON,20231005, 282.90, 282.90, 270.00, 271.75, 4840, -
AARTECH,20231005, 174.10, 174.10, 160.60, 166.65, 6535, -
AARTIDRUGS,20231005, 530.00, 532.40, 516.95, 520.05, 246653, 162096
AARTIIND,20231005, 489.20, 491.35, 485.25, 487.25, 518702, 194724
AARTIPHARM,20231005, 440.95, 448.50, 428.80, 430.80, 138867, 82725
AARTIPP,20231005, 306.50, 306.55, 298.00, 300.70, 13, 7
AARTISURF,20231005, 630.00, 639.45, 630.00, 631.35, 3222, 1694
AARVEEDEN,20231005, 22.75, 23.95, 22.60, 23.40, 16787, 9089
AARVI,20231005, 126.35, 127.20, 124.50, 127.00, 10411, 7268
AATMAJ,20231005, 44.00, 46.00, 44.00, 46.00, 26000, 22000
AAVAS,20231005, 1790.00, 1790.05, 1740.50, 1746.90, 179234, 137448
ABAN,20231005, 45.85, 46.40, 45.40, 45.60, 87151, 44051
ABB,20231005, 4032.00, 4107.15, 3997.50, 4067.80, 310894, 163512
ABBOTINDIA,20231005, 22948.00, 22999.90, 22750.05, 22861.95, 3094, 1049
ABCAPITAL,20231005, 176.40, 177.85, 175.00, 175.75, 1279896, 413272
ABFRL,20231005, 215.00, 220.60, 214.50, 219.10, 2920099, 1107068
ABMINTLLTD,20231005, 36.00, 36.00, 36.00, 36.00, 90, -
ABSLAMC,20231005, 438.95, 441.70, 435.00, 437.10, 57160, 33716
ABSLLIQUID,20231005, 1000.00, 1000.01, 1000.00, 1000.01, 548, 548
ACC,20231005, 2007.00, 2025.45, 1993.20, 1997.25, 180497, 94751
ACCELYA,20231005, 1665.00, 1673.30, 1619.05, 1637.95, 43976, 20723
ACCURACY,20231005, 8.25, 8.45, 8.00, 8.10, 545914, -
ACE,20231005, 703.00, 713.40, 685.00, 690.00, 318506, 155446
ACEINTEG,20231005, 35.45, 36.75, 34.75, 34.85, 1115, 941
ACI,20231005, 608.10, 612.50, 595.20, 599.10, 90209, 43491
ACL,20231005, 98.10, 98.10, 95.15, 97.00, 16810, 13920
ADANIENSOL,20231005, 812.50, 815.50, 805.30, 807.70, 252701, 104311
ADANIENT,20231005, 2477.95, 2486.50, 2446.40, 2466.35, 1132455, 227392
ADANIGREEN,20231005, 978.95, 982.10, 955.00, 959.65, 451208, 243224
ADANIPORTS,20231005, 830.85, 832.00, 820.25, 825.20, 2083505, 779555
ADANIPOWER,20231005, 373.40, 376.00, 364.10, 365.85, 2382554, 1034710
ADFFOODS,20231005, 211.00, 213.05, 208.55, 211.40, 59491, 29359
ADL,20231005, 76.00, 78.50, 75.00, 78.00, 1987, -
ADORWELD,20231005, 1117.00, 1126.15, 1105.00, 1109.90, 6480, 3530
ADROITINFO,20231005, 25.20, 25.20, 22.70, 22.95, 167141, 100704
ADSL,20231005, 125.00, 128.75, 125.00, 126.60, 178059, 73286
ADVANIHOTR,20231005, 96.60, 99.80, 95.80, 97.20, 503780, 292103
ADVENZYMES,20231005, 313.55, 332.00, 313.55, 327.35, 282444, 117751
AEGISCHEM,20231005, 327.65, 332.65, 321.10, 329.70, 1097966, 948115
AEROFLEX,20231005, 149.60, 151.10, 146.50, 146.95, 530731, 304842
AETHER,20231005, 960.00, 968.80, 959.05, 964.70, 103422, 94218
AFFLE,20231005, 1100.00, 1115.00, 1088.10, 1090.90, 87068, 44238
AGARIND,20231005, 879.90, 894.95, 874.45, 883.65, 32070, 14309
AGI,20231005, 913.25, 976.65, 913.25, 928.70, 745655, 156416
AGNI,20231005, 25.60, 26.30, 25.60, 26.30, 20000, 15000
AGRITECH,20231005, 180.00, 188.00, 177.50, 180.10, 14081, -
AGROPHOS,20231005, 39.00, 39.15, 38.05, 38.30, 36541, 24496
AGSTRA,20231005, 62.70, 62.70, 61.65, 61.90, 96171, 61866
AHL,20231005, 344.50, 348.00, 343.85, 345.10, 644747, 109029
AHLADA,20231005, 116.80, 119.80, 108.25, 111.00, 195722, 89256
AHLEAST,20231005, 137.80, 139.40, 134.50, 137.30, 8028, 4670
AHLUCONT,20231005, 703.35, 725.95, 700.10, 709.00, 42744, 18390
AIAENG,20231005, 3509.95, 3560.00, 3446.20, 3456.55, 68416, 45648
AILIMITED,20231005, 31.55, 31.55, 31.55, 31.55, 6000, 6000
AIRAN,20231005, 25.35, 25.50, 24.30, 24.55, 161138, -
AIROLAM,20231005, 112.45, 118.00, 111.00, 114.25, 6679, -
AJANTPHARM,20231005, 1784.10, 1797.60, 1751.00, 1758.55, 200270, 161946
AJMERA,20231005, 375.25, 377.65, 370.65, 373.50, 44049, 24598
AJOONI,20231005, 4.40, 4.50, 4.40, 4.50, 188549, 127598
AKASH,20231005, 31.95, 31.95, 30.25, 30.55, 20101, 9592
AKG,20231005, 23.50, 23.85, 23.00, 23.20, 35754, 6117
AKI,20231005, 12.20, 12.20, 12.20, 12.20, 13861, -
AKSHAR,20231005, 6.35, 6.35, 6.10, 6.25, 11352, -
AKSHARCHEM,20231005, 279.35, 281.55, 276.05, 277.60, 4709, 3028
AKSHOPTFBR,20231005, 11.25, 11.45, 11.00, 11.10, 395404, -
AKZOINDIA,20231005, 2540.00, 2567.70, 2496.00, 2504.35, 17278, 9492
ALANKIT,20231005, 11.15, 11.40, 11.15, 11.40, 1364697, 947125
ALBERTDAVD,20231005, 803.05, 849.75, 803.05, 835.00, 70112, 39922
ALEMBICLTD,20231005, 78.40, 78.40, 76.80, 76.95, 168949, 80833
ALICON,20231005, 848.30, 855.40, 840.00, 851.45, 7610, 3928
ALKALI,20231005, 114.30, 114.80, 110.65, 111.05, 11321, 7191
ALKEM,20231005, 3494.25, 3516.90, 3447.00, 3457.50, 104226, 66063
ALKYLAMINE,20231005, 2270.70, 2330.00, 2264.15, 2299.15, 28405, 9429
ALLCARGO,20231005, 273.45, 278.00, 270.25, 272.35, 212074, 111029
ALLETEC,20231005, 169.00, 173.00, 169.00, 172.00, 52800, 44800
ALLSEC,20231005, 605.00, 610.80, 604.40, 607.90, 12546, 8916
ALMONDZ,20231005, 87.55, 88.25, 84.15, 85.10, 48140, 33457
ALOKINDS,20231005, 18.50, 18.60, 18.20, 18.45, 7803860, 2531442
ALPA,20231005, 74.30, 76.55, 73.80, 75.85, 88710, 61161
ALPHAGEO,20231005, 291.70, 293.35, 288.00, 289.00, 5347, 3244
ALPSINDUS,20231005, 2.30, 2.40, 2.30, 2.40, 19703, -
AMARAJABAT,20231005, 657.95, 657.95, 638.00, 640.25, 538218, 332141
AMBANIORG,20231005, 120.50, 120.50, 120.50, 120.50, 2000, 2000
AMBER,20231005, 2929.35, 2989.00, 2929.30, 2944.10, 70453, 34976
AMBICAAGAR,20231005, 31.40, 31.40, 31.35, 31.40, 1526, -
AMBIKCO,20231005, 1510.00, 1533.00, 1505.60, 1528.20, 9414, 5033
AMBUJACEM,20231005, 430.00, 434.85, 428.75, 432.85, 1287179, 590649
AMDIND,20231005, 54.70, 55.70, 53.00, 54.95, 33655, 18616
AMEYA,20231005, 49.70, 49.70, 49.70, 49.70, 4000, 4000
AMIORG,20231005, 1189.90, 1196.55, 1180.95, 1184.40, 48630, 23224
AMJLAND,20231005, 31.35, 32.25, 30.75, 30.90, 74836, 32674
AMRUTANJAN,20231005, 615.00, 621.85, 610.50, 617.45, 16940, 10854
ANANDRATHI,20231005, 1783.80, 1785.65, 1762.10, 1775.05, 87595, 49503
ANANTRAJ,20231005, 220.55, 236.50, 220.55, 235.60, 5189882, 1854743
ANDHRAPAP,20231005, 601.00, 614.85, 588.00, 596.35, 330700, 129395
ANDHRSUGAR,20231005, 118.65, 120.00, 116.70, 117.05, 172248, 85742
ANDREWYU,20231005, 33.80, 34.25, 33.50, 33.65, 479988, 220606
ANGELONE,20231005, 1873.65, 1999.80, 1855.05, 1989.20, 1561960, 557880
ANIKINDS,20231005, 37.95, 38.80, 37.50, 37.60, 9231, -
ANKITMETAL,20231005, 5.10, 5.10, 5.10, 5.10, 8109, -
ANLON,20231005, 302.00, 304.00, 302.00, 304.00, 6000, 6000
ANMOL,20231005, 42.35, 43.70, 42.00, 42.25, 18963, -
ANNAPURNA,20231005, 273.50, 281.50, 268.05, 274.95, 285000, 226000
ANTGRAPHIC,20231005, 0.75, 0.80, 0.75, 0.75, 133105, -
ANUP,20231005, 1970.00, 1985.00, 1950.00, 1969.05, 5090, 2405
ANURAS,20231005, 892.20, 901.75, 881.50, 898.65, 229542, 74787
APARINDS,20231005, 5387.95, 5474.20, 5350.00, 5392.90, 97929, 39997
APCL,20231005, 184.85, 184.85, 181.55, 182.85, 18417, 12596
APCOTEXIND,20231005, 504.00, 512.00, 499.10, 508.70, 27905, 14104
APEX,20231005, 223.85, 226.30, 220.55, 222.05, 71650, 36522
APLAPOLLO,20231005, 1614.80, 1646.00, 1607.55, 1616.85, 704907, 471399
APLLTD,20231005, 779.05, 785.95, 770.25, 775.90, 46095, 16159
APOLLO,20231005, 68.00, 71.60, 67.00, 69.25, 14523850, 5315710
APOLLOHOSP,20231005, 5054.95, 5079.85, 5026.65, 5047.05, 363289, 209625
APOLLOPIPE,20231005, 700.65, 708.00, 685.35, 689.35, 40738, 21969
APOLLOTYRE,20231005, 372.85, 376.00, 369.30, 372.50, 1835375, 614285
APOLSINHOT,20231005, 1522.00, 1552.40, 1522.00, 1552.40, 164, -
APTECHT,20231005, 277.40, 281.45, 272.35, 280.40, 171218, 87008
APTUS,20231005, 296.00, 298.05, 291.15, 295.20, 252819, 118752
ARCHIDPLY,20231005, 69.30, 72.70, 69.30, 72.70, 73504, -
ARCHIES,20231005, 25.25, 25.60, 25.00, 25.25, 16436, -
ARENTERP,20231005, 42.20, 42.90, 40.10, 40.30, 9019, -
ARHAM,20231005, 101.00, 102.30, 101.00, 102.00, 12000, 9000
ARIES,20231005, 174.75, 177.25, 174.75, 175.75, 26689, 12459
ARIHANTCAP,20231005, 72.00, 74.50, 70.85, 73.25, 883081, 592040
ARIHANTSUP,20231005, 183.70, 186.10, 180.55, 184.75, 101940, 28467
ARISTO,20231005, 74.10, 74.10, 74.10, 74.10, 1600, 1600
ARMANFIN,20231005, 2288.00, 2331.25, 2220.35, 2300.35, 12419, 6045
AROGRANITE,20231005, 57.05, 58.95, 56.45, 57.10, 94408, 39628
ARROWGREEN,20231005, 367.90, 381.75, 366.60, 381.75, 17670, 15068
ARSHIYA,20231005, 4.25, 4.25, 4.25, 4.25, 22671, -
ARSSINFRA,20231005, 19.95, 19.95, 19.05, 19.75, 7020, -
ARTEMISMED,20231005, 153.55, 157.00, 151.20, 154.70, 224334, 149034
ARTNIRMAN,20231005, 50.05, 51.50, 50.00, 50.00, 1644, -
ARVEE,20231005, 113.80, 113.80, 108.60, 111.70, 879, 286
ARVIND,20231005, 183.30, 184.50, 180.40, 181.45, 725701, 328794
ARVINDFASN,20231005, 325.00, 338.10, 320.95, 331.25, 885387, 704595
ARVSMART,20231005, 343.00, 346.85, 341.35, 344.35, 42711, 23004
ASAHIINDIA,20231005, 617.95, 619.90, 608.05, 617.45, 83798, 33400
ASAHISONG,20231005, 255.15, 258.30, 249.00, 249.60, 7871, 4787
ASAL,20231005, 414.90, 419.90, 413.25, 414.35, 11561, 4691
ASALCBR,20231005, 460.00, 474.50, 454.05, 463.90, 53220, 25514
ASCOM,20231005, 215.00, 215.00, 215.00, 215.00, 500, 500
ASHAPURMIN,20231005, 293.70, 302.00, 292.00, 294.90, 92895, -
ASHIANA,20231005, 200.70, 206.40, 200.70, 204.30, 58001, 28316
ASHIMASYN,20231005, 15.95, 16.10, 15.30, 15.65, 480486, 222715
ASHOKA,20231005, 124.20, 128.50, 124.20, 127.35, 5326483, 1738063
ASHOKAMET,20231005, 18.65, 19.35, 18.65, 19.20, 10339, -
ASHOKLEY,20231005, 174.00, 175.10, 171.75, 172.25, 8793260, 3387056
ASIANENE,20231005, 186.80, 191.75, 177.95, 182.25, 109119, 69065
ASIANHOTNR,20231005, 140.15, 144.80, 138.20, 139.75, 1395, 1187
ASIANPAINT,20231005, 3210.00, 3232.10, 3174.30, 3206.25, 1002610, 400238
ASIANTILES,20231005, 63.70, 68.10, 63.60, 67.10, 3622842, 1700447
ASLIND,20231005, 23.85, 23.85, 23.85, 23.85, 4000, 4000
ASMS,20231005, 11.60, 11.60, 11.60, 11.60, 24973, -
ASPINWALL,20231005, 254.90, 258.00, 251.15, 252.45, 6826, 3766
ASTEC,20231005, 1318.50, 1340.00, 1306.95, 1335.75, 5961, 2874
ASTERDM,20231005, 331.00, 333.05, 326.45, 328.55, 110664, 50871
ASTRAL,20231005, 1865.05, 1886.75, 1855.00, 1857.65, 153879, 62282
ASTRAMICRO,20231005, 437.50, 452.65, 435.70, 437.85, 839404, 283407
ASTRAZEN,20231005, 4561.00, 4561.20, 4487.00, 4504.15, 4883, 2242
ASTRON,20231005, 33.50, 33.90, 32.50, 33.30, 16382, -
ATALREAL,20231005, 77.95, 78.85, 76.40, 77.55, 10338, -
ATAM,20231005, 182.00, 182.00, 176.55, 178.40, 5185, 3804
ATFL,20231005, 819.15, 830.00, 806.45, 811.75, 6030, 4733
ATGL,20231005, 616.85, 616.90, 600.55, 602.90, 669666, 383349
ATL,20231005, 34.45, 36.80, 34.30, 36.15, 4489025, 2976118
ATLANTA,20231005, 13.90, 14.20, 13.70, 13.95, 18601, -
ATUL,20231005, 6980.00, 7060.20, 6920.00, 7035.85, 25029, 13705
ATULAUTO,20231005, 589.25, 598.95, 575.60, 585.45, 111229, 52269
AUBANK,20231005, 702.00, 716.95, 702.00, 714.40, 925577, 349916
AURDIS,20231005, 208.00, 208.00, 205.00, 205.00, 2000, 2000
AURIONPRO,20231005, 1260.00, 1316.45, 1252.05, 1316.25, 38850, -
AUROIMPEX,20231005, 63.10, 63.10, 62.75, 63.00, 6400, 6400
AUROPHARMA,20231005, 884.00, 889.95, 872.35, 877.25, 1111578, 392095
AURUM,20231005, 122.00, 124.65, 121.60, 121.95, 27560, 17965
AUSOMENT,20231005, 77.60, 78.90, 76.00, 76.50, 6896, 3617
AUTOAXLES,20231005, 2216.20, 2234.10, 2202.00, 2212.50, 7521, 4135
AUTOBEES,20231005, 163.71, 163.71, 160.49, 161.96, 35175, 24547
AUTOIND,20231005, 109.10, 113.95, 109.10, 113.95, 203526, -
AVADHSUGAR,20231005, 675.40, 687.60, 652.85, 659.80, 102531, 29651
AVALON,20231005, 586.00, 587.80, 563.05, 567.20, 270890, 132979
AVANTIFEED,20231005, 442.25, 448.50, 439.00, 441.60, 122360, 57934
AVG,20231005, 287.80, 287.80, 280.00, 280.65, 12961, 7783
AVONMORE,20231005, 70.70, 72.95, 70.70, 71.60, 8099, -
AVROIND,20231005, 114.60, 115.25, 112.00, 112.20, 30796, 8194
AVSL,20231005, 107.90, 107.90, 107.90, 107.90, 1000, 1000
AVTNPL,20231005, 82.40, 83.25, 81.20, 81.35, 94620, 56476
AWHCL,20231005, 378.10, 382.90, 371.95, 374.30, 262000, 82152
AWL,20231005, 355.80, 358.80, 346.55, 350.00, 1937238, 708884
AXISBANK,20231005, 1000.00, 1009.20, 988.90, 1003.25, 7950412, 3577222
AXISCADES,20231005, 522.65, 522.65, 522.65, 522.65, 14260, -
AXISGOLD,20231005, 48.64, 48.89, 48.20, 48.41, 146334, 94526
AXISILVER,20231005, 70.97, 70.97, 69.38, 69.82, 151468, 149220
AXITA,20231005, 26.95, 26.95, 26.30, 26.45, 141949, -
AXSENSEX,20231005, 66.00, 69.00, 65.88, 65.95, 3274, 3039
AYMSYNTEX,20231005, 69.80, 70.85, 66.60, 68.00, 28246, 11589
BAFNAPH,20231005, 96.50, 96.65, 88.00, 96.40, 23965, -
BAGFILMS,20231005, 5.25, 5.35, 5.20, 5.30, 83565, -
BAHETI,20231005, 170.85, 181.70, 170.85, 178.60, 190500, 108000
BAIDFIN,20231005, 32.40, 33.15, 26.75, 27.90, 5210639, 1374097
BAJAJ-AUTO,20231005, 4935.00, 5039.30, 4925.10, 5011.05, 657876, 448757
BAJAJCON,20231005, 227.10, 231.50, 227.00, 229.85, 241325, 125905
BAJAJELEC,20231005, 1084.95, 1085.30, 1061.00, 1064.75, 17033, 9835
BAJAJFINSV,20231005, 1540.00, 1556.00, 1532.30, 1542.55, 1153064, 541031
BAJAJHCARE,20231005, 475.75, 482.35, 468.80, 472.90, 153596, 62202
BAJAJHIND,20231005, 26.30, 26.40, 25.00, 25.40, 16887648, 7667847
BAJAJHLDNG,20231005, 6834.45, 6865.95, 6651.00, 6672.05, 42162, 20117
BAJFINANCE,20231005, 7914.85, 7914.85, 7826.90, 7850.90, 795061, 380573
BALAJITELE,20231005, 71.20, 75.20, 70.55, 71.90, 1560326, 669030
BALAMINES,20231005, 2196.00, 2218.00, 2188.90, 2215.45, 37480, 21027
BALAXI,20231005, 440.00, 445.00, 440.00, 440.60, 1229, 796
BALKRISHNA,20231005, 27.85, 28.35, 27.55, 27.95, 39417, 17824
BALKRISIND,20231005, 2529.00, 2610.00, 2526.90, 2585.25, 309033, 130431
BALMLAWRIE,20231005, 148.95, 150.70, 147.35, 148.80, 319412, 131093
BALPHARMA,20231005, 93.20, 95.95, 92.75, 93.35, 20804, 11613
BALRAMCHIN,20231005, 427.65, 432.90, 422.50, 424.65, 943629, 197235
BANARBEADS,20231005, 91.65, 91.65, 91.00, 91.05, 7137, 4975
BANARISUG,20231005, 2615.80, 2615.80, 2560.35, 2577.70, 718, 393
BANCOINDIA,20231005, 499.90, 508.50, 497.00, 500.50, 71509, 36048
BANDHANBNK,20231005, 255.95, 255.95, 248.65, 249.25, 7632130, 3006364
BANG,20231005, 49.65, 51.55, 49.65, 51.00, 38944, 22284
BANKA,20231005, 73.75, 74.15, 71.50, 71.90, 33057, 21110
BANKBARODA,20231005, 213.90, 214.45, 210.00, 212.55, 11700848, 4376990
BANKBEES,20231005, 450.77, 452.70, 450.22, 450.87, 326173, 194015
BANKETF,20231005, 441.62, 444.77, 441.62, 443.24, 618, 521
BANKINDIA,20231005, 111.00, 112.25, 109.05, 109.90, 13307549, 3477341
BANSWRAS,20231005, 153.45, 155.85, 151.00, 154.60, 70914, 43376
BARBEQUE,20231005, 737.00, 768.00, 736.65, 764.80, 202745, 108428
BASF,20231005, 2555.00, 2566.90, 2538.00, 2546.05, 4324, 2258
BASILIC,20231005, 300.00, 301.90, 281.25, 284.75, 93600, 63600
BASML,20231005, 46.55, 47.75, 46.55, 47.10, 68763, 43523
BATAINDIA,20231005, 1607.70, 1625.15, 1603.25, 1623.70, 135260, 41231
BAYERCROP,20231005, 5379.95, 5400.00, 5270.00, 5289.70, 13411, 8519
BBL,20231005, 3632.70, 3719.85, 3625.10, 3685.70, 16129, 11150
BBOX,20231005, 216.50, 222.65, 213.00, 213.95, 577259, 168997
BBTC,20231005, 1239.00, 1252.05, 1228.95, 1234.15, 35172, 15751
BBTCL,20231005, 244.05, 248.00, 244.05, 246.60, 2534, 1837
BCG,20231005, 19.10, 19.40, 18.60, 18.75, 14822492, 7424765
BCLIND,20231005, 513.00, 529.90, 505.70, 524.90, 246183, 81333
BCONCEPTS,20231005, 466.95, 481.40, 466.95, 475.00, 3153, -
BDL,20231005, 990.00, 1041.95, 988.05, 1001.65, 1561972, 329621
BEARDSELL,20231005, 35.50, 37.20, 34.50, 36.90, 93630, -
BECTORFOOD,20231005, 1040.00, 1048.35, 1028.90, 1039.75, 42293, 25117
BEDMUTHA,20231005, 134.00, 138.50, 125.35, 138.50, 235246, -
BEL,20231005, 139.50, 141.35, 138.10, 138.95, 15996620, 9293248
BEML,20231005, 2329.90, 2376.40, 2300.00, 2311.40, 160641, 50493
BEPL,20231005, 88.25, 94.30, 88.25, 93.65, 2673998, 1001044
BERGEPAINT,20231005, 567.00, 568.65, 561.85, 563.20, 754638, 319987
BETA,20231005, 1007.90, 1015.00, 1007.90, 1015.00, 600, 600
BEWLTD,20231005, 1640.00, 1655.00, 1620.00, 1642.50, 2250, 1750
BFINVEST,20231005, 518.00, 536.60, 512.30, 521.25, 97481, 26279
BFSI,20231005, 19.70, 20.65, 19.55, 20.01, 231560, 217953
BFUTILITIE,20231005, 607.95, 634.80, 606.00, 634.80, 160933, 97994
BGRENERGY,20231005, 69.00, 70.15, 68.05, 69.20, 232622, 92244
BHAGCHEM,20231005, 1324.90, 1570.00, 1324.90, 1394.65, 263017, 63673
BHAGERIA,20231005, 162.80, 167.50, 159.15, 161.85, 49092, 23268
BHAGYANGR,20231005, 69.00, 70.00, 67.80, 68.00, 14275, -
BHANDA-RE,20231005, 2.50, 2.50, 1.90, 2.05, 663325, -
BHANDARI,20231005, 6.35, 6.35, 6.05, 6.15, 179531, -
BHARATFORG,20231005, 1070.00, 1077.05, 1062.70, 1069.85, 464238, 153181
BHARATGEAR,20231005, 121.90, 122.85, 120.80, 121.10, 23342, 14986
BHARATRAS,20231005, 9480.00, 9511.25, 9324.00, 9450.35, 1156, 834
BHARATWIRE,20231005, 261.90, 264.50, 257.25, 262.45, 144653, 54481
BHARTIARTL,20231005, 925.05, 929.60, 919.40, 928.85, 7063132, 5359338
BHEL,20231005, 128.30, 130.50, 127.10, 127.40, 14679290, 3289106
BIGBLOC,20231005, 173.25, 186.60, 172.30, 182.50, 949658, 363763
BIKAJI,20231005, 484.95, 485.90, 479.75, 480.70, 102881, 53361
BIL,20231005, 215.00, 219.00, 210.70, 218.80, 611, -
BINANIIND,20231005, 15.30, 15.35, 15.30, 15.30, 968, -
BIOCON,20231005, 266.80, 267.65, 263.25, 263.60, 897722, 453561
BIOFILCHEM,20231005, 49.40, 52.25, 49.00, 50.75, 186775, 70996
BIRET,20231005, 240.88, 241.90, 239.22, 239.70, 95709, 76659
BIRLACABLE,20231005, 328.70, 335.00, 323.00, 324.80, 88566, 44290
BIRLACORPN,20231005, 1255.25, 1265.00, 1252.40, 1255.50, 57445, 26837
BIRLAMONEY,20231005, 82.10, 84.15, 80.55, 82.15, 542527, 220093
BIRLATYRE,20231005, 4.80, 4.85, 4.55, 4.85, 289930, -
BKMINDST,20231005, 0.80, 0.80, 0.70, 0.75, 154603, -
BLAL,20231005, 161.00, 161.65, 158.15, 159.80, 80296, 53247
BLBLIMITED,20231005, 23.20, 23.20, 22.60, 22.80, 79685, 56857
BLISSGVS,20231005, 89.00, 89.50, 88.15, 88.70, 129092, 76802
BLKASHYAP,20231005, 64.00, 65.05, 62.50, 63.35, 676959, 332881
BLS,20231005, 242.10, 249.95, 242.10, 243.50, 2929120, 943044
BLUECHIP,20231005, 1.40, 1.40, 1.35, 1.35, 23724, -
BLUECOAST,20231005, 5.65, 5.65, 5.65, 5.65, 100, -
BLUEDART,20231005, 6780.00, 6799.00, 6711.70, 6733.25, 3825, 2128
BLUESTARCO,20231005, 882.80, 891.75, 872.50, 876.75, 72735, 32002
BMETRICS,20231005, 126.60, 129.70, 124.00, 126.65, 9600, 6800
BODALCHEM,20231005, 81.00, 82.10, 80.45, 81.20, 281541, 123196
BOHRAIND,20231005, 50.70, 50.70, 50.70, 50.70, 312, -
BOMDYEING,20231005, 140.00, 144.95, 138.20, 143.75, 2393539, 881396
BOROLTD,20231005, 402.00, 406.95, 400.20, 402.70, 55397, 27601
BORORENEW,20231005, 425.65, 432.10, 425.05, 429.10, 179134, 84571
BOSCHLTD,20231005, 18742.35, 18950.65, 18742.35, 18930.45, 8247, 2641
BPCL,20231005, 345.50, 347.75, 342.80, 344.45, 3557753, 1344990
BPL,20231005, 80.50, 81.80, 79.35, 80.15, 177750, 92310
BRIGADE,20231005, 577.50, 584.80, 576.20, 579.85, 91584, 49469
BRIGHT,20231005, 5.40, 5.40, 5.20, 5.40, 159000, 138000
BRITANNIA,20231005, 4540.25, 4548.20, 4500.00, 4533.90, 302015, 209618
BRNL,20231005, 40.60, 42.15, 39.80, 40.30, 94032, 58674
BROOKS,20231005, 90.40, 93.00, 87.10, 91.85, 139249, -
BSE,20231005, 1286.75, 1329.80, 1286.75, 1326.10, 823162, 400297
BSHSL,20231005, 241.90, 246.65, 240.20, 241.15, 9598, 6767
BSL,20231005, 181.60, 188.00, 179.80, 182.15, 8491, 3693
BSOFT,20231005, 495.00, 514.85, 494.35, 513.35, 7291721, 1754706
BTML,20231005, 141.25, 141.90, 135.85, 140.65, 25917, 14691
BURNPUR,20231005, 5.00, 5.10, 4.90, 4.90, 210095, 103795
BUTTERFLY,20231005, 1222.00, 1241.00, 1215.00, 1227.50, 4146, 2500
BVCL,20231005, 38.45, 39.00, 36.20, 38.90, 9702, -
BYKE,20231005, 45.95, 46.60, 44.35, 44.95, 430572, 237732
CADSYS,20231005, 209.00, 209.00, 207.70, 209.00, 60000, 44000
CALSOFT,20231005, 14.25, 14.50, 14.10, 14.30, 11039, 8960
CAMLINFINE,20231005, 159.40, 168.80, 159.40, 165.10, 581244, 303018
CAMPUS,20231005, 290.95, 294.40, 286.60, 287.80, 828113, 409144
CAMS,20231005, 2459.00, 2498.00, 2453.00, 2473.45, 60525, 30421
CANBK,20231005, 375.25, 379.65, 370.50, 371.30, 7313210, 1525579
CANFINHOME,20231005, 756.20, 769.85, 756.20, 757.85, 340178, 110058
CANTABIL,20231005, 1172.95, 1175.00, 1155.00, 1160.30, 16471, 5214
CAPACITE,20231005, 216.40, 216.40, 210.15, 212.25, 630426, 235320
CAPLIPOINT,20231005, 1084.00, 1089.80, 1060.65, 1082.00, 103482, 42287
CAPTRUST,20231005, 95.95, 99.55, 95.50, 96.80, 12183, 5576
CARBORUNIV,20231005, 1189.50, 1194.00, 1168.60, 1191.40, 81815, 50849
CAREERP,20231005, 191.00, 194.00, 190.00, 191.50, 3719, -
CARERATING,20231005, 850.75, 858.95, 840.55, 856.05, 73871, 46336
CARTRADE,20231005, 586.90, 601.55, 582.05, 596.00, 160652, 87552
CARYSIL,20231005, 653.00, 654.70, 637.30, 640.60, 49376, 28152
CASTROLIND,20231005, 138.05, 138.45, 136.05, 136.75, 1018258, 660952
CCHHL,20231005, 9.30, 9.40, 9.20, 9.30, 33687, -
CCL,20231005, 648.15, 658.70, 642.25, 655.40, 120116, 61744
CDSL,20231005, 1324.10, 1338.15, 1314.00, 1325.25, 567861, 259797
CEATLTD,20231005, 2121.70, 2215.35, 2100.00, 2110.60, 225385, 54887
CELEBRITY,20231005, 19.85, 20.20, 18.95, 19.70, 864050, 265909
CELLECOR,20231005, 117.30, 117.30, 117.30, 117.30, 61200, 61200
CELLPOINT,20231005, 50.20, 50.65, 50.20, 50.25, 18000, 16800
CENTENKA,20231005, 424.85, 424.85, 420.00, 421.85, 19640, 15630
CENTEXT,20231005, 16.85, 17.45, 16.50, 16.75, 194533, -
CENTRALBK,20231005, 51.40, 51.75, 49.50, 50.10, 33116843, 8293418
CENTRUM,20231005, 23.15, 23.70, 23.15, 23.25, 199751, 108635
CENTUM,20231005, 1418.00, 1430.00, 1389.00, 1400.40, 6550, -
CENTURYPLY,20231005, 636.50, 649.50, 636.50, 647.15, 56888, 20550
CENTURYTEX,20231005, 1087.80, 1088.00, 1062.05, 1074.75, 274584, 120136
CERA,20231005, 8341.60, 8392.45, 8255.55, 8292.90, 8034, 3094
CEREBRAINT,20231005, 5.70, 5.75, 5.70, 5.70, 52626, -
CESC,20231005, 88.60, 89.65, 87.90, 88.55, 1726384, 800858
CGCL,20231005, 798.00, 803.80, 778.55, 785.20, 240109, 65778
CGPOWER,20231005, 436.00, 436.85, 424.55, 426.00, 904761, 538908
CHALET,20231005, 584.80, 600.00, 580.20, 593.30, 258350, 82081
CHAMBLFERT,20231005, 272.25, 275.50, 271.55, 272.90, 636784, 275756
CHAVDA,20231005, 77.75, 82.95, 77.75, 80.60, 128000, 114000
CHEMBOND,20231005, 382.00, 386.75, 373.15, 376.40, 11151, 6265
CHEMCON,20231005, 281.95, 281.95, 276.65, 277.00, 40932, 22658
CHEMFAB,20231005, 371.05, 374.85, 369.05, 371.05, 14951, 8245
CHEMPLASTS,20231005, 492.90, 503.75, 484.50, 496.20, 175181, 103305
CHENNPETRO,20231005, 503.80, 509.35, 497.00, 498.95, 569863, 186578
CHEVIOT,20231005, 1151.20, 1157.95, 1149.00, 1154.35, 577, 485
CHOICEIN,20231005, 424.95, 426.40, 421.25, 422.20, 771913, 133120
CHOLAFIN,20231005, 1221.80, 1221.80, 1185.35, 1199.25, 2974607, 2020706
CHOLAFIN,20231005, 1029.00, 1029.00, 1029.00, 1029.00, 5, 5
CHOLAHLDNG,20231005, 1107.30, 1150.70, 1107.30, 1126.65, 69231, 29519
CIEINDIA,20231005, 468.90, 478.10, 466.30, 474.85, 567481, 310214
CIGNITITEC,20231005, 825.00, 828.35, 804.15, 810.80, 159151, 105152
CINELINE,20231005, 123.40, 123.40, 123.40, 123.40, 10956, -
CINEVISTA,20231005, 15.00, 15.05, 14.35, 14.55, 21789, 12209
CIPLA,20231005, 1170.10, 1172.95, 1155.25, 1161.10, 1446743, 785184
CLEAN,20231005, 1418.70, 1422.65, 1406.00, 1409.45, 35669, 19444
CLEDUCATE,20231005, 70.80, 70.80, 70.80, 70.80, 700, 700
CLEDUCATE,20231005, 70.45, 70.60, 68.75, 70.10, 40788, 23545
CLOUD,20231005, 157.15, 160.00, 154.25, 155.70, 139000, 90000
CLSEL,20231005, 233.10, 238.75, 229.25, 235.60, 157183, 70489
CLSL,20231005, 41.50, 42.00, 41.25, 41.80, 20000, 14000
CMMIPL,20231005, 4.00, 4.00, 3.65, 3.65, 33000, 24000
CMNL,20231005, 66.90, 66.90, 65.05, 65.05, 57000, 48000
CMRSL,20231005, 128.00, 128.00, 128.00, 128.00, 800, 800
CMSINFO,20231005, 349.70, 355.60, 348.15, 351.80, 589499, 271250
COALINDIA,20231005, 288.80, 290.55, 283.90, 289.35, 8687014, 3513898
COASTCORP,20231005, 257.10, 260.10, 252.55, 253.85, 19602, 14774
COCHINSHIP,20231005, 1052.00, 1105.00, 1052.00, 1072.35, 5033605, 499832
COFFEEDAY,20231005, 50.85, 52.30, 49.90, 51.25, 3636348, 1183695
COFORGE,20231005, 5155.00, 5243.70, 5151.00, 5205.70, 312135, 117742
COLPAL,20231005, 1994.85, 2006.90, 1984.40, 1997.60, 242827, 112091
COMPINFO,20231005, 12.30, 12.55, 12.30, 12.45, 112927, 68612
COMPUSOFT,20231005, 22.00, 22.00, 21.60, 21.70, 77794, 50834
CONCOR,20231005, 712.90, 725.70, 707.75, 709.40, 805424, 421901
CONCORDBIO,20231005, 1066.00, 1100.00, 1054.05, 1089.85, 146603, 58234
CONFIPET,20231005, 85.80, 87.20, 84.55, 84.90, 1933685, 768860
CONSOFINVT,20231005, 151.35, 154.70, 145.00, 149.30, 19138, -
CONSUMBEES,20231005, 92.07, 92.79, 91.99, 92.66, 12641, 7608
CONTROLPR,20231005, 750.00, 774.70, 748.00, 767.65, 29137, 15340
CORALFINAC,20231005, 39.45, 40.00, 39.20, 39.85, 52191, 31770
CORDSCABLE,20231005, 118.80, 120.00, 111.70, 114.90, 332311, 164963
COROMANDEL,20231005, 1147.65, 1180.00, 1147.10, 1166.10, 1115758, 351018
COSMOFIRST,20231005, 671.00, 688.00, 669.30, 684.75, 33479, 18082
COUNCODOS,20231005, 4.10, 4.20, 4.00, 4.10, 107830, 79594
CPS,20231005, 450.00, 460.00, 450.00, 459.00, 2400, 2400
CRAFTSMAN,20231005, 4623.05, 4699.95, 4580.00, 4662.15, 38518, 23223
CRAYONS,20231005, 148.00, 148.00, 146.25, 146.25, 6000, 6000
CREATIVE,20231005, 540.00, 540.00, 517.75, 527.45, 13528, 6215
CREATIVEYE,20231005, 4.00, 4.10, 4.00, 4.10, 3310, 3310
CREDITACC,20231005, 1318.55, 1329.90, 1295.90, 1319.80, 279216, 222796
CREST,20231005, 232.60, 232.70, 226.60, 229.65, 4559, 1809
CRISIL,20231005, 3871.15, 3879.80, 3845.00, 3856.00, 27751, 21431
CROMPTON,20231005, 303.25, 305.65, 299.35, 299.85, 1220199, 784703
CROWN,20231005, 66.45, 66.45, 66.45, 66.45, 22971, 22971
CSBBANK,20231005, 350.00, 355.95, 345.20, 349.45, 274306, 91438
CSLFINANCE,20231005, 346.25, 346.25, 335.00, 338.15, 17552, 7936
CTE,20231005, 58.75, 60.50, 58.00, 60.00, 57360, -
CUB,20231005, 125.70, 126.95, 124.80, 125.15, 1860096, 709808
CUBEXTUB,20231005, 45.05, 47.40, 45.05, 46.05, 49906, 24960
CUMMINSIND,20231005, 1695.45, 1703.80, 1675.70, 1690.90, 357966, 198927
CUPID,20231005, 415.25, 419.40, 408.00, 409.70, 91568, 31739
CYBERMEDIA,20231005, 17.95, 18.45, 17.50, 17.70, 34276, -
CYBERTECH,20231005, 133.90, 159.20, 133.80, 157.40, 2537587, 459028
CYIENT,20231005, 1680.85, 1695.00, 1671.05, 1679.75, 366452, 239102
CYIENTDLM,20231005, 678.00, 684.95, 658.00, 669.95, 258899, 124936
DAAWAT,20231005, 172.00, 175.00, 169.25, 173.70, 2317872, 969253
DABUR,20231005, 555.35, 558.00, 547.45, 550.75, 1509964, 845093
DALBHARAT,20231005, 2270.20, 2311.05, 2223.00, 2258.15, 514301, 219380
DALMIASUG,20231005, 450.70, 457.90, 443.05, 450.90, 123888, 44025
DAMODARIND,20231005, 49.50, 51.50, 48.50, 50.40, 72912, 41984
DANGEE,20231005, 9.80, 9.90, 9.60, 9.75, 328701, 179757
DATAMATICS,20231005, 588.00, 598.65, 585.00, 592.80, 57360, 28913
DATAPATTNS,20231005, 2108.10, 2110.00, 2081.00, 2093.40, 43856, 18013
DBCORP,20231005, 265.00, 271.10, 261.00, 266.35, 128838, 59714
DBL,20231005, 309.70, 312.00, 306.40, 308.25, 255946, 116763
DBOL,20231005, 175.30, 177.10, 172.40, 173.20, 115588, 55705
DBREALTY,20231005, 164.40, 166.50, 159.30, 165.15, 889054, 554870
DBSTOCKBRO,20231005, 28.75, 28.75, 27.95, 28.20, 70376, 62840
DCAL,20231005, 160.95, 163.60, 159.15, 160.15, 197471, 90849
DCBBANK,20231005, 122.00, 124.00, 120.95, 121.95, 1227966, 547211
DCI,20231005, 180.30, 180.30, 176.70, 176.70, 387, -
DCM,20231005, 87.05, 88.40, 83.25, 84.40, 169633, 88409
DCMFINSERV,20231005, 4.85, 4.95, 4.70, 4.95, 69548, 52321
DCMNVL,20231005, 169.35, 169.85, 164.80, 167.90, 16894, 8660
DCMSHRIRAM,20231005, 1050.05, 1089.45, 1050.05, 1053.50, 83999, 35022
DCMSRIND,20231005, 139.30, 142.45, 137.25, 138.40, 203893, 111209
DCW,20231005, 56.00, 58.40, 55.90, 57.15, 4394494, 1399687
DCXINDIA,20231005, 298.20, 312.40, 298.20, 303.35, 725695, 330019
DECCANCE,20231005, 535.80, 545.40, 535.80, 544.15, 10513, 7921
DEEPAKFERT,20231005, 646.75, 648.95, 636.50, 638.90, 246408, 113614
DEEPAKNTR,20231005, 2090.25, 2119.00, 2090.25, 2103.80, 131245, 37125
DEEPENR,20231005, 154.00, 154.00, 153.00, 153.00, 4399, -
DEEPINDS,20231005, 287.10, 297.00, 287.10, 293.05, 292479, 105699
DELHIVERY,20231005, 412.00, 416.40, 409.00, 410.95, 212462, 96490
DELPHIFX,20231005, 387.35, 387.35, 373.05, 375.50, 723, 501
DELTACORP,20231005, 137.50, 138.40, 135.80, 136.65, 4902321, 2267219
DELTAMAGNT,20231005, 89.40, 89.75, 85.05, 87.25, 8198, -
DEN,20231005, 53.35, 55.35, 53.15, 54.15, 8784662, 2612843
DENEERS,20231005, 235.00, 235.00, 235.00, 235.00, 1200, 1200
DENORA,20231005, 1568.00, 1585.00, 1543.40, 1554.35, 8631, 5228
DENTALKART,20231005, 419.90, 423.00, 417.00, 419.50, 8000, 6000
DESTINY,20231005, 50.60, 51.95, 50.50, 51.00, 84000, 72000
DEVIT,20231005, 137.00, 138.85, 132.35, 133.30, 29385, 21002
DEVYANI,20231005, 219.10, 222.20, 217.55, 218.70, 1356679, 638719
DGCONTENT,20231005, 20.35, 20.40, 19.60, 20.25, 4645, 2732
DHAMPURSUG,20231005, 299.40, 303.60, 298.55, 300.55, 218727, 79222
DHANBANK,20231005, 33.25, 33.40, 31.70, 32.25, 11910496, 2753536
DHANI,20231005, 41.30, 42.00, 40.85, 41.20, 331472, -
DHANUKA,20231005, 848.00, 856.60, 836.55, 841.90, 29637, 9862
DHARMAJ,20231005, 208.95, 211.45, 208.90, 210.60, 56910, 34570
DHRUV,20231005, 60.00, 61.00, 58.50, 59.75, 50982, 23156
DHUNINV,20231005, 760.15, 778.00, 756.15, 768.05, 1891, 1192
DIACABS,20231005, 43.35, 43.35, 43.35, 43.35, 47, 47
DIAMINESQ,20231005, 539.00, 539.00, 520.00, 526.05, 5016, 3403
DIAMONDYD,20231005, 833.50, 849.50, 822.00, 831.50, 10033, 3930
DICIND,20231005, 447.75, 451.80, 435.00, 437.20, 4805, 3081
DIGIKORE,20231005, 274.00, 278.00, 269.35, 269.35, 132000, 128800
DIGISPICE,20231005, 34.90, 35.45, 34.00, 34.65, 39753, -
DIL,20231005, 10.10, 10.10, 9.80, 9.85, 406952, -
DISHTV,20231005, 17.90, 18.45, 17.80, 18.00, 19042387, 4665418
DIVGIITTS,20231005, 1027.00, 1085.00, 1015.30, 1047.90, 86516, 26260
DIVISLAB,20231005, 3665.00, 3705.50, 3655.05, 3697.20, 344288, 151148
DIVOPPBEES,20231005, 59.15, 59.15, 57.03, 57.66, 12305, 9944
DIXON,20231005, 5250.05, 5256.30, 5134.75, 5148.10, 313878, 160936
DJML,20231005, 149.80, 153.90, 149.80, 151.70, 4551, 4194
DKEGL,20231005, 88.75, 88.75, 88.75, 88.75, 6000, 3000
DLF,20231005, 527.00, 532.80, 523.95, 525.00, 2455475, 1115077
DLINKINDIA,20231005, 318.65, 321.95, 316.10, 321.20, 106260, 41499
DMART,20231005, 3880.00, 3938.40, 3842.05, 3861.50, 607632, 265911
DMCC,20231005, 308.35, 312.00, 300.00, 305.55, 32580, 14971
DNAMEDIA,20231005, 4.20, 4.20, 4.20, 4.20, 83586, 83586
DODLA,20231005, 710.00, 710.00, 690.00, 693.80, 98765, 20519
DOLATALGO,20231005, 50.25, 53.40, 49.50, 52.50, 872383, 477728
DOLLAR,20231005, 408.55, 427.30, 404.45, 422.20, 194858, 107596
DOLLEX,20231005, 42.00, 42.00, 41.00, 41.00, 16000, 4000
DOLPHIN,20231005, 408.70, 408.70, 408.70, 408.70, 4, -
DONEAR,20231005, 105.95, 107.10, 103.70, 104.50, 154360, 71198
DPABHUSHAN,20231005, 669.95, 683.95, 633.10, 654.80, 43132, 22871
DPSCLTD,20231005, 16.90, 17.10, 16.25, 16.55, 556844, 364416
DPWIRES,20231005, 672.55, 679.95, 653.85, 655.50, 35132, 18584
DRCSYSTEMS,20231005, 41.85, 41.90, 40.60, 41.50, 17346, 8885
DREAMFOLKS,20231005, 489.90, 503.65, 488.85, 499.95, 277766, 160877
DREDGECORP,20231005, 462.15, 468.75, 458.70, 460.95, 82496, 33325
DRONE,20231005, 131.95, 135.00, 128.65, 130.20, 72000, 48000
DRREDDY,20231005, 5460.00, 5475.00, 5400.00, 5407.25, 411706, 245960
DSPBANKETF,20231005, 43.49, 44.69, 43.49, 44.57, 1592, 862
DSPGOLDETF,20231005, 56.70, 57.60, 56.45, 56.55, 3706, 3519
DSPITETF,20231005, 32.00, 32.30, 31.94, 32.05, 3884, 1690
DSPPSBKETF,20231005, 53.36, 53.36, 51.61, 52.13, 4053, 2539
DSPPVBKETF,20231005, 23.00, 23.20, 22.95, 22.95, 208, 192
DSPSENXETF,20231005, 65.40, 65.75, 65.36, 65.75, 235, 220
DSPSILVETF,20231005, 68.85, 68.85, 67.32, 67.69, 7599, 5599
DSSL,20231005, 699.05, 728.50, 698.00, 728.50, 52586, 32230
DTIL,20231005, 225.60, 225.60, 221.35, 223.10, 2388, 1459
DUCOL,20231005, 169.00, 173.50, 169.00, 172.45, 11200, 11200
DUCON,20231005, 6.90, 6.95, 6.90, 6.95, 52940, -
DUDIG-RE,20231005, 29.00, 29.00, 29.00, 29.00, 12500, 12500
DUGLOBAL,20231005, 55.10, 55.10, 52.55, 55.10, 112500, 62500
DVL,20231005, 267.50, 268.90, 263.55, 265.40, 12561, 6482
DWARKESH,20231005, 101.90, 102.70, 100.50, 101.20, 1382819, 587984
DYCL,20231005, 446.90, 449.60, 436.25, 442.70, 21318, -
DYNAMATECH,20231005, 4621.60, 4671.60, 4512.50, 4579.20, 30371, 9926
DYNAMIC,20231005, 125.70, 125.70, 125.70, 125.70, 4000, 4000
DYNPRO,20231005, 335.00, 338.10, 317.30, 321.50, 51461, 25421
E2E,20231005, 451.00, 451.00, 450.00, 450.00, 14023, -
EASEMYTRIP,20231005, 41.30, 42.85, 41.05, 41.70, 29886170, 5349878
EBBETF0433,20231005, 1057.07, 1060.99, 1057.07, 1057.63, 3292, 2656
ECLERX,20231005, 1848.00, 2049.00, 1816.10, 2022.25, 770675, 205633
EDELWEISS,20231005, 66.90, 76.50, 66.50, 73.90, 69442555, 8225312
EICHERMOT,20231005, 3405.50, 3453.90, 3387.05, 3443.60, 394665, 157996
EIDPARRY,20231005, 517.70, 524.65, 514.05, 518.25, 238535, 106326
EIFFL,20231005, 143.65, 144.75, 141.70, 142.95, 17776, 16359
EIHAHOTELS,20231005, 481.40, 487.95, 477.25, 483.10, 11691, 6024
EIHOTEL,20231005, 234.25, 236.95, 230.20, 233.20, 837681, 344803
EIMCOELECO,20231005, 902.80, 938.70, 899.60, 938.70, 19160, 13675
EKC,20231005, 115.00, 116.75, 114.35, 115.20, 277078, 132995
ELDEHSG,20231005, 700.35, 706.00, 694.05, 701.15, 617, 341
ELECON,20231005, 803.10, 807.10, 793.10, 797.30, 211500, 114011
ELECTCAST,20231005, 75.00, 75.55, 73.00, 74.30, 7756855, 4476624
ELECTHERM,20231005, 130.60, 132.85, 130.35, 132.85, 11440, -
ELGIEQUIP,20231005, 503.95, 506.35, 496.25, 499.70, 128872, 56577
ELGIRUBCO,20231005, 52.15, 54.70, 51.25, 53.30, 66147, -
ELIN,20231005, 174.90, 194.10, 174.90, 191.20, 2376230, 916051
EMAMILTD,20231005, 540.70, 543.95, 527.10, 530.25, 302251, 165691
EMAMIPAP,20231005, 131.70, 135.00, 130.70, 133.85, 18773, 10264
EMAMIREAL,20231005, 80.00, 82.70, 78.60, 79.45, 101960, 33524
EMBASSY,20231005, 302.20, 305.95, 300.01, 302.23, 680132, 615829
EMIL,20231005, 138.90, 143.30, 136.55, 143.30, 1514806, 1261361
EMKAY,20231005, 86.00, 86.00, 83.60, 84.10, 18416, 11951
EMKAYTOOLS,20231005, 487.00, 490.20, 486.00, 490.20, 1800, 1800
EMMBI,20231005, 113.30, 115.90, 112.05, 113.70, 105375, 55762
EMSLIMITED,20231005, 279.50, 304.40, 278.15, 304.40, 2805736, 1111990
EMUDHRA,20231005, 485.60, 492.00, 475.20, 478.70, 105914, 45862
ENDURANCE,20231005, 1582.80, 1607.00, 1577.00, 1599.55, 75268, 58268
ENERGYDEV,20231005, 19.35, 19.70, 19.00, 19.20, 89137, 55591
ENGINERSIN,20231005, 143.50, 144.55, 142.25, 143.15, 1430645, 564495
ENIL,20231005, 164.90, 186.00, 162.00, 181.55, 1275308, 353830
EPIGRAL,20231005, 985.90, 1009.00, 980.00, 994.30, 48355, 26266
EPL,20231005, 191.00, 195.15, 190.55, 193.10, 1017003, 632402
EQUIPPP,20231005, 30.75, 30.75, 29.50, 30.30, 48929, -
EQUITASBNK,20231005, 91.80, 92.70, 90.55, 91.80, 3656884, 1907736
ERIS,20231005, 902.60, 905.00, 880.00, 882.70, 98911, 41031
EROSMEDIA,20231005, 18.45, 18.60, 18.35, 18.40, 162480, 74131
ESABINDIA,20231005, 4845.00, 4929.90, 4827.70, 4897.70, 3146, 1892
ESCORTS,20231005, 3195.50, 3289.00, 3171.30, 3242.95, 560109, 113981
ESFL,20231005, 130.00, 133.60, 130.00, 132.80, 134400, 122400
ESG,20231005, 32.15, 32.32, 32.14, 32.30, 8057, 5692
ESSARSHPNG,20231005, 16.05, 16.05, 16.05, 16.05, 95047, -
ESSENTIA,20231005, 6.30, 6.30, 6.30, 6.30, 152605, -
ESTER,20231005, 93.70, 96.30, 92.90, 95.30, 283600, 159347
ETHOSLTD,20231005, 1720.00, 1758.00, 1702.00, 1713.75, 16516, 7201
EUROBOND,20231005, 134.10, 134.10, 132.55, 133.00, 7000, 7000
EUROTEXIND,20231005, 11.95, 11.95, 11.95, 11.95, 300, -
EVEREADY,20231005, 389.00, 392.05, 383.25, 387.35, 136479, 85735
EVERESTIND,20231005, 1127.80, 1148.00, 1103.45, 1136.05, 14581, 5189
EXCEL,20231005, 0.35, 0.35, 0.35, 0.35, 1121423, -
EXCELINDUS,20231005, 875.00, 886.60, 851.00, 864.40, 15890, 7235
EXIDEIND,20231005, 259.90, 263.00, 255.50, 256.65, 1099031, 386781
EXPLEOSOL,20231005, 1374.20, 1398.60, 1368.05, 1380.45, 17072, 7985
EXXARO,20231005, 132.00, 133.70, 130.55, 131.00, 48793, 20368
FACT,20231005, 530.00, 543.45, 527.00, 534.65, 765582, 135492
FAIRCHEMOR,20231005, 1173.25, 1194.65, 1146.10, 1154.25, 14697, 8323
FAZE3Q,20231005, 368.00, 371.95, 365.15, 368.50, 10566, 7813
FCL,20231005, 315.95, 320.00, 314.10, 315.85, 194143, 66587
FCONSUMER,20231005, 0.75, 0.80, 0.75, 0.80, 2561498, -
FCSSOFT,20231005, 2.70, 2.80, 2.65, 2.65, 6978523, 3563068
FDC,20231005, 382.00, 391.25, 381.50, 383.40, 129793, 65949
FEDERALBNK,20231005, 148.25, 148.75, 144.65, 145.50, 11157021, 6928329
FELDVR,20231005, 5.60, 5.80, 5.35, 5.65, 13454, -
FELIX,20231005, 111.20, 111.25, 105.00, 108.00, 6000, 5000
FIBERWEB,20231005, 31.35, 32.35, 31.35, 31.90, 52165, 28669
FIDEL,20231005, 112.00, 117.00, 112.00, 116.75, 9000, 9000
FIEMIND,20231005, 1784.00, 1824.75, 1784.00, 1807.85, 17078, 7994
FILATEX,20231005, 53.65, 55.00, 52.80, 53.80, 3475141, 1950398
FINCABLES,20231005, 1085.85, 1102.05, 1075.10, 1080.55, 303312, 111654
FINEORG,20231005, 4970.00, 4970.00, 4884.90, 4942.55, 14451, 6554
FINOPB,20231005, 310.90, 316.20, 310.90, 314.70, 33092, 16727
FINPIPE,20231005, 225.50, 226.55, 222.60, 223.65, 509159, 292312
FIVESTAR,20231005, 725.00, 728.85, 716.50, 724.55, 220796, 136210
FLEXITUFF,20231005, 46.70, 46.70, 45.80, 46.70, 15775, -
FLFL,20231005, 2.90, 2.90, 2.90, 2.90, 14948, -
FLUOROCHEM,20231005, 2849.95, 2902.95, 2837.20, 2892.10, 146042, 68828
FMGOETZE,20231005, 358.70, 359.00, 354.05, 355.95, 26446, 13384
FMNL,20231005, 5.95, 6.15, 5.80, 5.90, 30023, -
FOCE,20231005, 758.00, 773.00, 758.00, 773.00, 4000, 4000
FOCUS,20231005, 848.00, 854.00, 805.05, 845.80, 74825, 44935
FOODSIN,20231005, 203.30, 211.50, 202.45, 204.15, 1741963, 324134
FORCEMOT,20231005, 3868.00, 4033.40, 3850.00, 4016.70, 72514, 42822
FORTIS,20231005, 338.10, 339.00, 327.15, 328.10, 2791330, 2349217
FOSECOIND,20231005, 3386.65, 3413.30, 3333.70, 3348.20, 1765, 957
FRETAIL,20231005, 3.20, 3.20, 3.10, 3.20, 283354, -
FROG,20231005, 224.10, 238.00, 224.00, 229.35, 26000, 18000
FSL,20231005, 161.70, 164.40, 161.70, 163.15, 1109106, 507743
FUSION,20231005, 594.00, 604.55, 587.35, 591.85, 174630, 99086
GABRIEL,20231005, 326.70, 348.30, 326.70, 346.15, 2018322, 595960
GAEL,20231005, 344.15, 354.70, 341.75, 351.10, 325183, 150157
GAIL,20231005, 121.80, 123.50, 121.80, 123.00, 13906951, 7297724
GALAXYSURF,20231005, 2647.00, 2668.00, 2628.25, 2651.45, 8059, 4437
GALLANTT,20231005, 89.00, 90.85, 86.95, 88.55, 115497, 56284
GANDHITUBE,20231005, 683.50, 692.95, 672.10, 679.60, 7105, 4029
GANECOS,20231005, 972.50, 988.00, 954.50, 955.15, 43837, 29539
GANESHBE,20231005, 149.65, 151.65, 149.00, 150.50, 81758, 42909
GANESHHOUC,20231005, 428.00, 437.85, 425.10, 436.05, 32191, 18594
GANGAFORGE,20231005, 7.00, 7.00, 6.40, 6.65, 717503, -
GANGESSECU,20231005, 119.00, 123.95, 116.45, 122.40, 13319, 8564
GARFIBRES,20231005, 3168.55, 3197.90, 3150.10, 3157.45, 4938, 2673
GATECHDVR,20231005, 10.20, 10.20, 9.60, 9.85, 334762, -
GATEWAY,20231005, 90.85, 91.80, 88.55, 89.60, 604922, 324922
GATI,20231005, 153.30, 156.30, 152.45, 154.40, 486890, 190361
GAYAHWS,20231005, 0.80, 0.85, 0.80, 0.85, 82577, -
GAYAPROJ,20231005, 6.35, 6.45, 6.10, 6.15, 147794, -
GEECEE,20231005, 207.50, 210.60, 202.50, 204.10, 55235, 19423
GEEKAYWIRE,20231005, 320.50, 320.50, 320.50, 320.50, 5226, -
GENCON,20231005, 46.50, 48.40, 46.50, 47.60, 37140, -
GENESYS,20231005, 346.95, 365.95, 345.75, 364.20, 63795, 36829
GENSOL,20231005, 1949.15, 1991.35, 1936.00, 1954.00, 21638, 11388
GENUSPAPER,20231005, 21.20, 21.50, 19.80, 20.30, 1077446, 621882
GENUSPOWER,20231005, 250.05, 251.70, 244.60, 245.65, 249344, 176059
GEOJITFSL,20231005, 52.95, 56.45, 52.50, 54.85, 1420403, 500983
GEPIL,20231005, 166.60, 167.25, 162.00, 162.75, 177328, 79059
GESHIP,20231005, 845.00, 864.80, 822.75, 826.60, 381393, 132224
GET&D,20231005, 426.10, 434.00, 409.00, 412.80, 25984, -
GFLLIMITED,20231005, 89.40, 90.10, 87.00, 87.70, 100375, 43649
GHCL,20231005, 617.50, 621.95, 613.30, 614.85, 103680, 69048
GHCLTEXTIL,20231005, 79.10, 80.30, 76.75, 77.70, 385485, 222858
GICHSGFIN,20231005, 215.25, 219.45, 213.20, 214.40, 357171, 157216
GICL,20231005, 52.00, 53.00, 52.00, 53.00, 27000, 27000
GICL-RE,20231005, 1.00, 1.00, 0.60, 0.60, 129000, 129000
GICRE,20231005, 219.85, 221.50, 212.15, 214.20, 540023, 283489
GILLANDERS,20231005, 102.80, 108.05, 101.60, 102.95, 217945, 98072
GILLETTE,20231005, 6239.95, 6298.95, 6200.00, 6281.70, 13933, 8644
GILT5YBEES,20231005, 53.03, 53.09, 53.02, 53.06, 300523, 232547
GINNIFILA,20231005, 26.75, 26.75, 26.30, 26.75, 13109, -
GIPCL,20231005, 139.50, 147.45, 139.10, 145.55, 2141065, 1199616
GIRIRAJ,20231005, 1620.00, 1659.00, 1620.00, 1659.00, 2400, 2400
GIRRESORTS,20231005, 113.65, 113.65, 113.65, 113.65, 10000, 10000
GISOLUTION,20231005, 11.55, 11.80, 11.30, 11.40, 141571, -
GKWLIMITED,20231005, 1023.55, 1050.00, 1001.00, 1025.05, 166, -
GLAND,20231005, 1694.95, 1694.95, 1665.00, 1670.75, 76024, 33034
GLAXO,20231005, 1565.00, 1568.75, 1537.00, 1540.55, 26736, 17161
GLENMARK,20231005, 813.00, 815.95, 790.70, 793.20, 924422, 170179
GLFL,20231005, 3.35, 3.50, 3.35, 3.50, 675, 675
GLOBAL,20231005, 196.75, 199.65, 190.00, 196.00, 78215, 52012
GLOBALPET,20231005, 71.00, 76.00, 70.15, 75.70, 33000, 21000
GLOBALVECT,20231005, 78.75, 79.00, 76.50, 77.65, 7925, -
GLOBE,20231005, 5.00, 5.00, 5.00, 5.00, 388340, -
GLOBUSSPR,20231005, 861.00, 870.10, 848.80, 854.20, 183716, 83329
GLS,20231005, 621.05, 624.95, 617.00, 618.45, 801751, 705188
GMBREW,20231005, 738.00, 764.50, 736.00, 749.65, 192066, 71396
GMDCLTD,20231005, 329.00, 341.75, 325.05, 327.05, 9147508, 1439518
GMMPFAUDLR,20231005, 1817.95, 1833.00, 1803.00, 1819.15, 50878, 25762
GMRINFRA,20231005, 58.90, 60.30, 58.80, 59.40, 5036675, 2407916
GMRP&UI,20231005, 35.55, 35.65, 34.00, 34.15, 2519744, 1624286
GNA,20231005, 460.55, 468.00, 458.05, 465.30, 83382, 36457
GNFC,20231005, 618.00, 625.95, 611.50, 612.60, 707852, 191905
GOACARBON,20231005, 535.00, 543.90, 532.65, 535.20, 19542, 8508
GOCLCORP,20231005, 505.00, 510.90, 488.00, 493.15, 788922, 376389
GOCOLORS,20231005, 1284.20, 1288.05, 1243.10, 1257.15, 52754, 34113
GODFRYPHLP,20231005, 2119.90, 2172.00, 2109.95, 2136.25, 68843, 22008
GODHA,20231005, 0.90, 0.90, 0.90, 0.90, 503653, -
GODREJAGRO,20231005, 482.00, 483.15, 477.70, 479.70, 56746, 28010
GODREJCP,20231005, 991.10, 995.30, 972.85, 976.60, 1329465, 914767
GODREJIND,20231005, 585.05, 603.45, 581.90, 601.05, 1190210, 847598
GODREJPROP,20231005, 1576.35, 1606.50, 1570.25, 1599.35, 616796, 218838
GOKEX,20231005, 774.95, 796.00, 773.00, 791.85, 309227, 127806
GOKUL,20231005, 35.35, 41.00, 34.65, 39.90, 4551449, 1031604
GOKULAGRO,20231005, 116.30, 118.60, 114.40, 115.80, 279607, 132340
GOLDBEES,20231005, 48.55, 48.55, 48.17, 48.25, 6421522, 5218623
GOLDENTOBC,20231005, 52.55, 53.75, 51.50, 52.10, 2124, -
GOLDETF,20231005, 57.00, 57.60, 56.50, 56.80, 32082, 25263
GOLDIAM,20231005, 126.00, 127.40, 126.00, 126.70, 107966, 66162
GOLDSHARE,20231005, 48.30, 48.70, 48.30, 48.35, 74280, 71323
GOLDSTAR,20231005, 15.20, 15.20, 15.20, 15.20, 67500, 67500
GOLDTECH,20231005, 96.25, 96.25, 96.25, 96.25, 22958, -
GOODLUCK,20231005, 682.50, 750.00, 670.15, 737.05, 4241439, 881620
GOODYEAR,20231005, 1323.00, 1360.90, 1316.05, 1331.50, 27665, 10207
GOYALALUM,20231005, 10.90, 10.90, 10.90, 10.90, 321975, -
GPIL,20231005, 613.20, 620.00, 601.50, 604.30, 303913, 171566
GPPL,20231005, 123.45, 125.40, 122.10, 122.30, 643572, 365327
GPTINFRA,20231005, 98.90, 98.90, 98.90, 98.90, 13307, -
GRANULES,20231005, 360.95, 361.85, 352.20, 354.35, 1335740, 438150
GRAPHITE,20231005, 503.75, 509.40, 497.20, 498.55, 677645, 246327
GRASIM,20231005, 1897.10, 1909.00, 1881.00, 1890.15, 546881, 248381
GRAUWEIL,20231005, 126.45, 126.95, 124.20, 125.10, 162040, 89969
GRAVITA,20231005, 900.20, 915.00, 895.10, 912.60, 169224, 78674
GRCL,20231005, 145.80, 145.80, 131.95, 131.95, 56000, 40000
GREAVESCOT,20231005, 136.00, 136.80, 134.50, 135.55, 836891, 425932
GREENCHEF,20231005, 105.90, 108.60, 104.10, 108.30, 35200, 32000
GREENLAM,20231005, 415.50, 420.00, 389.50, 399.55, 89857, 43401
GREENPANEL,20231005, 373.05, 376.55, 370.00, 370.70, 107391, 62215
GREENPLY,20231005, 169.80, 170.20, 166.30, 167.20, 127631, 66438
GREENPOWER,20231005, 12.95, 13.40, 12.80, 13.40, 4626122, -
GRINDWELL,20231005, 2087.80, 2103.65, 2068.80, 2086.15, 23828, 13309
GRINFRA,20231005, 1220.00, 1226.00, 1194.00, 1209.70, 47855, 30280
GRMOVER,20231005, 198.00, 199.40, 194.75, 196.25, 62724, 31200
GROBTEA,20231005, 870.75, 894.90, 870.55, 887.60, 103, 28
GRPLTD,20231005, 3950.00, 3950.00, 3950.00, 3950.00, 197, -
GRSE,20231005, 810.35, 844.00, 810.30, 817.10, 1312381, 213678
GRWRHITECH,20231005, 1451.45, 1525.00, 1423.05, 1481.40, 71059, 30088
GSEC10YEAR,20231005, 25.18, 25.18, 25.18, 25.18, 2, 2
GSFC,20231005, 172.10, 174.70, 171.60, 172.35, 691277, 299029
GSLSU,20231005, 181.50, 184.50, 178.80, 179.85, 452308, 173145
GSPL,20231005, 285.00, 288.70, 284.05, 287.30, 323971, 144923
GSS,20231005, 208.60, 220.00, 208.60, 218.60, 107714, 63074
GSTL,20231005, 95.25, 101.70, 95.25, 101.70, 2000, 2000
GTECJAINX,20231005, 98.55, 101.65, 98.55, 100.55, 12627, -
GTL,20231005, 8.25, 8.35, 8.15, 8.25, 204077, -
GTLINFRA,20231005, 1.05, 1.10, 1.00, 1.05, 81652965, 34337634
GTPL,20231005, 181.15, 184.85, 178.15, 179.25, 119240, 42267
GUFICBIO,20231005, 285.75, 290.40, 281.85, 285.70, 222348, 174576
GUJALKALI,20231005, 720.05, 728.50, 716.35, 723.00, 58816, 24483
GUJAPOLLO,20231005, 216.25, 219.00, 210.00, 216.85, 2097, -
GUJGASLTD,20231005, 425.25, 425.60, 420.05, 421.10, 918165, 532685
GUJRAFFIA,20231005, 36.40, 36.40, 34.80, 35.00, 1367, -
GULFOILLUB,20231005, 539.65, 558.00, 535.30, 549.80, 63088, 34189
GULFPETRO,20231005, 52.65, 55.10, 51.30, 54.25, 787014, 361064
GULPOLY,20231005, 223.55, 225.50, 221.00, 221.80, 45694, 22156
GVKPIL,20231005, 13.00, 13.00, 12.45, 12.45, 7206688, -
GVPTECH,20231005, 13.05, 13.05, 13.05, 13.05, 45253, -
HAL,20231005, 1935.15, 1972.00, 1931.15, 1943.85, 1976433, 801251
HAPPSTMNDS,20231005, 860.00, 866.75, 855.10, 856.50, 230160, 115091
HARDWYN,20231005, 38.50, 38.50, 36.10, 37.70, 959952, 916458
HARIOMPIPE,20231005, 590.40, 595.45, 585.10, 587.20, 27372, 12038
HARRMALAYA,20231005, 159.95, 161.05, 156.10, 157.35, 33461, 16590
HARSHA,20231005, 419.00, 421.50, 413.50, 414.85, 64176, 34594
HATHWAY,20231005, 21.20, 21.45, 20.65, 21.05, 20439616, 5348391
HATSUN,20231005, 1150.00, 1154.95, 1105.00, 1119.05, 20835, 8007
HAVELLS,20231005, 1397.95, 1425.00, 1393.00, 1411.35, 539631, 157058
HAVISHA,20231005, 1.90, 1.90, 1.80, 1.85, 57094, -
HBLPOWER,20231005, 279.50, 282.00, 273.90, 277.70, 1093599, 470719
HBSL,20231005, 54.50, 56.00, 54.25, 54.95, 11369, 6560
HCC,20231005, 27.30, 28.00, 26.85, 27.80, 22452024, 7176740
HCG,20231005, 376.00, 376.00, 359.25, 362.20, 147908, 37404
HCL-INSYS,20231005, 16.20, 16.45, 15.90, 16.20, 183072, -
HCLTECH,20231005, 1249.00, 1253.95, 1227.80, 1235.45, 2995200, 1654580
HDFCAMC,20231005, 2674.90, 2700.00, 2643.90, 2647.95, 315882, 120089
HDFCBANK,20231005, 1535.05, 1551.55, 1532.60, 1535.75, 24256337, 17451398
HDFCBSE500,20231005, 27.34, 27.89, 27.34, 27.50, 6134, 3093
HDFCGOLD,20231005, 50.99, 50.99, 49.70, 50.10, 904212, 768528
HDFCGROWTH,20231005, 100.32, 100.32, 97.35, 99.53, 1769, 1645
HDFCLIFE,20231005, 626.00, 627.75, 619.90, 624.35, 4050085, 2769894
HDFCLIQUID,20231005, 1000.00, 1000.01, 999.99, 1000.00, 1434, 1429
HDFCMID150,20231005, 151.35, 153.39, 149.85, 150.31, 6513, 5618
HDFCMOMENT,20231005, 229.82, 229.88, 228.50, 229.30, 12833, 12367
HDFCNEXT50,20231005, 448.05, 449.93, 448.05, 449.00, 153, 128
HDFCNIF100,20231005, 194.28, 198.96, 194.28, 197.86, 408, 240
HDFCNIFBAN,20231005, 446.97, 449.09, 446.97, 448.72, 897, 777
HDFCNIFIT,20231005, 324.00, 326.59, 323.01, 324.58, 696, 309
HDFCNIFTY,20231005, 218.90, 218.90, 213.00, 213.84, 16926, 11571
HDFCPVTBAN,20231005, 229.99, 231.38, 229.99, 230.53, 634, 275
HDFCQUAL,20231005, 45.05, 45.05, 44.28, 44.43, 4523, 2101
HDFCSENSEX,20231005, 725.00, 725.00, 718.50, 722.19, 1282, 1088
HDFCSILVER,20231005, 67.88, 68.43, 67.00, 67.99, 312758, 240948
HDFCSML250,20231005, 123.00, 123.50, 122.42, 122.84, 53956, 41275
HDFCVALUE,20231005, 105.90, 106.75, 104.25, 104.56, 6695, 834
HDIL,20231005, 2.90, 2.90, 2.90, 2.90, 65370, -
HEADSUP,20231005, 11.70, 11.75, 11.00, 11.45, 75977, 44203
HEALTHY,20231005, 9.67, 9.79, 9.58, 9.59, 57143, 38147
HECPROJECT,20231005, 45.80, 46.85, 45.05, 46.40, 12690, 3544
HEG,20231005, 1798.00, 1815.00, 1757.10, 1764.80, 183227, 72644
HEIDELBERG,20231005, 192.00, 198.35, 189.55, 195.00, 2712214, 1219798
HEMIPROP,20231005, 113.20, 115.55, 113.20, 113.95, 412907, 213625
HERANBA,20231005, 358.50, 359.05, 354.90, 356.10, 19509, 9352
HERCULES,20231005, 313.10, 318.50, 313.10, 316.15, 20849, 11453
HERITGFOOD,20231005, 229.60, 233.45, 228.80, 229.75, 167941, 98114
HEROMOTOCO,20231005, 3020.00, 3048.85, 2993.40, 3016.65, 537209, 195672
HESTERBIO,20231005, 1622.10, 1689.00, 1622.10, 1673.70, 7231, 4999
HEUBACHIND,20231005, 440.00, 447.95, 437.00, 439.65, 39173, 20519
HEXATRADEX,20231005, 149.40, 156.45, 148.30, 150.60, 53114, 29375
HFCL,20231005, 75.50, 75.85, 73.65, 74.05, 4735510, 2140006
HGINFRA,20231005, 952.75, 960.75, 942.85, 950.50, 32892, 17426
HGS,20231005, 1001.90, 1007.95, 999.00, 1004.55, 11538, 6452
HIGREEN,20231005, 98.15, 98.15, 94.05, 98.15, 1288000, 1201600
HIKAL,20231005, 292.65, 293.00, 285.80, 286.90, 493783, 384101
HIL,20231005, 2871.45, 2944.00, 2871.45, 2933.95, 8637, 4760
HILTON,20231005, 158.90, 158.90, 152.05, 153.65, 49771, 18661
HIMATSEIDE,20231005, 133.90, 135.65, 131.65, 132.45, 238125, 102238
HINDALCO,20231005, 473.40, 482.40, 468.35, 470.55, 4801287, 2461257
HINDCOMPOS,20231005, 419.90, 419.90, 400.35, 410.00, 9535, 4538
HINDCON,20231005, 130.15, 133.90, 130.15, 132.75, 8308, -
HINDCOPPER,20231005, 157.05, 157.95, 153.20, 153.80, 3666626, 1250318
HINDMOTORS,20231005, 15.25, 15.45, 15.20, 15.25, 263246, 184263
HINDNATGLS,20231005, 12.95, 14.25, 12.95, 14.25, 170248, -
HINDOILEXP,20231005, 162.00, 164.60, 160.00, 163.35, 1074135, 525623
HINDPETRO,20231005, 256.00, 261.70, 252.30, 253.55, 5990048, 2176385
HINDUNILVR,20231005, 2518.00, 2524.80, 2495.35, 2519.55, 1909928, 1104165
HINDWAREAP,20231005, 541.00, 545.95, 540.00, 542.50, 72743, 57560
HINDZINC,20231005, 300.55, 307.55, 300.55, 304.50, 292298, 165213
HIRECT,20231005, 333.00, 345.70, 333.00, 345.70, 4031, -
HISARMETAL,20231005, 170.00, 178.75, 170.00, 177.65, 9103, -
HITECH,20231005, 81.20, 84.30, 81.20, 83.70, 656709, 371474
HITECHCORP,20231005, 219.80, 223.95, 217.75, 220.00, 7414, -
HITECHGEAR,20231005, 365.70, 370.00, 361.50, 368.20, 5251, 3084
HLEGLAS,20231005, 550.30, 556.45, 530.00, 538.35, 89272, 43443
HLVLTD,20231005, 23.95, 24.30, 22.45, 22.75, 3738290, 1445939
HMAAGRO,20231005, 736.00, 757.00, 728.05, 736.20, 29511, 17842
HMT,20231005, 53.60, 53.60, 53.60, 53.60, 38626, -
HMVL,20231005, 71.00, 71.50, 68.75, 69.95, 34845, -
HNDFDS,20231005, 543.90, 546.20, 537.50, 540.05, 61307, 36247
HNGSNGBEES,20231005, 260.89, 262.98, 257.50, 261.79, 22050, 17436
HOLMARC,20231005, 82.10, 87.00, 78.95, 81.00, 198000, 183000
HOMEFIRST,20231005, 827.90, 849.80, 819.05, 846.15, 346265, 234738
HOMESFY,20231005, 421.00, 438.00, 420.00, 437.75, 1800, 1500
HONAUT,20231005, 39700.00, 39700.00, 39180.00, 39222.85, 1988, 1351
HONDAPOWER,20231005, 3078.30, 3102.85, 3019.30, 3095.55, 20610, 8574
HOVS,20231005, 56.90, 58.00, 55.25, 56.35, 44789, 19779
HPAL,20231005, 452.45, 465.00, 449.05, 463.00, 101030, 32900
HPIL,20231005, 121.75, 127.00, 116.20, 123.85, 1305, -
HPL,20231005, 210.10, 214.00, 206.75, 208.35, 98963, 60547
HSCL,20231005, 249.05, 252.00, 245.50, 247.85, 1187282, 616826
HTMEDIA,20231005, 25.40, 25.80, 25.10, 25.20, 367377, 187932
HUBTOWN,20231005, 64.80, 65.65, 61.10, 61.40, 271629, 178771
HUDCO,20231005, 90.35, 92.95, 89.40, 90.25, 21866886, 4420026
HUHTAMAKI,20231005, 256.90, 258.45, 252.75, 254.55, 42266, 24921
HYBRIDFIN,20231005, 7.80, 8.10, 7.80, 7.90, 4075, -
IBREALEST,20231005, 80.50, 82.00, 79.80, 80.35, 7232929, 2034997
IBUCCREDIT,20231005, 917.75, 917.75, 917.75, 917.75, 1, 1
IBULHSGFIN,20231005, 1001.00, 1003.10, 1001.00, 1003.10, 15, 15
IBULHSGFIN,20231005, 970.00, 970.00, 970.00, 970.00, 75, 75
IBULHSGFIN,20231005, 171.20, 175.25, 169.10, 171.35, 12280321, 3434241
IBULHSGFIN,20231005, 979.00, 979.00, 979.00, 979.00, 10, 10
IBULHSGFIN,20231005, 1028.00, 1028.00, 1028.00, 1028.00, 1, 1
IBULHSGFIN,20231005, 1030.00, 1030.00, 1030.00, 1030.00, 13, 13
ICDSLTD,20231005, 26.90, 26.90, 26.90, 26.90, 1000, -
ICEMAKE,20231005, 597.25, 617.80, 592.00, 617.80, 48985, 38552
ICICI5GSEC,20231005, 53.50, 53.65, 53.20, 53.21, 286, 284
ICICIBANK,20231005, 935.20, 943.95, 934.55, 940.85, 10478856, 6155130
ICICICOMMO,20231005, 64.93, 64.93, 63.52, 63.66, 56376, 47631
ICICIFIN,20231005, 21.30, 21.30, 20.31, 20.41, 17312, 12965
ICICIGI,20231005, 1304.80, 1315.00, 1294.70, 1296.70, 205623, 90733
ICICIGOLD,20231005, 51.15, 51.15, 49.56, 49.71, 946322, 847881
ICICIINFRA,20231005, 63.30, 63.48, 63.06, 63.43, 2907, 1415
ICICIMOM30,20231005, 23.40, 23.40, 23.00, 23.12, 21138, 16069
ICICIPRULI,20231005, 559.80, 561.95, 550.60, 551.65, 530790, 229856
ICICIQTY30,20231005, 163.00, 163.96, 163.00, 163.96, 314, 312
ICIL,20231005, 223.00, 225.00, 219.00, 222.55, 144706, 66885
ICRA,20231005, 5445.00, 5542.90, 5410.10, 5492.90, 3302, 1801
IDBI,20231005, 70.00, 70.55, 68.30, 68.60, 8639813, 3303702
IDEA,20231005, 11.55, 11.60, 11.05, 11.20, 164929055, 47584570
IDEAFORGE,20231005, 872.65, 874.00, 851.00, 856.50, 151731, 90734
IDFC,20231005, 125.15, 125.55, 123.30, 123.70, 4736897, 2118854
IDFCFIRSTB,20231005, 92.60, 93.00, 91.70, 91.95, 17104086, 7705735
IEL,20231005, 9.85, 9.85, 9.85, 9.85, 72848, -
IEX,20231005, 132.25, 135.25, 131.20, 133.20, 14465801, 4440368
IFBAGRO,20231005, 516.15, 527.85, 512.10, 517.25, 6822, 4054
IFBIND,20231005, 893.35, 903.40, 882.15, 892.30, 15616, 7356
IFCI,20231005, 23.90, 24.25, 22.65, 23.25, 37988747, 9041542
IFGLEXPOR,20231005, 459.95, 468.40, 455.05, 464.50, 24744, 13903
IGARASHI,20231005, 621.35, 624.05, 615.00, 616.55, 21130, 8985
IGL,20231005, 459.90, 460.80, 451.55, 457.95, 1689176, 943651
IGPL,20231005, 525.00, 532.40, 520.60, 524.65, 22422, 10614
IIFL,20231005, 613.00, 618.65, 605.00, 612.10, 214770, 123910
IIFL,20231005, 930.00, 930.00, 930.00, 930.00, 1, 1
IIFLSEC,20231005, 87.35, 89.85, 85.75, 88.80, 741265, 343745
IITL,20231005, 104.10, 110.00, 102.10, 104.30, 2311, -
IKIO,20231005, 357.00, 360.05, 355.00, 356.80, 115711, 60943
IL&FSENGG,20231005, 19.80, 19.80, 19.80, 19.80, 20713, -
IL&FSTRANS,20231005, 4.30, 4.30, 4.30, 4.30, 21312, -
IMAGICAA,20231005, 51.35, 52.25, 51.00, 51.80, 849515, 387080
IMFA,20231005, 413.60, 417.15, 408.40, 413.05, 57401, 25816
IMPAL,20231005, 783.00, 795.00, 770.10, 779.95, 1814, 1319
IMPEXFERRO,20231005, 3.25, 3.25, 3.25, 3.25, 5653, -
INCREDIBLE,20231005, 30.00, 31.00, 29.25, 30.55, 25033, 19433
INDBANK,20231005, 36.40, 36.85, 35.50, 35.80, 48868, -
INDHOTEL,20231005, 411.10, 419.30, 407.90, 417.50, 3093788, 983366
INDIACEM,20231005, 232.50, 236.45, 228.65, 229.35, 2644556, 667008
INDIAGLYCO,20231005, 710.00, 710.00, 698.95, 701.85, 52398, 27876
INDIAMART,20231005, 2905.00, 2924.35, 2851.00, 2861.70, 105851, 39160
INDIANB,20231005, 435.00, 440.00, 425.75, 427.90, 1501407, 528610
INDIANCARD,20231005, 253.95, 256.45, 251.85, 253.80, 8821, 4184
INDIANHUME,20231005, 240.60, 247.40, 240.50, 243.25, 26562, 15241
INDIGO,20231005, 2420.00, 2479.00, 2400.30, 2473.40, 1263799, 641608
INDIGOPNTS,20231005, 1510.00, 1522.00, 1500.00, 1503.00, 25188, 9061
INDLMETER,20231005, 5.05, 5.10, 4.80, 5.00, 4271, -
INDNIPPON,20231005, 499.75, 515.00, 495.00, 497.05, 14424, 7377
INDOAMIN,20231005, 114.55, 118.25, 114.55, 115.85, 52659, 28717
INDOBORAX,20231005, 162.90, 165.20, 162.15, 163.75, 27872, -
INDOCO,20231005, 331.50, 333.50, 328.55, 329.80, 39198, 20512
INDORAMA,20231005, 48.60, 50.50, 48.05, 50.10, 291148, 139661
INDOSTAR,20231005, 173.50, 175.90, 170.30, 174.75, 70483, -
INDOTECH,20231005, 433.00, 435.10, 432.60, 435.05, 2133, -
INDOTHAI,20231005, 220.00, 224.00, 218.05, 221.65, 641, -
INDOWIND,20231005, 13.50, 13.55, 13.20, 13.40, 154233, -
INDRAMEDCO,20231005, 174.80, 175.00, 171.00, 173.10, 47488, -
INDSWFTLAB,20231005, 89.90, 91.00, 89.05, 89.70, 86184, 44102
INDSWFTLTD,20231005, 16.80, 17.30, 16.80, 16.80, 410786, -
INDTERRAIN,20231005, 61.10, 62.85, 60.60, 62.40, 128249, 63535
INDUSINDBK,20231005, 1408.70, 1415.40, 1394.30, 1401.85, 1647175, 707076
INDUSTOWER,20231005, 186.90, 188.65, 182.40, 183.35, 5325801, 2247278
INFIBEAM,20231005, 17.55, 19.90, 17.55, 19.70, 248235596, 54212694
INFINIUM,20231005, 265.00, 265.00, 265.00, 265.00, 2000, 2000
INFOBEAN,20231005, 458.00, 470.00, 458.00, 463.60, 12525, 7099
INFOLLION,20231005, 173.00, 210.00, 173.00, 190.30, 156800, 68800
INFOMEDIA,20231005, 6.60, 6.60, 6.05, 6.05, 7716, -
INFRABEES,20231005, 647.99, 649.98, 639.72, 645.54, 3206, 2558
INFY,20231005, 1452.00, 1475.65, 1450.20, 1463.45, 7384621, 3748162
INGERRAND,20231005, 2848.10, 2871.85, 2805.00, 2863.40, 11465, 6486
INNOVANA,20231005, 575.00, 580.35, 556.25, 580.35, 6000, 6000
INNOVATIVE,20231005, 6.70, 6.70, 6.15, 6.25, 249000, 147000
INOXGREEN,20231005, 63.50, 64.20, 62.40, 63.65, 728412, 328595
INOXWIND,20231005, 199.15, 201.00, 195.10, 197.60, 654301, 399941
INSECTICID,20231005, 507.00, 508.60, 501.25, 506.85, 24319, 13639
INSPIRE,20231005, 67.00, 70.35, 64.20, 67.85, 1620000, 1612000
INSPIRISYS,20231005, 59.65, 60.35, 58.05, 60.00, 15066, 13151
INTELLECT,20231005, 690.25, 708.00, 690.25, 706.40, 185834, 58908
INTENTECH,20231005, 79.45, 83.45, 79.45, 82.30, 159104, 79184
INTLCONV,20231005, 80.55, 83.30, 79.10, 81.95, 304896, 153524
INVENTURE,20231005, 2.30, 2.40, 2.30, 2.35, 2415201, 995458
IOB,20231005, 48.00, 49.05, 46.30, 46.95, 106222501, 14908137
IOC,20231005, 90.45, 90.75, 89.20, 89.65, 9293183, 4800784
IOLCP,20231005, 465.00, 476.50, 464.95, 468.15, 196688, 58881
IONEXCHANG,20231005, 525.00, 530.00, 511.25, 519.80, 112368, 53935
IPCALAB,20231005, 922.00, 934.95, 919.85, 926.95, 225041, 136144
IPL,20231005, 287.00, 289.70, 279.35, 280.95, 402200, 258134
IRB,20231005, 31.25, 31.55, 30.75, 31.00, 10553299, 4673974
IRCON,20231005, 142.90, 143.60, 140.85, 142.00, 5003241, 1664901
IRCTC,20231005, 706.00, 726.50, 705.65, 719.45, 5547419, 2100747
IRFC,20231005, 75.75, 75.85, 74.00, 74.35, 20716740, 8140577
IRIS,20231005, 104.00, 105.00, 101.80, 103.05, 17441, -
IRISDOREME,20231005, 82.50, 86.80, 81.30, 84.35, 484151, 119197
ISEC,20231005, 614.15, 621.95, 613.20, 619.70, 200371, 158924
ISFT,20231005, 140.55, 142.15, 134.60, 135.10, 38147, 29683
ISGEC,20231005, 725.25, 731.80, 709.00, 710.10, 53256, 32300
ISHAN,20231005, 32.10, 32.10, 32.10, 32.10, 1600, 1600
ISMTLTD,20231005, 74.80, 76.90, 74.80, 76.30, 106320, 56434
ITBEES,20231005, 33.74, 33.99, 33.50, 33.76, 3213103, 1997589
ITC,20231005, 440.00, 440.50, 435.05, 436.05, 10030257, 5114990
ITDC,20231005, 382.90, 387.00, 380.75, 382.95, 16683, 6882
ITDCEM,20231005, 220.80, 224.50, 220.50, 221.75, 524600, 218521
ITI,20231005, 195.00, 199.80, 191.20, 194.00, 1730029, 338351
IVC,20231005, 8.00, 8.00, 7.80, 7.85, 139261, -
IVP,20231005, 163.95, 171.90, 162.25, 164.70, 5209, 3919
IWEL,20231005, 2415.40, 2465.00, 2415.40, 2443.95, 4302, 3397
IZMO,20231005, 194.00, 194.00, 189.75, 189.75, 8160, -
J&KBANK,20231005, 106.15, 109.60, 104.95, 107.40, 7273051, 2456954
JAGRAN,20231005, 103.40, 104.75, 102.35, 103.95, 104806, 52398
JAGSNPHARM,20231005, 415.30, 426.80, 415.30, 423.45, 13059, 5840
JAIBALAJI,20231005, 469.95, 483.10, 462.00, 483.10, 608969, -
JAICORPLTD,20231005, 213.50, 237.20, 213.50, 234.35, 8232540, 1986737
JAINAM,20231005, 125.50, 131.40, 125.50, 131.40, 7000, 6000
JAIPURKURT,20231005, 83.50, 84.80, 80.70, 82.95, 21789, 9147
JALAN,20231005, 5.00, 5.25, 4.75, 4.75, 252000, 90000
JAMNAAUTO,20231005, 116.60, 118.90, 116.55, 118.25, 805004, 416902
JASH,20231005, 1351.10, 1449.80, 1351.10, 1444.30, 10599, 7397
JAYAGROGN,20231005, 208.85, 211.00, 205.25, 207.95, 26273, 14282
JAYBARMARU,20231005, 270.80, 272.80, 265.55, 267.40, 12295, 8116
JAYNECOIND,20231005, 36.40, 37.40, 35.95, 37.15, 821699, 468568
JAYSREETEA,20231005, 109.50, 112.20, 108.15, 108.65, 109391, 57044
JBCHEPHARM,20231005, 1510.50, 1510.50, 1465.00, 1494.90, 143680, 84251
JBMA,20231005, 1284.20, 1317.00, 1269.00, 1296.20, 120128, -
JCHAC,20231005, 1208.10, 1214.00, 1193.20, 1200.50, 12619, 7444
JETAIRWAYS,20231005, 64.50, 64.50, 64.50, 64.50, 33875, -
JETFREIGHT,20231005, 9.85, 10.05, 9.70, 10.05, 79015, -
JETKNIT,20231005, 103.80, 103.85, 103.80, 103.85, 4500, 4500
JHS,20231005, 21.20, 22.00, 21.20, 21.55, 38241, -
JINDALPHOT,20231005, 528.00, 534.00, 515.05, 519.60, 14427, 4930
JINDALPOLY,20231005, 674.00, 700.00, 666.10, 687.95, 83032, 22104
JINDALSAW,20231005, 359.80, 363.10, 350.60, 352.60, 339416, 181718
JINDALSTEL,20231005, 682.05, 684.85, 675.00, 677.85, 957466, 298976
JINDRILL,20231005, 645.50, 685.00, 640.45, 658.10, 243411, 73489
JINDWORLD,20231005, 376.70, 380.50, 370.20, 373.30, 88098, 31101
JIOFIN,20231005, 225.90, 227.90, 224.20, 225.40, 13894930, 9728550
JISLDVREQS,20231005, 33.05, 33.05, 31.20, 31.95, 30371, -
JISLJALEQS,20231005, 62.50, 64.30, 61.50, 63.25, 5006581, 2131731
JITFINFRA,20231005, 453.45, 453.45, 453.45, 453.45, 12378, -
JIWANRAM,20231005, 20.00, 20.40, 19.75, 19.95, 234000, 198000
JKCEMENT,20231005, 3149.00, 3185.00, 3120.85, 3135.70, 29354, 7996
JKIL,20231005, 432.00, 435.00, 425.75, 427.50, 73738, 33622
JKLAKSHMI,20231005, 653.00, 676.15, 651.10, 670.15, 370282, 244843
JKPAPER,20231005, 388.75, 395.70, 386.00, 387.50, 554824, 214566
JKTYRE,20231005, 277.85, 291.20, 277.05, 287.65, 3391383, 947189
JLHL,20231005, 1110.00, 1138.60, 1110.00, 1124.70, 117981, 39626
JMA,20231005, 79.45, 79.75, 77.50, 78.75, 21014, 8554
JMFINANCIL,20231005, 84.75, 87.10, 83.55, 86.35, 2507954, 1055282
JOCIL,20231005, 196.70, 196.70, 190.60, 192.15, 11897, 7301
JPASSOCIAT,20231005, 11.45, 11.80, 11.15, 11.25, 24912235, 10063542
JPOLYINVST,20231005, 524.10, 533.50, 522.95, 526.80, 2907, 1635
JPPOWER,20231005, 9.65, 9.95, 9.55, 9.80, 141762097, 34454039
JSL,20231005, 501.60, 501.75, 478.05, 479.75, 856647, 509447
JSLL,20231005, 1019.00, 1021.15, 935.10, 1002.00, 17500, 11500
JSWENERGY,20231005, 422.00, 426.45, 411.00, 413.50, 2779532, 924762
JSWHL,20231005, 4959.90, 5008.10, 4881.05, 4968.25, 36067, 32983
JSWINFRA,20231005, 166.50, 167.85, 159.30, 163.80, 14856340, 6879767
JSWSTEEL,20231005, 762.00, 762.65, 752.90, 755.50, 1459736, 513512
JTEKTINDIA,20231005, 144.30, 144.50, 141.05, 142.15, 131116, 47049
JTLIND,20231005, 224.90, 232.80, 216.15, 229.45, 2456156, 1032712
JUBLFOOD,20231005, 536.10, 544.95, 529.05, 530.20, 2723043, 1496346
JUBLINDS,20231005, 630.95, 648.00, 617.55, 645.40, 14196, 7170
JUBLINGREA,20231005, 475.00, 488.40, 475.00, 484.70, 232254, 97636
JUBLPHARMA,20231005, 431.95, 441.85, 423.50, 424.35, 68558, 36398
JUNIORBEES,20231005, 487.20, 487.20, 471.70, 473.19, 138830, 94013
JUSTDIAL,20231005, 729.00, 739.00, 728.15, 731.15, 67001, 33441
JWL,20231005, 322.15, 326.40, 312.00, 313.40, 504395, 302882
JYOTHYLAB,20231005, 370.00, 370.05, 355.20, 356.70, 981827, 332265
JYOTISTRUC,20231005, 15.50, 15.50, 15.50, 15.50, 530599, -
KABRAEXTRU,20231005, 446.00, 449.85, 440.05, 441.20, 23226, 12384
KAJARIACER,20231005, 1347.00, 1348.55, 1325.55, 1328.45, 45735, 25903
KAKATCEM,20231005, 219.90, 224.20, 218.10, 221.75, 10374, 6381
KALAMANDIR,20231005, 242.80, 242.80, 234.45, 235.60, 1058198, 469266
KALYANIFRG,20231005, 478.10, 478.10, 478.10, 478.10, 284, -
KALYANKJIL,20231005, 228.00, 235.75, 227.90, 234.40, 2580122, 1295159
KAMATHOTEL,20231005, 200.00, 204.90, 198.90, 201.10, 14738, 9501
KAMDHENU,20231005, 311.00, 315.00, 307.00, 310.35, 328861, 135654
KAMOPAINTS,20231005, 153.90, 155.00, 150.25, 152.40, 134816, -
KANANIIND,20231005, 9.05, 9.05, 8.90, 9.05, 2759028, 1278692
KANDARP,20231005, 18.80, 18.80, 18.80, 18.80, 4000, 4000
KANORICHEM,20231005, 135.55, 137.45, 133.35, 134.10, 27526, 13595
KANPRPLA,20231005, 121.95, 125.65, 121.40, 123.05, 13511, 8138
KANSAINER,20231005, 324.55, 325.75, 321.80, 323.05, 263014, 186803
KAPSTON,20231005, 178.45, 184.85, 172.10, 177.65, 9449, 3477
KARMAENG,20231005, 47.00, 48.45, 45.80, 47.85, 22523, -
KARURVYSYA,20231005, 134.00, 136.40, 132.85, 133.80, 2271660, 1583346
KAUSHALYA,20231005, 8.30, 8.30, 8.30, 8.30, 35795, 34200
KAVVERITEL,20231005, 8.10, 8.10, 8.00, 8.05, 2956, -
KAYA,20231005, 352.75, 352.75, 342.80, 347.85, 6085, 3795
KAYNES,20231005, 2410.00, 2540.00, 2396.00, 2491.50, 245920, 132813
KBCGLOBAL,20231005, 2.50, 2.50, 2.50, 2.50, 364418, -
KCP,20231005, 117.00, 137.70, 117.00, 129.95, 4816982, 1547944
KCPSUGIND,20231005, 35.90, 36.30, 35.35, 35.90, 453808, 186028
KDDL,20231005, 2054.35, 2109.95, 2011.30, 2047.95, 45792, 22768
KDL,20231005, 307.50, 307.50, 297.00, 304.40, 8000, 8000
KEC,20231005, 677.40, 681.25, 667.80, 672.05, 106373, 55152
KECL,20231005, 116.05, 120.55, 114.00, 120.55, 1114724, 642781
KEEPLEARN,20231005, 3.00, 3.00, 3.00, 3.00, 33701, -
KEI,20231005, 2679.90, 2735.00, 2624.00, 2698.00, 520925, 322412
KEL,20231005, 66.30, 71.75, 66.30, 70.20, 108000, 102000
KELLTONTEC,20231005, 83.65, 87.70, 83.35, 86.85, 1130389, 377215
KENNAMET,20231005, 2650.00, 2669.00, 2562.35, 2592.95, 8477, 3797
KERNEX,20231005, 454.85, 466.85, 450.00, 466.35, 21050, -
KESORAMIND,20231005, 86.70, 90.90, 86.00, 90.90, 1593225, -
KEYFINSERV,20231005, 110.65, 113.00, 108.65, 111.75, 3702, 2986
KFINTECH,20231005, 478.10, 479.50, 466.00, 468.40, 116340, 53037
KHADIM,20231005, 318.05, 334.30, 318.05, 319.80, 392171, 115613
KHAICHEM,20231005, 64.40, 65.35, 63.80, 64.80, 83004, 47857
KHAITANLTD,20231005, 56.80, 56.80, 54.25, 56.70, 1117, -
KHANDSE,20231005, 25.90, 25.90, 25.00, 25.10, 18027, -
KHFM,20231005, 50.30, 51.85, 50.25, 51.85, 9300, 9300
KICL,20231005, 2915.45, 2955.00, 2905.00, 2939.25, 4714, 2715
KILITCH,20231005, 260.00, 262.10, 260.00, 262.10, 8181, -
KIMS,20231005, 1960.00, 1960.00, 1923.50, 1929.35, 30598, 19369
KINGFA,20231005, 2276.00, 2328.00, 2266.80, 2312.65, 5363, 2787
KIOCL,20231005, 325.40, 333.00, 320.10, 323.70, 575314, 115028
KIRIINDUS,20231005, 270.00, 271.50, 268.00, 268.75, 69545, 35202
KIRLFER,20231005, 474.60, 479.65, 465.50, 466.55, 50724, 23989
KIRLOSBROS,20231005, 840.05, 890.00, 834.95, 885.30, 150922, 99227
KIRLOSENG,20231005, 534.80, 544.20, 529.05, 533.25, 265469, 137160
KIRLOSIND,20231005, 3125.35, 3210.00, 3120.00, 3130.85, 1234, 693
KIRLPNU,20231005, 669.10, 683.80, 665.35, 681.80, 43832, 26568
KITEX,20231005, 207.40, 209.40, 204.10, 205.90, 128036, 54077
KKCL,20231005, 700.70, 709.95, 695.00, 702.40, 36299, 27099
KMSUGAR,20231005, 35.50, 35.85, 34.35, 35.15, 799770, 201012
KNAGRI,20231005, 134.00, 134.00, 130.75, 130.75, 4800, 4800
KNRCON,20231005, 282.95, 286.70, 280.25, 284.35, 539901, 241054
KODYTECH,20231005, 227.65, 227.65, 221.00, 227.65, 96800, 96000
KOHINOOR,20231005, 34.60, 34.95, 34.30, 34.55, 53495, 29883
KOKUYOCMLN,20231005, 136.00, 137.10, 132.00, 134.40, 22040, -
KOLTEPATIL,20231005, 456.80, 472.95, 456.75, 468.20, 255747, 97414
KOPRAN,20231005, 221.20, 223.80, 217.00, 219.70, 133342, 56004
KORE,20231005, 299.50, 305.00, 299.50, 302.25, 4000, 2000
KOTAKALPHA,20231005, 35.29, 35.39, 34.76, 34.86, 123640, 65372
KOTAKBANK,20231005, 1730.00, 1747.00, 1721.15, 1734.25, 2966801, 1790307
KOTAKCONS,20231005, 84.90, 84.90, 83.70, 84.90, 2786, 2406
KOTAKIT,20231005, 33.34, 33.81, 33.34, 33.50, 27607, 18314
KOTAKLIQ,20231005, 999.99, 999.99, 999.99, 999.99, 10, 10
KOTAKLOVOL,20231005, 15.85, 15.85, 15.17, 15.23, 6305, 3579
KOTAKMNC,20231005, 21.88, 22.48, 21.88, 22.05, 4775, 4383
KOTAKSILVE,20231005, 68.09, 69.00, 68.09, 68.90, 3664, 2115
KOTARISUG,20231005, 56.00, 56.00, 52.55, 54.55, 88368, -
KOTHARIPET,20231005, 126.00, 128.10, 123.20, 124.20, 302248, 128523
KOTHARIPRO,20231005, 124.05, 129.50, 124.05, 126.05, 30343, 18903
KOTYARK,20231005, 718.95, 726.40, 703.00, 712.70, 42400, 31800
KOVAI,20231005, 2531.55, 2610.00, 2531.55, 2588.90, 2712, 2006
KPIGREEN,20231005, 890.70, 899.00, 868.00, 886.50, 127901, 66343
KPIL,20231005, 655.00, 661.70, 641.15, 646.85, 111189, 47187
KPITTECH,20231005, 1150.00, 1171.90, 1133.75, 1157.30, 1081653, 482051
KPRMILL,20231005, 749.55, 762.90, 742.85, 748.10, 133472, 43535
KRBL,20231005, 400.00, 405.30, 395.30, 401.40, 271655, 91865
KREBSBIO,20231005, 67.90, 69.00, 65.00, 66.30, 7323, -
KRIDHANINF,20231005, 2.85, 2.85, 2.85, 2.85, 8388, -
KRISHANA,20231005, 478.90, 501.95, 474.00, 500.60, 96168, 58835
KRISHCA,20231005, 220.00, 220.00, 220.00, 220.00, 4000, 4000
KRISHNADEF,20231005, 283.90, 299.00, 283.90, 295.45, 137000, 84000
KRITI,20231005, 100.20, 108.70, 98.20, 105.10, 164447, 90993
KRITIKA,20231005, 22.55, 22.55, 22.55, 22.55, 64778, -
KRITINUT,20231005, 73.50, 74.90, 72.50, 73.10, 9497, -
KRSNAA,20231005, 688.40, 691.00, 673.15, 678.15, 69961, 37315
KSB,20231005, 3011.00, 3097.40, 3010.00, 3028.30, 36394, 10092
KSCL,20231005, 603.50, 609.90, 597.00, 600.40, 50020, 21785
KSHITIJPOL,20231005, 5.50, 5.50, 5.50, 5.50, 32752, -
KSL,20231005, 522.65, 525.95, 485.15, 492.60, 286235, 128491
KSOLVES,20231005, 1063.95, 1065.00, 1040.00, 1059.05, 13634, -
KTKBANK,20231005, 245.80, 247.45, 243.50, 245.50, 978791, 375916
KUANTUM,20231005, 177.40, 179.00, 174.40, 176.50, 88108, 48278
L&TFH,20231005, 131.50, 133.30, 130.30, 131.50, 8586054, 2545019
L&TFINANCE,20231005, 1080.00, 1080.00, 1079.95, 1079.95, 278, 278
LAGNAM,20231005, 65.20, 65.20, 64.00, 64.30, 2459, -
LAL,20231005, 228.70, 228.70, 220.00, 220.00, 2211, -
LALPATHLAB,20231005, 2449.00, 2473.25, 2430.80, 2440.00, 152535, 38768
LAMBODHARA,20231005, 162.85, 176.00, 162.85, 170.85, 99757, 34745
LANDMARK,20231005, 805.55, 811.00, 785.00, 788.90, 72140, 27763
LAOPALA,20231005, 433.15, 435.30, 428.35, 430.35, 33178, 16889
LASA,20231005, 26.10, 26.50, 25.70, 26.05, 21618, -
LATENTVIEW,20231005, 397.70, 415.95, 397.70, 412.40, 552271, 222032
LATTEYS,20231005, 40.10, 40.10, 38.30, 39.55, 5803, -
LAURUSLABS,20231005, 394.00, 397.95, 389.05, 394.65, 889525, 324446
LAXMICOT,20231005, 20.95, 21.05, 20.50, 20.95, 6242, 3655
LAXMIMACH,20231005, 14402.90, 14499.95, 14280.40, 14316.55, 1707, 1064
LCCINFOTEC,20231005, 1.65, 1.70, 1.65, 1.65, 19356, -
LEMERITE,20231005, 46.00, 46.00, 45.00, 45.00, 6400, 6400
LEMONTREE,20231005, 118.20, 120.20, 117.50, 117.90, 7253716, 3877049
LEXUS,20231005, 36.95, 37.20, 36.10, 36.95, 2602, -
LFIC,20231005, 137.45, 156.45, 137.00, 144.30, 58727, 20023
LGBBROSLTD,20231005, 1048.80, 1056.50, 1006.95, 1048.60, 65646, 28241
LGBFORGE,20231005, 9.25, 9.45, 9.10, 9.15, 202151, 106248
LGHL,20231005, 104.90, 104.90, 104.90, 104.90, 8000, 8000
LIBAS,20231005, 13.00, 13.40, 12.95, 13.25, 238060, 174617
LIBERTSHOE,20231005, 280.45, 307.45, 280.45, 287.30, 2181071, 450421
LICHSGFIN,20231005, 469.80, 474.25, 465.30, 471.10, 2137313, 887504
LICI,20231005, 639.10, 642.00, 636.50, 637.75, 396155, 220566
LICMFGOLD,20231005, 5214.85, 5218.00, 5187.00, 5198.05, 98, 89
LIKHITHA,20231005, 329.05, 335.80, 325.90, 327.20, 101800, 36259
LINC,20231005, 751.00, 787.90, 751.00, 783.75, 42345, 25634
LINCOLN,20231005, 517.75, 526.55, 516.00, 519.65, 34986, 12813
LINDEINDIA,20231005, 6005.00, 6015.40, 5925.00, 5968.30, 157874, 143283
LIQUID,20231005, 999.99, 1000.01, 999.99, 999.99, 458358, 389878
LIQUIDBEES,20231005, 1000.00, 1000.01, 999.99, 1000.00, 6154027, 5897577
LLOYDS,20231005, 83.05, 85.00, 83.00, 84.00, 12000, 12000
LLOYDSME,20231005, 558.00, 565.50, 546.00, 550.25, 154983, 106660
LODHA,20231005, 759.00, 774.25, 746.80, 749.10, 1256107, 482163
LOKESHMACH,20231005, 216.00, 226.95, 212.60, 225.00, 557177, 241693
LORDSCHLO,20231005, 166.50, 166.50, 162.00, 162.70, 5831, 4299
LOTUSEYE,20231005, 82.60, 82.95, 82.05, 82.60, 2426, -
LOVABLE,20231005, 128.00, 132.35, 127.45, 129.20, 18062, 8174
LOWVOL,20231005, 149.37, 149.95, 149.08, 149.95, 92, 91
LOYALTEX,20231005, 638.25, 645.00, 606.10, 617.30, 733, 437
LPDC,20231005, 7.05, 7.05, 6.80, 6.90, 181962, 101397
LSIL,20231005, 42.45, 42.75, 42.00, 42.15, 746526, -
LT,20231005, 3032.55, 3114.90, 3032.55, 3096.05, 3413447, 1612139
LTGILTBEES,20231005, 24.34, 24.38, 24.33, 24.36, 772687, 757146
LTIM,20231005, 5217.70, 5255.00, 5195.35, 5226.25, 283699, 112486
LTTS,20231005, 4581.95, 4653.90, 4570.05, 4639.65, 111245, 37783
LUMAXIND,20231005, 2415.00, 2415.00, 2371.00, 2372.55, 2232, 977
LUMAXTECH,20231005, 368.85, 375.00, 365.65, 373.75, 70898, 39983
LUPIN,20231005, 1151.90, 1162.35, 1142.15, 1149.20, 328358, 105219
LUXIND,20231005, 1470.00, 1473.55, 1447.05, 1450.00, 48949, 28058
LXCHEM,20231005, 280.85, 281.90, 277.55, 278.90, 336089, 168854
LYKALABS,20231005, 121.80, 125.50, 118.65, 120.10, 169975, 90068
LYPSAGEMS,20231005, 5.40, 5.40, 5.25, 5.35, 10199, -
M&M,20231005, 1533.00, 1550.80, 1513.05, 1537.95, 1991367, 1088943
M&MFIN,20231005, 290.00, 293.05, 284.35, 286.10, 3614937, 1567768
MAANALU,20231005, 88.70, 88.70, 88.50, 88.50, 44158, -
MACPOWER,20231005, 305.20, 313.50, 305.20, 310.20, 31362, 15775
MADHAV,20231005, 48.75, 51.50, 47.40, 50.50, 150422, 28918
MADHAVBAUG,20231005, 313.00, 319.90, 310.50, 317.90, 6400, 4800
MADHUCON,20231005, 5.25, 5.25, 5.25, 5.25, 1067, -
MADHUSUDAN,20231005, 113.10, 114.90, 108.00, 111.90, 74000, 72000
MADRASFERT,20231005, 74.95, 76.10, 74.25, 74.70, 276247, 54470
MAFANG,20231005, 62.61, 62.61, 61.30, 61.49, 159279, 87396
MAGADSUGAR,20231005, 649.95, 661.00, 648.45, 652.60, 24485, 14076
MAGNUM,20231005, 40.50, 40.50, 39.05, 39.10, 13535, -
MAGSON,20231005, 87.20, 87.20, 86.00, 86.15, 20000, 12000
MAHABANK,20231005, 49.40, 49.70, 47.65, 48.80, 49674472, 11279638
MAHAPEXLTD,20231005, 137.30, 139.50, 135.55, 138.55, 3576, 2387
MAHASTEEL,20231005, 77.50, 81.90, 77.30, 78.70, 177804, 29433
MAHEPC,20231005, 117.55, 118.40, 116.10, 116.50, 25753, 16544
MAHESHWARI,20231005, 80.50, 84.15, 80.50, 80.80, 119383, 28568
MAHICKRA,20231005, 84.25, 84.25, 84.25, 84.25, 1500, 1500
MAHKTECH,20231005, 13.71, 13.74, 13.55, 13.61, 591421, 407321
MAHLIFE,20231005, 540.00, 546.45, 530.90, 537.15, 157185, 87000
MAHLOG,20231005, 386.20, 387.95, 376.60, 377.55, 152214, 92706
MAHSCOOTER,20231005, 7494.15, 7640.00, 7490.00, 7537.65, 4485, 1577
MAHSEAMLES,20231005, 606.65, 620.70, 601.05, 605.20, 212520, 93560
MAITHANALL,20231005, 1009.60, 1017.00, 999.05, 1007.05, 32256, 14002
MAKEINDIA,20231005, 97.81, 97.88, 97.31, 97.53, 15314, 15018
MAKS,20231005, 93.20, 93.20, 93.20, 93.20, 24000, 18000
MAL,20231005, 72.20, 72.20, 72.20, 72.20, 4800, 4800
MALLCOM,20231005, 1112.05, 1121.40, 1095.05, 1106.75, 10781, 6670
MALUPAPER,20231005, 39.30, 40.85, 39.30, 39.65, 38576, 19304
MANAKALUCO,20231005, 26.80, 27.40, 26.65, 26.80, 46540, 27600
MANAKCOAT,20231005, 25.30, 25.50, 24.20, 24.75, 61466, -
MANAKSIA,20231005, 141.00, 141.85, 138.10, 138.90, 69158, 34694
MANAKSTEEL,20231005, 46.50, 46.80, 45.60, 46.10, 58181, 34842
MANALIPETC,20231005, 65.00, 68.00, 65.00, 67.60, 1333459, 697334
MANAPPURAM,20231005, 145.00, 145.60, 139.50, 141.00, 6850203, 3243363
MANGALAM,20231005, 102.90, 103.50, 101.60, 102.00, 49642, 35692
MANGCHEFER,20231005, 107.50, 107.90, 104.05, 105.90, 218470, 130244
MANGLMCEM,20231005, 363.60, 375.70, 362.90, 370.15, 67866, 35544
MANINDS,20231005, 190.50, 194.50, 189.30, 193.55, 470771, 170027
MANINFRA,20231005, 151.00, 153.60, 150.50, 150.80, 544040, 222393
MANKIND,20231005, 1812.55, 1816.65, 1770.60, 1776.65, 106130, 61924
MANOMAY,20231005, 142.45, 142.45, 136.00, 136.85, 32994, 2163
MANORAMA,20231005, 2214.00, 2229.00, 2101.10, 2144.30, 5371, 3361
MANORG,20231005, 377.75, 384.00, 375.10, 380.60, 5703, 3741
MANUGRAPH,20231005, 22.45, 22.80, 22.05, 22.55, 28843, -
MANYAVAR,20231005, 1310.00, 1328.95, 1278.00, 1292.80, 98276, 67195
MAPMYINDIA,20231005, 2212.00, 2252.95, 2111.00, 2124.00, 537627, 105399
MARALOVER,20231005, 75.80, 78.70, 73.95, 76.40, 58275, 31028
MARATHON,20231005, 426.00, 434.80, 420.00, 426.55, 98519, 45005
MARCO,20231005, 42.00, 42.50, 40.50, 42.10, 423000, 408000
MARICO,20231005, 557.00, 563.50, 541.00, 542.45, 3841011, 1623657
MARINE,20231005, 60.75, 60.75, 59.05, 59.70, 95795, -
MARKSANS,20231005, 108.90, 109.65, 106.70, 107.65, 878343, 432153
MARSHALL,20231005, 57.50, 58.00, 55.50, 56.00, 61937, 30822
MARUTI,20231005, 10181.95, 10270.95, 10109.00, 10210.15, 377196, 171918
MASFIN,20231005, 913.90, 920.05, 905.60, 910.85, 21288, 9037
MASKINVEST,20231005, 65.30, 65.30, 65.30, 65.30, 820, -
MASTEK,20231005, 2417.80, 2478.05, 2376.25, 2395.70, 55166, 19758
MASTER,20231005, 140.30, 140.75, 140.30, 140.60, 101000, 101000
MATRIMONY,20231005, 594.75, 609.40, 589.15, 606.15, 13966, 8897
MAWANASUG,20231005, 109.40, 110.65, 107.35, 108.05, 145374, 58750
MAXHEALTH,20231005, 575.00, 575.90, 560.00, 562.50, 753385, 457817
MAXIND,20231005, 143.00, 143.00, 141.00, 141.15, 28774, 20500
MAYURUNIQ,20231005, 544.45, 568.80, 543.00, 559.75, 303894, 122283
MAZDA,20231005, 1150.00, 1161.00, 1125.50, 1137.75, 13906, 6978
MAZDOCK,20231005, 2139.55, 2191.00, 2136.00, 2154.40, 927185, 127270
MBAPL,20231005, 603.45, 613.80, 603.45, 611.30, 4848, 3848
MBECL,20231005, 3.10, 3.15, 2.95, 3.00, 464531, -
MBLINFRA,20231005, 28.00, 28.00, 27.80, 27.80, 21227, -
MCDOWELL-N,20231005, 990.90, 1014.20, 990.10, 1011.50, 628247, 256906
MCL,20231005, 29.85, 30.90, 29.50, 30.45, 43681, -
MCLEODRUSS,20231005, 20.80, 21.00, 20.00, 20.35, 184343, -
MCON,20231005, 129.05, 129.05, 129.05, 129.05, 3000, 3000
MCX,20231005, 1948.90, 1965.00, 1913.15, 1949.25, 1210718, 331119
MDL,20231005, 43.55, 44.10, 43.35, 44.05, 16000, 12000
MEDANTA,20231005, 749.90, 758.40, 732.00, 739.95, 323566, 132690
MEDICAMEQ,20231005, 650.50, 657.95, 642.00, 643.80, 7021, 5171
MEDICO,20231005, 70.90, 71.00, 69.95, 70.65, 263373, 102993
MEDPLUS,20231005, 767.95, 771.00, 751.40, 761.60, 122173, 55946
MEGASOFT,20231005, 47.55, 47.55, 47.55, 47.55, 20945, -
MEGASTAR,20231005, 306.00, 313.50, 298.55, 300.35, 16046, 10255
MELSTAR,20231005, 2.25, 2.25, 2.25, 2.25, 5703, -
MENONBE,20231005, 151.95, 154.00, 147.40, 150.60, 226000, 88460
MEP,20231005, 12.10, 12.20, 11.85, 11.95, 244111, 154044
METROBRAND,20231005, 1199.95, 1214.70, 1173.00, 1182.55, 200909, 25517
METROPOLIS,20231005, 1441.10, 1459.80, 1416.05, 1433.20, 161708, 55166
MFSL,20231005, 888.70, 918.90, 885.55, 911.90, 1252302, 652924
MGEL,20231005, 15.20, 15.25, 15.15, 15.25, 138245, -
MGL,20231005, 1129.60, 1130.00, 1105.55, 1113.30, 642978, 208294
MHHL,20231005, 70.55, 70.55, 69.00, 69.00, 12000, 12000
MHLXMIRU,20231005, 194.80, 209.70, 191.75, 201.55, 87023, 33143
MHRIL,20231005, 409.90, 414.90, 400.25, 403.00, 104215, 50897
MICEL,20231005, 29.90, 29.90, 29.20, 29.90, 1126861, 892320
MID150BEES,20231005, 153.98, 154.80, 152.68, 153.49, 211426, 106662
MIDCAPETF,20231005, 15.35, 15.35, 15.06, 15.09, 278653, 241050
MIDHANI,20231005, 408.95, 425.80, 408.95, 412.40, 1226796, 340363
MINDACORP,20231005, 326.55, 329.00, 318.05, 325.95, 740845, 360449
MINDSPACE,20231005, 310.95, 312.52, 309.00, 309.95, 90463, 81116
MINDTECK,20231005, 171.00, 181.00, 171.00, 177.05, 404719, 120377
MIRCELECTR,20231005, 19.60, 20.00, 18.65, 18.85, 612590, -
MIRZAINT,20231005, 46.00, 48.05, 45.90, 48.05, 2189319, 1200266
MITCON,20231005, 79.05, 79.45, 73.10, 75.70, 70195, 30420
MITTAL,20231005, 16.85, 16.85, 16.25, 16.50, 20854, -
MKPL,20231005, 835.00, 872.50, 820.75, 868.20, 252367, 72998
MMFL,20231005, 871.00, 885.50, 870.05, 874.45, 18421, 13093
MMP,20231005, 234.80, 239.15, 234.80, 235.40, 1760, -
MMTC,20231005, 59.50, 59.70, 57.75, 58.45, 1939888, 620831
MODIRUBBER,20231005, 73.60, 76.90, 73.50, 76.60, 11977, -
MODISONLTD,20231005, 79.75, 79.75, 77.50, 79.65, 25315, -
MOGSEC,20231005, 52.95, 52.95, 52.82, 52.82, 916, 892
MOHEALTH,20231005, 27.81, 28.57, 27.51, 27.91, 16512, 10707
MOHITIND,20231005, 20.00, 20.65, 19.80, 19.90, 73850, 48183
MOIL,20231005, 212.90, 217.35, 212.30, 213.40, 385516, 167200
MOKSH,20231005, 16.35, 16.90, 16.05, 16.35, 100226, -
MOL,20231005, 79.25, 80.00, 78.65, 79.30, 618218, 389043
MOLDTECH,20231005, 343.10, 355.00, 338.50, 351.85, 59376, 34194
MOLDTKPAC,20231005, 904.95, 904.95, 895.15, 896.70, 32331, 21730
MOLOWVOL,20231005, 28.27, 28.74, 28.27, 28.37, 788, 679
MOMENTUM,20231005, 23.00, 23.16, 22.86, 22.99, 7619, 5584
MOMOMENTUM,20231005, 46.00, 48.67, 45.81, 47.70, 29780, 28638
MONARCH,20231005, 329.00, 360.00, 329.00, 343.55, 968469, 217249
MONOPHARMA,20231005, 35.95, 38.00, 35.20, 37.55, 164000, 120000
MONTECARLO,20231005, 792.25, 802.95, 778.00, 788.75, 15703, 5527
MOQUALITY,20231005, 137.30, 137.35, 136.77, 137.15, 26, 23
MORARJEE,20231005, 21.00, 22.60, 20.70, 22.20, 224700, 138743
MOREPENLAB,20231005, 36.60, 36.85, 36.00, 36.20, 1931081, 748685
MOS,20231005, 92.75, 92.75, 87.65, 88.05, 8000, 4800
MOTHERSON,20231005, 93.25, 93.90, 92.30, 92.75, 7392821, 4467018
MOTILALOFS,20231005, 892.20, 941.90, 890.75, 935.30, 325314, 130240
MOTOGENFIN,20231005, 32.00, 32.00, 31.10, 31.85, 2147, -
MOVALUE,20231005, 65.00, 67.00, 62.87, 63.79, 6628, 4659
MOXSH,20231005, 122.10, 125.00, 122.10, 125.00, 1600, 1600
MPHASIS,20231005, 2440.10, 2480.05, 2420.05, 2471.20, 495274, 281396
MPSLTD,20231005, 1703.00, 1784.00, 1666.00, 1758.35, 212120, 46485
MRF,20231005, 107300.00, 107820.00, 106583.05, 106770.50, 3120, 897
MRO-TEK,20231005, 60.30, 61.75, 60.30, 61.15, 12325, 7100
MRPL,20231005, 99.10, 102.30, 98.00, 98.80, 12792503, 2542220
MSPL,20231005, 19.15, 19.15, 19.15, 19.15, 8451346, -
MSTCLTD,20231005, 425.90, 438.30, 425.90, 430.90, 262746, 79033
MSUMI,20231005, 63.20, 63.50, 61.80, 61.95, 3771260, 2498245
MTARTECH,20231005, 2624.50, 2664.00, 2620.80, 2634.20, 230317, 79523
MTEDUCARE,20231005, 4.90, 5.05, 4.65, 4.65, 148592, -
MTNL,20231005, 30.00, 30.60, 29.30, 29.55, 5579548, 1752654
MUKANDLTD,20231005, 166.00, 167.90, 163.55, 164.05, 110747, 58391
MUKTAARTS,20231005, 62.85, 64.50, 62.00, 63.90, 25055, 16214
MUNJALAU,20231005, 56.90, 57.20, 56.05, 56.30, 96431, 53511
MUNJALSHOW,20231005, 142.30, 145.00, 141.00, 142.40, 41255, 23638
MURUDCERA,20231005, 47.20, 57.00, 47.20, 56.80, 3071552, 1234106
MUTHOOTCAP,20231005, 424.00, 435.00, 418.80, 420.20, 31692, 14598
MUTHOOTFIN,20231005, 1222.15, 1230.90, 1190.00, 1198.85, 779667, 506727
MVGJL,20231005, 203.95, 219.50, 203.50, 218.25, 994953, 428358
MWL,20231005, 119.00, 119.80, 118.90, 119.80, 3600, 3600
NACLIND,20231005, 79.20, 80.00, 78.70, 79.25, 42187, 24026
NAGAFERT,20231005, 8.40, 8.70, 8.35, 8.70, 1164449, 866541
NAGREEKCAP,20231005, 15.40, 15.40, 15.40, 15.40, 805, -
NAGREEKEXP,20231005, 57.45, 58.50, 54.10, 55.00, 114508, 62716
NAHARCAP,20231005, 298.00, 310.00, 297.00, 304.10, 15391, 9412
NAHARINDUS,20231005, 138.35, 141.80, 137.10, 139.75, 69101, 35228
NAHARPOLY,20231005, 244.10, 248.05, 240.50, 242.25, 23973, 14049
NAHARSPING,20231005, 258.55, 264.30, 258.15, 259.70, 30097, 17508
NAM-INDIA,20231005, 333.00, 335.65, 331.30, 334.55, 493695, 335462
NARMADA,20231005, 19.75, 19.75, 18.80, 19.00, 46701, 33583
NATCOPHARM,20231005, 869.55, 873.65, 856.20, 866.25, 152705, 68719
NATHBIOGEN,20231005, 205.00, 208.80, 204.95, 206.05, 26744, 17772
NATIONALUM,20231005, 94.85, 95.50, 94.15, 94.40, 3856960, 1228088
NAUKRI,20231005, 4055.10, 4220.00, 4051.05, 4209.05, 576826, 243832
NAVA,20231005, 436.00, 440.95, 425.35, 426.75, 408718, 262175
NAVINFLUOR,20231005, 3751.50, 3764.50, 3650.05, 3695.60, 1819526, 918370
NAVINIFTY,20231005, 195.96, 200.00, 195.86, 199.68, 261, 132
NAVKARCORP,20231005, 59.20, 59.75, 58.40, 59.45, 223313, 130867
NAVNETEDUL,20231005, 168.00, 169.75, 163.20, 167.10, 1634285, 615312
NAZARA,20231005, 835.00, 879.00, 832.30, 865.95, 1893718, 385409
NBCC,20231005, 57.90, 58.50, 57.50, 57.75, 9595015, 2876389
NBIFIN,20231005, 1843.00, 1843.00, 1808.00, 1812.10, 167, 158
NCC,20231005, 158.40, 159.40, 156.05, 157.00, 2500149, 981964
NCLIND,20231005, 236.60, 236.60, 221.00, 223.25, 968387, 466682
NDGL,20231005, 1740.00, 1805.00, 1702.15, 1729.65, 817, 426
NDL,20231005, 24.40, 26.00, 23.90, 25.65, 580040, 329481
NDLVENTURE,20231005, 142.00, 147.00, 139.05, 139.45, 6448, -
NDRAUTO,20231005, 611.35, 611.35, 611.35, 611.35, 2834, -
NDTV,20231005, 215.70, 224.80, 212.00, 215.45, 443316, 122013
NECCLTD,20231005, 22.35, 23.00, 22.35, 22.60, 509428, 34624
NECCLTDPP,20231005, 9.80, 9.80, 9.35, 9.55, 10245, 10129
NECLIFE,20231005, 24.20, 24.30, 23.95, 24.05, 106088, 65322
NELCAST,20231005, 162.95, 165.00, 161.40, 163.55, 177497, 101593
NELCO,20231005, 789.85, 795.65, 777.70, 780.95, 32702, 14161
NEOGEN,20231005, 1789.00, 1859.30, 1769.75, 1812.70, 114635, 38122
NESCO,20231005, 685.00, 685.00, 673.55, 675.15, 32860, 17851
NESTLEIND,20231005, 23005.00, 23107.20, 22775.00, 22918.70, 68000, 30167
NETWEB,20231005, 834.95, 841.25, 822.60, 825.10, 27077, 15237
NETWORK18,20231005, 68.50, 73.45, 68.50, 72.85, 17937485, 3914614
NEULANDLAB,20231005, 3899.00, 3980.00, 3875.00, 3925.15, 37745, 21997
NEWGEN,20231005, 883.00, 905.00, 870.10, 893.45, 187012, 137440
NEWJAISA,20231005, 71.00, 74.55, 67.45, 70.80, 3726000, 3702000
NEXT50,20231005, 458.82, 458.82, 450.94, 451.15, 554, 306
NEXTMEDIA,20231005, 5.90, 5.90, 5.90, 5.90, 2192, 2192
NFL,20231005, 70.25, 71.60, 69.85, 70.30, 2420454, 872926
NGIL,20231005, 44.90, 45.00, 43.10, 43.45, 4696, 3269
NGLFINE,20231005, 1938.00, 1944.40, 1918.05, 1926.80, 1252, 520
NH,20231005, 1098.00, 1104.20, 1079.15, 1087.80, 185285, 119010
NHPC,20231005, 52.00, 53.65, 51.70, 53.05, 48742608, 22543834
NIACL,20231005, 134.35, 138.00, 133.10, 137.05, 755373, 209748
NIBL,20231005, 31.70, 32.00, 31.70, 31.75, 14476, -
NIDAN,20231005, 31.70, 32.45, 30.95, 31.05, 128000, 94000
NIF100BEES,20231005, 203.99, 203.99, 202.78, 202.85, 85747, 75964
NIFMID150,20231005, 149.80, 150.92, 149.00, 149.39, 603, 531
NIFTYBEES,20231005, 220.85, 220.85, 214.41, 215.53, 2006257, 1374482
NIFTYETF,20231005, 205.90, 206.50, 205.07, 206.12, 13533, 10974
NIFTYQLITY,20231005, 16.65, 16.89, 16.43, 16.48, 30406, 21814
NIITLTD,20231005, 119.05, 123.00, 119.05, 120.35, 467848, 177442
NIITMTS,20231005, 419.95, 424.00, 411.80, 416.20, 104453, 71249
NILAINFRA,20231005, 6.70, 6.75, 6.45, 6.55, 301290, -
NILASPACES,20231005, 3.05, 3.05, 3.00, 3.00, 44466, -
NILKAMAL,20231005, 2289.05, 2309.90, 2275.00, 2281.15, 1624, 643
NINSYS,20231005, 372.05, 382.00, 355.20, 372.05, 6483, 3231
NIPPOBATRY,20231005, 494.80, 504.00, 494.80, 504.00, 6105, -
NIRAJ,20231005, 40.05, 40.05, 38.20, 39.25, 187695, -
NIRMAN,20231005, 177.00, 178.00, 170.55, 171.30, 46800, 32400
NITCO,20231005, 19.00, 21.00, 19.00, 20.35, 1238782, 537408
NITINSPIN,20231005, 286.95, 288.55, 282.00, 282.40, 109244, 56743
NITIRAJ,20231005, 112.00, 112.00, 107.00, 108.05, 3195, -
NKIND,20231005, 37.55, 37.55, 37.50, 37.50, 168, 160
NLCINDIA,20231005, 130.95, 132.85, 130.35, 132.30, 941310, 405108
NMDC,20231005, 146.90, 148.55, 145.75, 146.20, 9110789, 4401786
NOCIL,20231005, 225.40, 229.50, 225.40, 226.80, 327555, 166479
NOIDATOLL,20231005, 8.25, 8.30, 7.95, 8.00, 588866, 459541
NORBTEAEXP,20231005, 13.35, 13.35, 12.75, 13.35, 10209, -
NOVARTIND,20231005, 728.95, 729.00, 720.25, 721.65, 7177, 3881
NPBET,20231005, 231.30, 234.64, 231.30, 233.00, 1043, 485
NPST,20231005, 1325.55, 1380.00, 1325.55, 1366.30, 13200, 11200
NRAIL,20231005, 369.55, 376.60, 355.55, 365.60, 42273, 19870
NRBBEARING,20231005, 270.35, 275.70, 269.50, 273.10, 144110, 62748
NRL,20231005, 95.85, 102.75, 95.15, 100.20, 117256, 60233
NSIL,20231005, 2632.45, 2653.00, 2604.05, 2638.25, 1709, 945
NSLNISP,20231005, 50.35, 51.10, 49.90, 50.90, 5982154, 3498103
NTPC,20231005, 237.25, 237.40, 232.05, 233.85, 22472389, 15381112
NUCLEUS,20231005, 984.05, 1001.85, 976.50, 987.40, 28344, 16946
NURECA,20231005, 377.45, 396.80, 367.45, 370.15, 284304, 64988
NUVAMA,20231005, 2126.00, 2244.95, 2100.00, 2176.70, 93177, -
NUVOCO,20231005, 371.00, 374.05, 364.10, 367.20, 274248, 184818
NV20BEES,20231005, 118.80, 118.80, 116.47, 116.89, 5112, 4480
NXST,20231005, 129.60, 129.60, 127.00, 128.36, 357345, 248049
NYKAA,20231005, 148.50, 148.50, 144.80, 147.00, 5237424, 3662104
OAL,20231005, 391.90, 394.45, 380.00, 382.60, 21400, 11392
OBCL,20231005, 49.60, 57.35, 49.60, 53.60, 354548, 130538
OBEROIRLTY,20231005, 1124.10, 1149.10, 1075.80, 1091.05, 1720879, 604044
OCCL,20231005, 804.25, 804.25, 780.00, 784.20, 18366, 13511
OFSS,20231005, 4062.00, 4084.95, 4001.00, 4017.40, 55061, 26643
OIL,20231005, 291.35, 296.00, 290.50, 294.95, 1496561, 910856
OILCOUNTUB,20231005, 23.20, 23.20, 23.00, 23.20, 46829, -
OLECTRA,20231005, 1193.75, 1209.00, 1185.00, 1192.80, 169821, 100733
OMAXAUTO,20231005, 58.00, 59.50, 56.95, 59.40, 50996, 31670
OMAXE,20231005, 74.00, 77.35, 73.05, 74.45, 1596814, 884730
OMFURN,20231005, 81.05, 81.05, 80.70, 80.90, 6000, 4000
OMINFRAL,20231005, 92.25, 92.25, 92.25, 92.25, 54160, -
OMKARCHEM,20231005, 10.30, 10.35, 9.60, 10.35, 19167, -
ONELIFECAP,20231005, 15.90, 15.95, 15.15, 15.75, 118918, 41892
ONEPOINT,20231005, 35.80, 35.80, 34.85, 34.85, 99446, -
ONGC,20231005, 181.25, 184.00, 181.00, 182.20, 11128340, 5661908
ONMOBILE,20231005, 103.50, 109.00, 102.50, 107.05, 1477975, 328991
ONWARDTEC,20231005, 541.50, 552.55, 538.10, 545.85, 18658, 5804
OPTIEMUS,20231005, 292.80, 307.60, 292.75, 302.55, 177238, 88652
ORBTEXP,20231005, 163.50, 173.00, 163.50, 170.95, 11834, -
ORCHPHARMA,20231005, 498.45, 514.35, 486.05, 506.65, 108824, 67694
ORIANA,20231005, 330.00, 330.00, 318.00, 318.75, 60000, 43200
ORICONENT,20231005, 25.65, 25.65, 25.00, 25.35, 95178, -
ORIENTALTL,20231005, 7.25, 7.25, 7.15, 7.15, 23279, 11939
ORIENTBELL,20231005, 468.75, 473.45, 464.40, 469.25, 8089, 6680
ORIENTCEM,20231005, 173.30, 180.70, 173.05, 176.70, 1174673, 335028
ORIENTCER,20231005, 37.00, 37.30, 36.20, 36.35, 83734, -
ORIENTELEC,20231005, 222.50, 224.85, 222.15, 224.20, 200830, 136394
ORIENTHOT,20231005, 87.00, 88.25, 86.05, 86.75, 437406, 218976
ORIENTLTD,20231005, 78.90, 78.90, 76.10, 76.90, 3828, -
ORIENTPPR,20231005, 51.50, 51.65, 50.15, 50.60, 1545125, 704928
ORISSAMINE,20231005, 5690.00, 5880.00, 5651.00, 5696.90, 38965, 8435
ORTEL,20231005, 0.90, 0.90, 0.90, 0.90, 200, -
ORTINLAB,20231005, 19.30, 19.80, 19.05, 19.50, 18342, -
OSIAHYPER,20231005, 50.85, 50.85, 47.90, 48.35, 14204, -
OSWALAGRO,20231005, 33.70, 35.50, 33.70, 34.95, 334765, 135471
OSWALGREEN,20231005, 24.55, 27.55, 24.55, 27.30, 2316939, 1137553
OSWALSEEDS,20231005, 68.25, 70.70, 65.75, 69.75, 131143, 69580
PAGEIND,20231005, 39390.00, 39557.50, 39000.00, 39056.65, 15128, 8073
PAISALO,20231005, 64.05, 64.90, 62.75, 63.35, 550161, 286736
PAKKA,20231005, 230.85, 236.70, 228.00, 230.15, 165437, 70188
PALASHSECU,20231005, 106.95, 110.40, 106.75, 107.25, 13665, 5889
PALREDTEC,20231005, 144.95, 148.35, 143.20, 145.65, 20148, 15925
PANACEABIO,20231005, 167.85, 179.00, 165.60, 177.65, 1822199, 569866
PANACHE,20231005, 71.40, 73.35, 71.05, 73.00, 2543, -
PANAMAPET,20231005, 309.40, 313.25, 307.00, 309.25, 51174, 24156
PANSARI,20231005, 85.00, 86.65, 82.60, 84.50, 2292, -
PAR,20231005, 205.65, 210.90, 205.00, 207.00, 4655, 3141
PARACABLES,20231005, 65.00, 65.40, 62.75, 64.45, 320343, -
PARADEEP,20231005, 71.30, 71.80, 70.10, 70.40, 1359734, 547373
PARAGMILK,20231005, 212.00, 213.10, 207.30, 209.85, 511131, 202889
PARAS,20231005, 722.25, 737.20, 720.55, 728.50, 186629, 54684
PARASPETRO,20231005, 2.05, 2.05, 2.05, 2.05, 268590, -
PARSVNATH,20231005, 12.10, 12.10, 11.50, 11.65, 534716, -
PARTYCRUS,20231005, 67.90, 67.90, 65.20, 66.00, 44000, 42000
PASUPTAC,20231005, 39.20, 40.75, 38.30, 40.05, 274596, 154624
PATANJALI,20231005, 1230.00, 1250.00, 1215.05, 1245.60, 89418, -
PATELENG,20231005, 50.90, 52.55, 49.80, 52.55, 8702493, 5382344
PATINTLOG,20231005, 14.90, 15.25, 14.15, 14.30, 407987, -
PAVNAIND,20231005, 417.35, 435.50, 405.15, 430.25, 7518, 6151
PAYTM,20231005, 867.00, 902.00, 863.90, 895.10, 2705895, 1599059
PCBL,20231005, 183.00, 186.25, 179.85, 183.45, 5759945, 1973593
PCJEWELLER,20231005, 25.80, 26.35, 25.80, 25.85, 1879191, 1315826
PDMJEPAPER,20231005, 51.40, 51.95, 50.50, 51.15, 167971, 68232
PDSL,20231005, 455.00, 470.90, 454.00, 464.35, 78934, 34607
PEARLPOLY,20231005, 25.75, 26.90, 25.50, 26.75, 141663, 63589
PEL,20231005, 1050.00, 1068.80, 1048.50, 1060.00, 687024, 186615
PENIND,20231005, 107.45, 109.25, 105.70, 106.30, 648261, 266491
PENINLAND,20231005, 31.00, 31.75, 30.50, 31.40, 313873, 172874
PERFECT,20231005, 23.15, 23.75, 22.85, 23.10, 60000, 42000
PERSISTENT,20231005, 5729.00, 5780.00, 5695.05, 5739.35, 235078, 88996
PETRONET,20231005, 236.05, 237.30, 231.10, 232.20, 1786731, 1025119
PFC,20231005, 246.50, 246.85, 239.85, 240.55, 6991188, 2320632
PFIZER,20231005, 3927.05, 3966.90, 3910.90, 3960.20, 23696, 12053
PFOCUS,20231005, 92.40, 95.40, 92.10, 93.50, 191496, 146211
PFS,20231005, 28.05, 28.30, 27.60, 28.10, 2051946, 921012
PGEL,20231005, 1734.80, 1785.90, 1731.00, 1774.25, 30346, 15020
PGHH,20231005, 17785.00, 18000.00, 17721.00, 17819.90, 3218, 944
PGHL,20231005, 5109.45, 5109.45, 5005.10, 5058.70, 4299, 2251
PGIL,20231005, 1040.00, 1054.00, 1032.15, 1045.65, 15230, 7090
PHANTOMFX,20231005, 446.95, 448.70, 438.00, 446.75, 27000, 17400
PHARMABEES,20231005, 15.45, 15.55, 15.23, 15.26, 1724866, 1075883
PHOENIXLTD,20231005, 1818.55, 1820.85, 1730.00, 1769.30, 272024, 137303
PIDILITIND,20231005, 2435.60, 2438.30, 2420.00, 2429.20, 231636, 112292
PIGL,20231005, 43.35, 44.20, 41.35, 41.60, 22199, -
PIIND,20231005, 3408.70, 3416.90, 3376.00, 3385.95, 158919, 107400
PILANIINVS,20231005, 2436.95, 2545.00, 2421.00, 2451.65, 31365, 12016
PILITA,20231005, 10.00, 10.00, 9.65, 10.00, 362417, -
PIONEEREMB,20231005, 48.10, 52.40, 48.10, 51.70, 139198, 69375
PITTIENG,20231005, 598.95, 607.40, 587.00, 590.85, 42107, 20768
PIXTRANS,20231005, 1217.25, 1217.25, 1195.15, 1201.55, 14701, 9007
PKTEA,20231005, 304.00, 304.00, 301.00, 301.00, 40, -
PLASTIBLEN,20231005, 231.20, 233.15, 221.05, 225.65, 80222, 60179
PNB,20231005, 80.70, 81.05, 76.25, 77.10, 134330537, 33463922
PNBGILTS,20231005, 77.70, 79.10, 76.40, 76.80, 764713, 307812
PNBHOUSING,20231005, 728.80, 730.45, 703.85, 707.85, 546425, 122995
PNC,20231005, 38.65, 39.20, 37.15, 38.20, 41028, 7484
PNCINFRA,20231005, 378.00, 378.10, 368.10, 371.40, 239794, 98880
POCL,20231005, 476.95, 489.95, 472.00, 475.95, 41325, 10791
PODDARHOUS,20231005, 112.05, 114.60, 108.65, 112.40, 49852, 23939
PODDARMENT,20231005, 360.15, 362.95, 355.90, 358.55, 4077, 2960
POKARNA,20231005, 473.15, 484.00, 467.10, 471.90, 42250, 8900
POLICYBZR,20231005, 760.00, 777.00, 758.80, 767.00, 973253, 671825
POLYCAB,20231005, 5336.95, 5359.00, 5230.20, 5240.10, 286121, 111579
POLYMED,20231005, 1401.80, 1420.00, 1391.85, 1408.00, 28442, 18006
POLYPLEX,20231005, 1158.00, 1173.00, 1146.00, 1152.20, 62212, 25051
PONNIERODE,20231005, 424.15, 428.45, 420.80, 423.15, 24587, 9583
POONAWALLA,20231005, 381.00, 383.00, 376.10, 378.20, 2937006, 1919783
POWERGRID,20231005, 199.50, 199.50, 195.35, 196.60, 14575590, 8167919
POWERINDIA,20231005, 4008.30, 4065.35, 3952.00, 3969.40, 26685, 18002
POWERMECH,20231005, 4110.00, 4166.10, 4080.10, 4109.85, 10415, 5564
PPAP,20231005, 246.75, 252.40, 244.60, 246.30, 6083, 2953
PPL,20231005, 261.00, 262.60, 256.00, 256.50, 61843, 35849
PPLPHARMA,20231005, 100.30, 101.05, 99.90, 100.25, 1550950, 848345
PRAENG,20231005, 13.65, 13.65, 13.15, 13.25, 61504, 45042
PRAJIND,20231005, 580.80, 584.85, 569.00, 571.05, 775600, 334322
PRAKASH,20231005, 141.00, 142.30, 137.50, 139.45, 703712, 325126
PRAKASHSTL,20231005, 5.40, 5.40, 5.30, 5.30, 311022, -
PRAMARA,20231005, 86.00, 86.00, 80.05, 81.85, 56000, 52000
PRAXIS,20231005, 32.05, 32.05, 32.05, 32.05, 6697, -
PRECAM,20231005, 270.05, 275.05, 268.80, 270.10, 66320, 34039
PRECISION,20231005, 44.00, 44.00, 44.00, 44.00, 2000, 2000
PRECOT,20231005, 225.00, 226.50, 220.35, 222.10, 3119, 2365
PRECWIRE,20231005, 130.00, 132.25, 127.55, 131.20, 665174, 238787
PREMEXPLN,20231005, 1038.00, 1059.00, 1013.85, 1035.65, 11761, -
PREMIER,20231005, 3.35, 3.35, 3.35, 3.35, 34408, -
PREMIERPOL,20231005, 106.65, 111.95, 106.65, 111.95, 28205, -
PRESTIGE,20231005, 638.00, 677.80, 631.10, 671.30, 3114305, 970273
PRICOLLTD,20231005, 329.90, 332.80, 326.00, 330.30, 204842, 80512
PRIMESECU,20231005, 150.00, 152.20, 147.30, 148.30, 11954, 5510
PRINCEPIPE,20231005, 678.00, 688.35, 667.95, 670.50, 130624, 60923
PRITI,20231005, 178.95, 179.00, 171.50, 172.35, 25989, 19208
PRITIKA,20231005, 69.15, 70.90, 69.00, 70.90, 20000, 16000
PRITIKAUTO,20231005, 18.30, 18.50, 18.30, 18.50, 93641, -
PRIVISCL,20231005, 1214.50, 1218.70, 1202.05, 1212.20, 4804, 2592
PROPEQUITY,20231005, 207.65, 207.65, 207.00, 207.00, 12000, 12000
PROV,20231005, 910.00, 924.95, 910.00, 911.00, 1600, 1120
PROZONER,20231005, 30.35, 30.95, 30.00, 30.45, 574769, 185288
PRSMJOHNSN,20231005, 129.00, 130.60, 127.60, 129.90, 189728, 93241
PRUDENT,20231005, 1125.00, 1230.00, 1117.40, 1202.80, 115567, 69213
PSB,20231005, 46.70, 46.90, 44.90, 45.25, 5672546, 1351785
PSPPROJECT,20231005, 793.05, 802.05, 774.40, 784.05, 58980, 32572
PSUBANKICI,20231005, 53.24, 53.24, 51.85, 52.28, 53743, 40192
PSUBNKBEES,20231005, 58.17, 59.65, 57.43, 57.90, 1606594, 943681
PTC,20231005, 131.90, 134.75, 131.90, 133.70, 1034474, 493253
PTCIL,20231005, 5702.55, 5750.00, 5470.00, 5511.40, 4084, 2962
PTL,20231005, 39.60, 39.85, 38.55, 39.25, 170778, 101267
PULZ,20231005, 76.80, 76.80, 76.80, 76.80, 2000, 2000
PUNJABCHEM,20231005, 1119.15, 1119.15, 1095.10, 1102.60, 11113, 6335
PURVA,20231005, 124.00, 129.50, 123.30, 126.00, 936076, 262732
PVP,20231005, 12.10, 12.20, 11.90, 12.20, 332134, 287605
PVRINOX,20231005, 1700.05, 1708.80, 1693.05, 1705.65, 181980, 68881
PYRAMID,20231005, 174.95, 174.95, 168.35, 170.40, 168592, 96425
QFIL,20231005, 109.50, 109.90, 109.50, 109.90, 6000, 6000
QMSMEDI,20231005, 135.00, 135.00, 132.00, 132.00, 6000, 6000
QUESS,20231005, 423.90, 429.00, 422.50, 423.50, 121662, 64599
QUICKHEAL,20231005, 284.25, 289.70, 278.80, 284.60, 369978, 97344
QUICKTOUCH,20231005, 212.20, 212.20, 212.20, 212.20, 2000, 2000
RACE,20231005, 255.70, 256.65, 251.00, 252.10, 9153, 6326
RADHIKAJWE,20231005, 37.65, 39.80, 35.90, 36.10, 3573442, 1193544
RADIANTCMS,20231005, 90.90, 94.50, 90.55, 92.70, 573839, 349870
RADICO,20231005, 1187.15, 1209.85, 1187.15, 1206.10, 80698, 40976
RADIOCITY,20231005, 15.20, 15.80, 14.60, 15.35, 2090331, 1285243
RADIOCITY,20231005, 92.20, 94.00, 92.20, 92.30, 10778, 10733
RAILTEL,20231005, 216.40, 217.75, 213.20, 214.20, 1004205, 343563
RAIN,20231005, 165.80, 165.95, 162.30, 163.35, 892509, 375389
RAINBOW,20231005, 1041.05, 1043.50, 1034.00, 1035.90, 97100, 55076
RAJESHEXPO,20231005, 503.30, 505.40, 497.00, 498.00, 193026, 121440
RAJMET,20231005, 10.00, 10.00, 9.70, 9.75, 839238, -
RAJRATAN,20231005, 759.05, 769.45, 747.95, 750.50, 24225, 12339
RAJRILTD,20231005, 38.00, 39.30, 37.90, 37.90, 9753, -
RAJSREESUG,20231005, 51.95, 53.55, 50.50, 51.00, 70402, -
RAJTV,20231005, 49.75, 51.15, 48.20, 49.95, 16055, 8837
RALLIS,20231005, 211.00, 214.65, 211.00, 212.00, 330378, 163237
RAMANEWS,20231005, 14.90, 15.00, 14.55, 14.70, 32080, 24179
RAMAPHO,20231005, 230.00, 248.00, 230.00, 239.10, 49888, 28169
RAMASTEEL,20231005, 34.95, 35.80, 34.90, 35.00, 2848184, 1019708
RAMCOCEM,20231005, 959.00, 963.80, 935.40, 939.50, 1214662, 219792
RAMCOIND,20231005, 179.95, 182.10, 179.00, 180.20, 45610, 27619
RAMCOSYS,20231005, 315.90, 315.90, 306.00, 307.85, 87940, 32436
RAMKY,20231005, 587.10, 595.85, 583.00, 585.60, 53257, 26534
RAMRAT,20231005, 266.70, 276.15, 266.70, 271.10, 64818, 22769
RANASUG,20231005, 27.75, 27.90, 26.80, 27.15, 1155224, 388278
RANEENGINE,20231005, 301.50, 306.00, 301.30, 305.95, 185, -
RANEHOLDIN,20231005, 1165.00, 1185.00, 1150.75, 1159.30, 5767, 3085
RATEGAIN,20231005, 586.80, 604.00, 581.10, 600.70, 278962, 111293
RATNAMANI,20231005, 2601.00, 2607.60, 2578.80, 2585.40, 14887, 12143
RATNAVEER,20231005, 112.00, 113.50, 111.10, 112.35, 257323, 115011
RAYMOND,20231005, 1800.00, 1805.00, 1776.05, 1785.90, 123205, 70721
RBA,20231005, 124.00, 129.70, 123.70, 128.55, 5967809, 2173037
RBL,20231005, 828.00, 830.15, 800.00, 804.00, 28363, 5767
RBLBANK,20231005, 253.70, 256.70, 241.20, 242.30, 12371832, 2558648
RBMINFRA,20231005, 169.30, 169.30, 169.30, 169.30, 39000, 39000
RCF,20231005, 124.30, 126.10, 122.95, 123.90, 1702893, 514909
RCOM,20231005, 1.75, 1.75, 1.70, 1.75, 4487981, -
RECLTD,20231005, 286.15, 287.00, 277.70, 279.30, 11888870, 4670814
REDINGTON,20231005, 156.05, 157.55, 155.65, 156.05, 402030, 224461
REDTAPE,20231005, 459.35, 459.35, 448.50, 450.65, 91348, 32711
REFEX,20231005, 629.10, 647.00, 629.10, 631.85, 43935, 24750
REGENCERAM,20231005, 35.05, 35.05, 35.05, 35.05, 1779, -
RELAXO,20231005, 908.20, 917.00, 903.05, 906.15, 52295, 24892
RELCHEMQ,20231005, 219.00, 228.00, 218.50, 225.00, 64611, 32691
RELIANCE,20231005, 2319.25, 2329.40, 2309.00, 2314.10, 5476841, 2561741
RELIGARE,20231005, 241.00, 242.90, 238.50, 239.10, 652568, 441508
RELINFRA,20231005, 172.50, 173.90, 167.65, 172.20, 931663, -
REMSONSIND,20231005, 464.35, 464.35, 448.00, 452.40, 1995, -
REMUS,20231005, 5150.00, 5150.00, 5000.00, 5000.00, 3700, 3700
RENUKA,20231005, 53.90, 54.25, 53.40, 53.90, 5850273, 1902180
REPCOHOME,20231005, 395.90, 399.35, 388.05, 390.00, 78212, 30064
REPL,20231005, 184.70, 184.70, 181.80, 183.30, 7536, 4064
REPRO,20231005, 745.35, 756.75, 736.00, 747.90, 4050, 2881
RESPONIND,20231005, 345.95, 355.00, 341.35, 346.85, 289806, 84537
REXPIPES,20231005, 64.10, 64.10, 64.10, 64.10, 4000, 4000
RGL,20231005, 103.30, 105.95, 103.10, 104.15, 117446, 24286
RHFL,20231005, 2.00, 2.00, 2.00, 2.00, 832057, -
RHIM,20231005, 738.25, 744.50, 730.75, 731.75, 103305, 56778
RHL,20231005, 104.70, 107.90, 104.70, 105.75, 8361, 4041
RICOAUTO,20231005, 88.00, 88.40, 85.70, 86.40, 1313593, 546814
RIIL,20231005, 947.05, 993.65, 946.15, 979.90, 760007, 155414
RILINFRA,20231005, 97.05, 100.00, 97.05, 98.00, 62100, 61400
RISHABH,20231005, 495.95, 497.95, 483.40, 488.00, 228425, 138920
RITCO,20231005, 242.30, 243.90, 236.00, 242.10, 4374, -
RITES,20231005, 481.75, 489.00, 474.00, 484.45, 1808721, 476328
RKDL,20231005, 18.65, 18.65, 18.50, 18.50, 26409, -
RKEC,20231005, 83.70, 90.80, 80.00, 81.45, 6133187, 809035
RKFORGE,20231005, 634.65, 642.00, 626.15, 631.05, 201272, 99010
RMCL,20231005, 1.80, 1.80, 1.80, 1.80, 8339, -
RML,20231005, 876.85, 882.25, 843.10, 855.40, 25725, 9503
ROHLTD,20231005, 307.40, 311.75, 302.70, 307.95, 80375, 47992
ROLEXRINGS,20231005, 2222.00, 2250.00, 2217.50, 2233.15, 11977, 5778
ROLLT,20231005, 1.10, 1.15, 1.10, 1.15, 243401, -
ROLTA,20231005, 1.95, 1.95, 1.95, 1.95, 73202, -
ROML,20231005, 44.00, 45.60, 43.90, 44.65, 6320, 5326
ROSSARI,20231005, 818.85, 837.95, 816.05, 830.80, 22414, 9858
ROSSELLIND,20231005, 519.60, 533.00, 515.35, 521.10, 103265, 43246
ROTO,20231005, 352.20, 359.00, 350.80, 351.45, 48705, 26279
ROUTE,20231005, 1559.75, 1566.40, 1552.25, 1562.45, 87112, 49960
RPGLIFE,20231005, 1280.00, 1295.45, 1265.00, 1270.85, 11087, 5082
RPOWER,20231005, 18.95, 19.10, 18.55, 18.90, 43782204, 9185455
RPPINFRA,20231005, 77.95, 80.65, 76.85, 80.65, 283195, -
RPPL,20231005, 210.00, 213.25, 200.00, 210.55, 368437, 143931
RPSGVENT,20231005, 598.40, 603.90, 590.55, 599.10, 34440, 17045
RRKABEL,20231005, 1408.05, 1524.95, 1390.45, 1483.95, 2154615, 359620
RSSOFTWARE,20231005, 50.90, 50.90, 50.90, 50.90, 8066, -
RSWM,20231005, 191.15, 191.30, 187.60, 189.45, 24493, 12952
RSYSTEMS,20231005, 514.85, 522.00, 504.10, 507.95, 44312, 26573
RTNINDIA,20231005, 56.25, 59.00, 56.25, 58.55, 4244284, 1522555
RTNPOWER,20231005, 6.55, 6.80, 6.50, 6.80, 42802516, 12894519
RUBYMILLS,20231005, 235.90, 239.10, 235.70, 237.45, 21569, 13250
RUCHINFRA,20231005, 15.00, 15.45, 14.95, 15.45, 1188985, -
RUCHIRA,20231005, 140.80, 143.35, 140.80, 142.75, 117283, 62687
RUPA,20231005, 258.95, 263.30, 257.40, 262.35, 143945, 65910
RUSHIL,20231005, 274.70, 277.00, 272.35, 276.15, 33945, 21914
RUSTOMJEE,20231005, 540.50, 547.30, 532.50, 538.10, 14626, 7835
RVHL,20231005, 34.20, 34.95, 33.00, 33.70, 49027, -
RVNL,20231005, 172.10, 173.30, 169.30, 170.20, 10154669, 3000284
S&SPOWER,20231005, 106.10, 106.10, 106.10, 106.10, 40, -
SAAKSHI,20231005, 154.90, 160.65, 148.00, 160.65, 486000, 476400
SABEVENTS,20231005, 4.30, 4.30, 4.30, 4.30, 1616, -
SABTN,20231005, 1.45, 1.45, 1.45, 1.45, 1700, -
SADBHAV,20231005, 15.50, 15.50, 15.50, 15.50, 287261, -
SADBHIN,20231005, 5.15, 5.15, 5.15, 5.15, 137953, -
SADHNANIQ,20231005, 81.05, 81.40, 79.00, 79.65, 255373, 109978
SAFARI,20231005, 4311.00, 4397.00, 4235.00, 4285.05, 83096, 33378
SAGARDEEP,20231005, 25.00, 25.00, 24.00, 24.10, 24825, 11412
SAGCEM,20231005, 234.50, 241.30, 232.00, 237.00, 210276, 89452
SAH,20231005, 96.10, 97.55, 96.00, 96.05, 166728, 130005
SAHAJ,20231005, 27.70, 27.70, 26.55, 26.55, 16000, 12000
SAHYADRI,20231005, 439.55, 442.00, 428.10, 430.85, 4241, 2261
SAIL,20231005, 89.65, 90.10, 88.50, 88.65, 9372979, 3466264
SAKAR,20231005, 335.10, 356.80, 335.10, 354.65, 59488, 32423
SAKHTISUG,20231005, 33.15, 33.20, 31.70, 32.00, 1163123, 550173
SAKSOFT,20231005, 335.00, 345.00, 333.55, 336.65, 269874, 165309
SAKUMA,20231005, 17.50, 17.75, 16.80, 17.15, 324637, -
SALASAR,20231005, 51.30, 51.60, 49.50, 51.15, 688052, 328290
SALONA,20231005, 261.50, 276.85, 261.50, 268.50, 9757, 5957
SALSTEEL,20231005, 16.20, 16.70, 16.10, 16.45, 75236, -
SALZERELEC,20231005, 386.05, 398.20, 383.05, 395.35, 73719, 33179
SAMBHAAV,20231005, 3.20, 3.20, 3.05, 3.20, 21306, -
SAMHI,20231005, 149.40, 170.85, 149.00, 162.10, 5916995, 1489480
SAMPANN,20231005, 15.60, 15.60, 15.35, 15.50, 2706, -
SANCO,20231005, 6.85, 6.90, 6.55, 6.90, 19620, -
SANDESH,20231005, 1038.30, 1047.40, 1025.00, 1033.45, 845, 698
SANDHAR,20231005, 408.95, 409.50, 398.25, 405.75, 69411, 30995
SANDUMA,20231005, 1499.05, 1534.00, 1475.10, 1502.95, 16760, 10174
SANGAMIND,20231005, 360.80, 365.00, 355.15, 360.55, 39893, 18273
SANGANI,20231005, 39.50, 39.70, 39.50, 39.70, 6000, 6000
SANGHIIND,20231005, 113.80, 119.55, 113.50, 119.55, 889524, -
SANGHVIMOV,20231005, 684.45, 684.45, 666.00, 677.30, 41844, 19074
SANGINITA,20231005, 21.95, 22.40, 21.15, 22.25, 31168, 21837
SANOFI,20231005, 7225.00, 7311.00, 7200.10, 7292.40, 24765, 20238
SANSERA,20231005, 928.35, 929.15, 912.50, 923.30, 35266, 17186
SANWARIA,20231005, 0.50, 0.50, 0.45, 0.50, 1899511, -
SAPPHIRE,20231005, 1426.20, 1433.90, 1393.75, 1423.40, 35137, 15474
SARDAEN,20231005, 218.80, 221.20, 212.50, 216.05, 218035, 135007
SAREGAMA,20231005, 360.90, 363.45, 350.05, 352.75, 272506, 141989
SARLAPOLY,20231005, 49.60, 50.60, 49.00, 49.30, 96453, 39293
SAROJA,20231005, 56.10, 60.80, 56.10, 60.80, 20800, 17600
SARVESHWAR,20231005, 5.20, 5.20, 5.20, 5.20, 111186, -
SASKEN,20231005, 1164.80, 1218.75, 1148.90, 1209.35, 378823, 73910
SASTASUNDR,20231005, 283.75, 292.55, 280.60, 289.90, 68780, 39763
SATIA,20231005, 127.25, 129.35, 127.00, 128.60, 268235, 135134
SATIN,20231005, 227.90, 240.25, 221.85, 238.05, 400605, 196463
SATINDLTD,20231005, 97.05, 99.00, 95.80, 96.95, 447314, 173097
SBC,20231005, 24.90, 25.70, 24.05, 24.45, 3131851, 1258455
SBCL,20231005, 520.00, 527.70, 517.25, 522.90, 86189, 43783
SBFC,20231005, 81.80, 87.65, 81.50, 84.15, 3733476, 1194512
SBGLP,20231005, 386.65, 391.50, 369.05, 386.00, 46452, 22335
SBICARD,20231005, 797.80, 798.70, 784.00, 789.95, 1335351, 903176
SBILIFE,20231005, 1271.00, 1282.10, 1264.95, 1274.45, 979561, 490512
SBIN,20231005, 590.00, 594.35, 587.10, 592.15, 13248028, 5218527
SCHAEFFLER,20231005, 3225.10, 3281.00, 3182.10, 3189.35, 58340, 35256
SCHAND,20231005, 273.30, 286.65, 272.80, 281.55, 156160, 74370
SCHNEIDER,20231005, 359.20, 362.35, 349.00, 351.05, 364917, 164070
SCI,20231005, 141.05, 155.70, 141.00, 150.15, 19625347, 5932323
SCPL,20231005, 405.00, 425.00, 405.00, 424.65, 22145, -
SDBL,20231005, 381.60, 390.00, 378.00, 381.40, 523101, 275244
SDL24BEES,20231005, 116.24, 116.34, 116.24, 116.24, 351, 350
SDL26BEES,20231005, 115.30, 115.34, 115.15, 115.33, 437, 433
SEAMECLTD,20231005, 633.25, 641.00, 628.00, 630.20, 10349, 4773
SECL,20231005, 27.55, 27.55, 27.55, 27.55, 87500, 81250
SECURCRED,20231005, 16.50, 17.20, 16.00, 16.25, 555798, 450861
SECURKLOUD,20231005, 41.15, 41.25, 38.95, 39.50, 112655, 52929
SEJALLTD,20231005, 230.05, 231.00, 225.50, 230.00, 12219, -
SELAN,20231005, 397.35, 406.95, 395.65, 397.40, 155288, 57941
SELMC,20231005, 116.25, 116.25, 116.20, 116.20, 3350, -
SEMAC,20231005, 2315.00, 2315.25, 2315.00, 2315.25, 1549, -
SENCO,20231005, 660.00, 666.80, 631.00, 638.00, 495240, 212123
SEPC,20231005, 13.40, 13.80, 13.30, 13.80, 5998054, 3061110
SEQUENT,20231005, 91.95, 93.30, 91.55, 93.00, 761529, 388738
SERVICE,20231005, 60.00, 60.00, 58.00, 59.85, 8000, 6000
SERVOTECH,20231005, 76.00, 77.10, 74.50, 75.35, 107220, 76953
SESHAPAPER,20231005, 379.00, 387.00, 375.55, 378.60, 70168, 33995
SETCO,20231005, 6.70, 6.70, 6.70, 6.70, 31517, -
SEYAIND,20231005, 20.00, 20.00, 20.00, 20.00, 12812, -
SFL,20231005, 1095.95, 1104.30, 1062.20, 1083.05, 255719, 153164
SGIL,20231005, 241.85, 245.00, 241.85, 243.00, 15484, -
SGL,20231005, 16.00, 16.00, 15.05, 15.55, 20666, -
SHAH,20231005, 2.70, 2.85, 2.65, 2.80, 1309687, 617474
SHAHALLOYS,20231005, 54.90, 56.00, 53.50, 55.00, 17707, -
SHAILY,20231005, 1818.00, 1884.00, 1796.10, 1862.20, 12552, 6738
SHAKTIPUMP,20231005, 861.00, 926.90, 861.00, 906.10, 1308926, 230364
SHALBY,20231005, 232.00, 241.40, 231.20, 235.90, 278560, 126988
SHALPAINTS,20231005, 164.00, 164.75, 162.50, 162.80, 123859, 75593
SHANKARA,20231005, 701.00, 706.00, 691.45, 701.25, 61241, 27898
SHANTI,20231005, 18.00, 18.00, 17.50, 17.85, 28729, 16778
SHANTIGEAR,20231005, 447.55, 449.95, 443.10, 444.45, 40244, 19449
SHARDACROP,20231005, 429.95, 433.00, 425.50, 430.90, 38226, 18255
SHARDAMOTR,20231005, 978.80, 981.00, 955.50, 970.70, 29607, 16599
SHAREINDIA,20231005, 1395.00, 1395.00, 1342.00, 1381.75, 782453, 200264
SHARIABEES,20231005, 441.98, 450.00, 432.85, 440.61, 1184, 583
SHEMAROO,20231005, 136.60, 136.60, 133.50, 134.15, 15382, 11434
SHERA,20231005, 141.00, 150.00, 140.30, 148.95, 178000, 158000
SHILPAMED,20231005, 354.30, 356.30, 350.60, 351.45, 74221, 33533
SHIVALIK,20231005, 721.45, 727.55, 709.10, 714.65, 1813, 846
SHIVAMAUTO,20231005, 34.30, 36.45, 34.30, 35.10, 122918, -
SHIVAMILLS,20231005, 74.75, 75.35, 72.90, 75.35, 10247, 7041
SHIVATEX,20231005, 144.35, 145.00, 141.25, 142.00, 2468, 1664
SHK,20231005, 153.95, 154.95, 149.15, 150.70, 253325, 150546
SHOPERSTOP,20231005, 674.25, 684.00, 674.25, 679.95, 17222, 9505
SHRADHA,20231005, 44.60, 51.50, 44.60, 48.35, 327179, 122644
SHREDIGCEM,20231005, 91.65, 92.50, 91.25, 92.00, 280913, 136063
SHREECEM,20231005, 25500.00, 25940.00, 25437.55, 25763.15, 26035, 12205
SHREEPUSHK,20231005, 205.55, 208.25, 202.80, 204.30, 30165, 17028
SHREERAMA,20231005, 22.45, 22.80, 22.00, 22.80, 170431, -
SHRENIK,20231005, 0.95, 1.00, 0.95, 1.00, 1567496, 1383877
SHREYANIND,20231005, 239.00, 239.00, 239.00, 239.00, 5656, -
SHREYAS,20231005, 368.75, 374.00, 354.05, 360.80, 116668, 60358
SHRIPISTON,20231005, 1034.75, 1034.75, 1000.00, 1015.95, 8188, -
SHRIRAMFIN,20231005, 1852.00, 1872.95, 1823.00, 1837.50, 1479477, 1023760
SHRIRAMPPS,20231005, 89.55, 94.30, 89.55, 93.60, 3362778, 1576413
SHRITECH,20231005, 84.25, 84.25, 80.50, 82.85, 26000, 20000
SHUBHLAXMI,20231005, 86.50, 88.40, 85.20, 87.95, 5000, 3000
SHYAMCENT,20231005, 20.50, 20.70, 20.15, 20.25, 228443, 114423
SHYAMMETL,20231005, 444.70, 446.00, 435.65, 437.60, 407120, 224677
SHYAMTEL,20231005, 7.40, 7.40, 7.10, 7.10, 2560, 2560
SIDDHIKA,20231005, 196.20, 196.20, 196.20, 196.20, 1000, 1000
SIEMENS,20231005, 3519.00, 3554.40, 3505.30, 3519.70, 279328, 167596
SIGACHI,20231005, 406.80, 417.65, 404.00, 410.50, 636293, 301662
SIGIND,20231005, 57.65, 62.00, 56.00, 59.40, 255103, 103571
SIGMA,20231005, 467.10, 468.10, 447.60, 450.70, 8320, 5751
SIGNATURE,20231005, 471.40, 479.90, 471.00, 472.75, 314151, 239551
SIKKO,20231005, 59.90, 60.50, 58.50, 59.75, 25758, 18789
SIL,20231005, 22.80, 22.80, 22.00, 22.65, 45288, -
SILGO,20231005, 24.25, 24.30, 23.40, 24.05, 21799, -
SILINV,20231005, 326.40, 326.50, 315.20, 319.50, 7732, 6227
SILLYMONKS,20231005, 16.65, 16.65, 15.85, 15.85, 5600, -
SILVER,20231005, 70.21, 71.50, 70.16, 71.19, 1928847, 1886748
SILVERBEES,20231005, 67.00, 67.58, 66.88, 67.39, 4110952, 2931058
SILVERETF,20231005, 70.98, 70.98, 69.23, 69.61, 100351, 60034
SILVERTUC,20231005, 599.00, 607.75, 587.10, 597.15, 24664, 3384
SILVRETF,20231005, 68.20, 70.00, 68.20, 70.00, 3021, 1634
SIMBHALS,20231005, 28.95, 29.20, 28.20, 28.90, 119647, 62910
SIMPLEXINF,20231005, 62.40, 62.40, 61.20, 61.20, 33699, -
SINDHUTRAD,20231005, 26.85, 26.85, 25.80, 26.00, 57240, -
SINTERCOM,20231005, 126.20, 129.95, 124.90, 129.15, 13832, 11341
SIRCA,20231005, 386.25, 391.40, 385.70, 387.70, 64516, 25312
SIS,20231005, 441.15, 485.50, 441.15, 480.15, 1549755, 201332
SITINET,20231005, 0.80, 0.80, 0.75, 0.75, 566774, -
SIYSIL,20231005, 572.00, 573.75, 561.95, 564.80, 30631, 18291
SJS,20231005, 684.00, 695.90, 675.55, 691.40, 190111, 117941
SJVN,20231005, 70.70, 73.30, 69.55, 72.70, 34896534, 10804203
SKFINDIA,20231005, 5260.00, 5319.85, 5240.00, 5279.45, 22333, 15339
SKIPPER,20231005, 219.65, 223.00, 213.75, 220.25, 199469, 105473
SKMEGGPROD,20231005, 450.00, 460.00, 448.20, 452.20, 74771, 42684
SKP,20231005, 203.00, 203.90, 200.00, 201.75, 10000, 10000
SKYGOLD,20231005, 328.00, 334.00, 327.00, 332.05, 79142, -
SMARTLINK,20231005, 188.85, 192.50, 186.50, 189.70, 42907, 20710
SMCGLOBAL,20231005, 79.40, 80.35, 77.75, 78.45, 71265, 51898
SMLISUZU,20231005, 1260.00, 1271.55, 1244.05, 1263.05, 26617, 12919
SMLT,20231005, 250.00, 250.00, 234.15, 237.10, 20312, 11592
SMSLIFE,20231005, 524.70, 524.90, 512.55, 522.95, 1300, 987
SMSPHARMA,20231005, 124.25, 124.80, 123.30, 123.80, 23414, 14811
SMVD,20231005, 10.10, 10.10, 10.10, 10.10, 4040, 4040
SNOWMAN,20231005, 50.20, 50.80, 49.70, 49.85, 500438, 225551
SOBHA,20231005, 665.60, 716.65, 665.60, 707.20, 2487118, 451305
SOFTTECH,20231005, 234.00, 261.35, 230.00, 261.35, 511874, 105120
SOLARA,20231005, 353.40, 357.25, 351.05, 353.00, 43478, 23408
SOLARINDS,20231005, 4905.25, 4997.80, 4894.90, 4977.35, 29738, 13766
SOLEX,20231005, 554.50, 575.00, 531.00, 561.20, 15200, 9600
SOMANYCERA,20231005, 694.60, 719.90, 683.75, 710.10, 20827, 13359
SOMATEX,20231005, 18.45, 18.55, 18.30, 18.55, 12307, -
SOMICONVEY,20231005, 57.35, 57.35, 57.35, 57.35, 6565, -
SONACOMS,20231005, 577.00, 579.90, 570.50, 572.55, 652691, 433336
SONAHISONA,20231005, 71.20, 71.20, 71.20, 71.20, 10000, 10000
SONAMCLOCK,20231005, 63.00, 63.00, 59.65, 60.85, 10701, 3478
SONATSOFTW,20231005, 1048.40, 1050.00, 1031.10, 1036.10, 176365, 119073
SONUINFRA,20231005, 50.10, 51.10, 49.60, 50.60, 27000, 21000
SOTL,20231005, 319.00, 320.80, 316.30, 318.15, 28251, 15612
SOUTHBANK,20231005, 26.60, 26.75, 25.70, 26.45, 41239637, 12057262
SOUTHWEST,20231005, 139.00, 139.00, 130.35, 135.55, 37857, 17875
SPAL,20231005, 494.55, 510.10, 490.15, 505.50, 52601, 30388
SPANDANA,20231005, 820.00, 823.00, 792.05, 794.55, 149964, 90023
SPARC,20231005, 236.20, 237.50, 232.00, 232.75, 262170, 72639
SPCENET,20231005, 22.65, 23.35, 21.95, 23.20, 2958702, 2131338
SPECIALITY,20231005, 197.25, 199.45, 196.00, 197.50, 32221, 21191
SPECTSTM,20231005, 130.00, 130.00, 127.55, 128.00, 16000, 14400
SPENCERS,20231005, 69.20, 70.55, 68.95, 70.00, 170320, 81202
SPENTEX,20231005, 2.10, 2.20, 2.10, 2.20, 39943, -
SPIC,20231005, 72.30, 73.70, 71.60, 71.90, 511987, 260357
SPLIL,20231005, 70.45, 78.80, 69.40, 71.35, 1225677, 407555
SPLPETRO,20231005, 509.65, 535.10, 505.40, 522.35, 502611, 240587
SPMLINFRA,20231005, 50.40, 50.40, 50.40, 50.40, 11013, -
SPORTKING,20231005, 806.35, 812.00, 799.60, 800.55, 5919, 4559
SPYL,20231005, 0.50, 0.55, 0.50, 0.50, 12915, -
SREEL,20231005, 244.90, 256.75, 242.25, 243.75, 89244, 32859
SRF,20231005, 2247.15, 2266.00, 2238.45, 2261.30, 210258, 116160
SRGHFL,20231005, 262.65, 262.65, 253.00, 255.20, 3057, 2122
SRHHYPOLTD,20231005, 602.20, 607.85, 596.00, 600.75, 13283, 7070
SRIVASAVI,20231005, 120.10, 120.10, 120.00, 120.00, 12000, 12000
SRPL,20231005, 1.30, 1.30, 1.30, 1.30, 711724, -
SSFL,20231005, 113.10, 113.10, 111.00, 111.00, 12000, 9000
SSWL,20231005, 287.15, 288.50, 280.50, 285.55, 174593, 71029
STAR,20231005, 512.00, 518.95, 504.00, 508.90, 338075, 120176
STARCEMENT,20231005, 159.90, 160.15, 156.20, 157.25, 184894, 85028
STARHEALTH,20231005, 592.45, 598.00, 588.25, 595.00, 112323, 72269
STARPAPER,20231005, 228.90, 233.75, 224.00, 224.80, 185505, 67588
STARTECK,20231005, 157.00, 157.00, 156.00, 156.20, 16, -
STCINDIA,20231005, 122.30, 124.90, 121.05, 121.95, 93292, 25146
STEELCAS,20231005, 678.00, 688.00, 660.00, 664.50, 25284, 13122
STEELCITY,20231005, 66.85, 67.45, 66.00, 66.95, 18629, 11276
STEELXIND,20231005, 9.45, 9.50, 9.20, 9.30, 1664167, 1181401
STEL,20231005, 215.55, 220.00, 215.55, 217.55, 2362, -
STERTOOLS,20231005, 356.40, 375.60, 356.40, 369.35, 33514, 12120
STLTECH,20231005, 156.95, 159.70, 156.30, 158.95, 756378, 383957
STOVEKRAFT,20231005, 546.95, 578.00, 546.95, 565.95, 447419, 175645
STYLAMIND,20231005, 1709.60, 1733.45, 1705.10, 1717.05, 15474, 7597
STYRENIX,20231005, 1064.05, 1087.95, 1044.00, 1050.40, 19400, 12269
SUBEXLTD,20231005, 32.00, 32.45, 31.55, 32.05, 2549008, 968409
SUBROS,20231005, 387.40, 390.00, 384.05, 386.15, 20799, 10478
SUDARSCHEM,20231005, 482.80, 486.90, 481.10, 485.60, 48316, 25847
SUKHJITS,20231005, 446.25, 448.40, 435.75, 440.40, 7859, 5037
SULA,20231005, 475.25, 477.55, 470.00, 474.20, 170146, 84619
SUMICHEM,20231005, 418.80, 443.00, 418.80, 440.80, 1163616, 452323
SUMIT,20231005, 28.20, 29.25, 28.20, 29.15, 5842, -
SUMMITSEC,20231005, 989.50, 997.95, 988.45, 993.05, 5067, 3253
SUNDARAM,20231005, 3.30, 3.45, 3.30, 3.45, 506557, -
SUNDARMFIN,20231005, 3081.45, 3194.80, 3080.15, 3166.50, 406020, 343917
SUNDARMHLD,20231005, 119.50, 119.50, 117.60, 118.90, 69942, 41073
SUNDRMBRAK,20231005, 502.90, 522.00, 500.00, 521.00, 10872, -
SUNDRMFAST,20231005, 1259.00, 1276.00, 1245.15, 1255.30, 40931, 19755
SUNFLAG,20231005, 192.35, 196.40, 191.05, 191.45, 180116, 73205
SUNPHARMA,20231005, 1124.65, 1128.65, 1111.80, 1119.10, 2348562, 1517990
SUNTECK,20231005, 433.00, 446.80, 432.90, 444.05, 856428, 524236
SUNTV,20231005, 611.30, 636.75, 610.55, 634.15, 4182863, 796753
SUPERHOUSE,20231005, 241.00, 254.50, 240.10, 241.70, 109353, 36047
SUPERSPIN,20231005, 8.05, 8.05, 7.85, 7.90, 43962, 25501
SUPRAJIT,20231005, 387.90, 394.00, 386.15, 390.20, 92853, 36415
SUPREMEENG,20231005, 0.85, 0.85, 0.80, 0.85, 155719, -
SUPREMEIND,20231005, 3974.60, 3984.85, 3826.05, 3861.85, 168713, 103432
SUPREMEINF,20231005, 25.10, 26.00, 25.10, 26.00, 9360, -
SUPRIYA,20231005, 285.95, 288.05, 275.00, 276.75, 230169, 96021
SURANASOL,20231005, 23.90, 24.20, 23.55, 23.95, 27788, -
SURANAT&P,20231005, 11.50, 11.80, 11.35, 11.50, 55121, 32856
SURANI,20231005, 295.45, 307.00, 295.45, 306.50, 6000, 6000
SURYALAXMI,20231005, 68.75, 72.00, 68.55, 71.30, 74228, 40966
SURYAROSNI,20231005, 939.45, 969.70, 934.55, 965.75, 226682, 136043
SURYODAY,20231005, 170.00, 173.50, 167.50, 169.95, 2418833, 807945
SUTLEJTEX,20231005, 59.40, 60.00, 56.30, 57.10, 1751021, 635818
SUULD,20231005, 7.85, 7.85, 7.70, 7.70, 46965, -
SUVEN,20231005, 72.15, 72.75, 71.25, 71.55, 295046, 129000
SUVENPHAR,20231005, 567.00, 575.00, 556.40, 573.55, 286455, 181609
SUVIDHAA,20231005, 4.35, 4.50, 4.35, 4.40, 139581, -
SUZLON,20231005, 28.60, 29.50, 28.55, 29.50, 285672016, 96531610
SVLL,20231005, 169.50, 169.50, 169.50, 169.50, 12, -
SVPGLOB,20231005, 8.50, 8.50, 8.20, 8.40, 72236, -
SWANENERGY,20231005, 288.85, 289.90, 283.30, 283.95, 963638, 209136
SWARAJ,20231005, 98.75, 98.75, 98.75, 98.75, 4000, 4000
SWARAJENG,20231005, 2000.00, 2000.00, 1974.00, 1978.20, 1849, 1219
SWASTIK,20231005, 97.40, 98.75, 95.60, 98.00, 9600, 7200
SWELECTES,20231005, 603.10, 621.00, 596.20, 616.25, 23277, 14241
SWSOLAR,20231005, 345.55, 349.90, 332.20, 338.05, 237008, -
SYMPHONY,20231005, 876.80, 880.00, 870.95, 876.90, 15519, 8871
SYNCOMF,20231005, 9.05, 9.40, 9.00, 9.25, 2921055, 1750307
SYNGENE,20231005, 795.10, 809.70, 784.95, 787.95, 256044, 100063
SYNOPTICS,20231005, 126.40, 128.95, 125.20, 127.00, 9000, 6000
SYRMA,20231005, 603.40, 645.00, 600.75, 638.35, 3378752, 790402
SYSTANGO,20231005, 227.00, 228.00, 219.10, 224.00, 134400, 100800
TAINWALCHM,20231005, 133.85, 139.00, 132.40, 136.65, 29098, 16862
TAJGVK,20231005, 237.40, 238.45, 233.05, 234.35, 87854, 43799
TAKE,20231005, 21.15, 21.85, 21.15, 21.35, 95107, -
TALBROAUTO,20231005, 1056.00, 1063.45, 1040.00, 1050.25, 26553, 14207
TANLA,20231005, 1037.70, 1044.50, 1020.00, 1036.80, 290552, 110619
TARACHAND,20231005, 109.10, 111.00, 109.00, 111.00, 18000, 14000
TARAPUR,20231005, 4.50, 4.55, 4.50, 4.55, 3950, -
TARC,20231005, 91.00, 94.20, 90.30, 93.50, 1421299, 678751
TARMAT,20231005, 87.15, 91.40, 85.00, 90.80, 471653, 176324
TARSONS,20231005, 535.00, 535.00, 517.55, 525.30, 104071, 56207
TASTYBITE,20231005, 16224.00, 16646.75, 16130.00, 16534.30, 3072, 1200
TATACHEM,20231005, 1018.90, 1025.00, 1006.00, 1009.30, 286411, 122581
TATACOFFEE,20231005, 254.25, 254.50, 251.60, 252.75, 241906, 113793
TATACOMM,20231005, 1873.05, 1889.00, 1846.00, 1850.30, 370323, 170140
TATACONSUM,20231005, 866.05, 869.25, 857.50, 860.20, 749977, 331744
TATAELXSI,20231005, 7290.00, 7309.00, 7221.10, 7257.20, 70537, 28118
TATAINVEST,20231005, 3360.20, 3464.10, 3333.05, 3384.25, 254796, 52257
TATAMETALI,20231005, 937.00, 945.40, 933.00, 938.00, 34338, 18128
TATAMOTORS,20231005, 619.00, 621.35, 614.65, 619.60, 7893892, 3455567
TATAMTRDVR,20231005, 415.75, 417.90, 410.55, 413.75, 2387758, 1572260
TATAPOWER,20231005, 258.60, 260.20, 256.00, 257.80, 6675848, 2482669
TATASTEEL,20231005, 125.90, 126.15, 124.55, 125.25, 27063441, 11167651
TATASTLLP,20231005, 800.10, 804.95, 793.00, 797.50, 25393, 11974
TATVA,20231005, 1605.00, 1610.70, 1589.40, 1596.75, 12756, 8127
TBZ,20231005, 111.70, 114.15, 108.95, 112.40, 271435, 93503
TCI,20231005, 797.20, 805.35, 790.60, 796.40, 13081, 6264
TCIEXP,20231005, 1424.90, 1428.30, 1403.00, 1411.15, 30039, 16394
TCNSBRANDS,20231005, 361.90, 369.60, 361.05, 367.95, 182411, 75204
TCPLPACK,20231005, 2128.00, 2169.50, 2128.00, 2158.00, 5553, 2509
TCS,20231005, 3554.00, 3624.00, 3551.20, 3589.35, 2990768, 1344658
TDPOWERSYS,20231005, 261.85, 262.00, 250.35, 252.20, 211893, 135043
TEAMLEASE,20231005, 2639.95, 2700.95, 2620.00, 2644.80, 72376, 32650
TECH,20231005, 33.39, 33.39, 32.78, 33.03, 10141, 6621
TECHIN,20231005, 12.00, 12.45, 11.40, 12.00, 10815, -
TECHM,20231005, 1214.00, 1223.95, 1199.50, 1205.60, 2497613, 1235995
TECHNOE,20231005, 518.80, 522.00, 509.50, 518.55, 32862, 15137
TECILCHEM,20231005, 18.10, 18.10, 17.80, 18.10, 2765, -
TEGA,20231005, 909.35, 950.00, 898.05, 911.65, 138984, 39637
TEJASNET,20231005, 897.60, 908.60, 883.00, 888.45, 279455, 79343
TEMBO,20231005, 236.05, 244.95, 230.10, 240.45, 41530, 8334
TERASOFT,20231005, 43.90, 44.65, 42.55, 44.65, 95170, 81336
TEXINFRA,20231005, 69.40, 69.70, 67.40, 67.95, 113122, 52341
TEXMOPIPES,20231005, 68.20, 71.55, 68.05, 71.55, 113620, -
TEXRAIL,20231005, 128.00, 132.30, 127.40, 131.25, 1767227, 910545
TFCILTD,20231005, 95.50, 97.90, 94.00, 95.85, 561437, 214541
TFL,20231005, 10.25, 10.25, 9.95, 10.15, 8608, 6304
TGBHOTELS,20231005, 9.70, 10.30, 9.70, 10.10, 59872, 39343
THANGAMAYL,20231005, 1273.25, 1340.00, 1235.05, 1300.65, 64139, 34468
THEINVEST,20231005, 80.95, 81.35, 80.00, 80.05, 3264, 2197
THEJO,20231005, 1635.00, 1676.00, 1635.00, 1664.30, 1500, 1050
THEMISMED,20231005, 1900.00, 1900.00, 1859.95, 1872.45, 10567, 5252
THERMAX,20231005, 3153.65, 3220.00, 3090.00, 3100.85, 44642, 21256
THOMASCOOK,20231005, 117.25, 119.95, 115.00, 117.25, 207506, -
THOMASCOTT,20231005, 120.35, 120.35, 120.35, 120.35, 1036, -
THYROCARE,20231005, 574.45, 574.65, 565.55, 567.90, 40005, 25847
TI,20231005, 204.95, 211.90, 204.75, 209.10, 383944, 188093
TIDEWATER,20231005, 1197.00, 1203.95, 1170.00, 1178.55, 22507, 9776
TIIL,20231005, 2021.05, 2040.00, 2003.00, 2016.10, 7209, 3653
TIINDIA,20231005, 3030.00, 3045.00, 2995.00, 3005.90, 141949, 92272
TIJARIA,20231005, 5.90, 6.05, 5.65, 5.70, 18604, 13014
TIL,20231005, 280.00, 289.00, 280.00, 282.00, 3303, -
TIMESGTY,20231005, 69.70, 70.20, 68.00, 68.65, 16478, 6100
TIMETECHNO,20231005, 145.80, 148.85, 145.30, 146.55, 882312, 404761
TIMKEN,20231005, 3102.00, 3102.00, 3045.85, 3055.15, 34561, 19096
TINPLATE,20231005, 392.50, 395.00, 390.45, 392.25, 73662, 34012
TIPSFILMS,20231005, 559.95, 573.00, 558.95, 571.50, 3307, -
TIPSINDLTD,20231005, 313.00, 313.00, 306.15, 309.80, 62860, 24071
TIRUMALCHM,20231005, 210.15, 213.90, 210.15, 212.15, 152421, 64081
TIRUPATI,20231005, 351.50, 351.50, 351.50, 351.50, 3000, 3000
TIRUPATIFL,20231005, 10.40, 10.40, 10.40, 10.40, 456993, -
TITAGARH,20231005, 780.55, 787.45, 770.55, 780.45, 675454, 191802
TITAN,20231005, 3173.90, 3231.00, 3165.00, 3216.50, 1109881, 521577
TMB,20231005, 560.25, 566.15, 555.05, 558.50, 68374, 32251
TNIDETF,20231005, 66.99, 68.78, 66.01, 66.79, 28019, 20161
TNPETRO,20231005, 90.95, 95.20, 90.95, 92.15, 512145, 186372
TNPL,20231005, 255.95, 260.50, 252.05, 254.80, 246093, 90106
TNTELE,20231005, 8.10, 8.10, 7.75, 7.90, 17066, -
TOKYOPLAST,20231005, 100.95, 101.35, 99.00, 99.15, 5790, 2331
TORNTPHARM,20231005, 1865.20, 1868.20, 1842.00, 1850.60, 517609, 387205
TORNTPOWER,20231005, 733.50, 740.20, 730.00, 732.65, 78751, 25021
TOTAL,20231005, 129.15, 136.85, 129.15, 134.00, 14134, 9280
TOUCHWOOD,20231005, 145.00, 151.00, 143.45, 143.45, 228, -
TPLPLASTEH,20231005, 46.60, 48.30, 45.60, 45.90, 187594, 92714
TRACXN,20231005, 72.85, 74.20, 71.25, 72.80, 208145, 84526
TREEHOUSE,20231005, 19.50, 20.80, 19.40, 20.80, 618776, 279429
TREJHARA,20231005, 120.25, 120.25, 120.25, 120.25, 17030, -
TREL,20231005, 42.70, 43.10, 40.90, 41.55, 959296, 720746
TRENT,20231005, 2022.95, 2058.15, 2022.30, 2047.60, 461744, 284745
TRF,20231005, 243.00, 243.00, 236.00, 238.75, 56793, 21986
TRIDENT,20231005, 36.95, 37.70, 36.90, 37.50, 10885840, 2745576
TRIDHYA,20231005, 43.10, 43.25, 42.40, 42.95, 24000, 24000
TRIGYN,20231005, 119.35, 125.45, 119.05, 124.50, 334717, 159776
TRIL,20231005, 161.20, 173.60, 161.20, 171.80, 1636341, 737864
TRITURBINE,20231005, 424.10, 426.75, 419.30, 421.25, 296966, 156109
TRIVENI,20231005, 380.80, 383.55, 377.10, 379.15, 395843, 146553
TRU,20231005, 60.05, 63.40, 58.20, 63.05, 6026358, 1416542
TTKHLTCARE,20231005, 1156.65, 1198.00, 1141.10, 1148.25, 16489, 8349
TTKPRESTIG,20231005, 791.20, 791.35, 777.00, 778.40, 37792, 23228
TTL,20231005, 92.20, 95.35, 90.15, 93.50, 21702, 12026
TTML,20231005, 97.55, 98.90, 96.60, 97.60, 2722504, 970531
TV18BRDCST,20231005, 45.50, 47.25, 45.50, 46.75, 19341044, 6347278
TVSELECT,20231005, 353.00, 354.35, 348.05, 349.95, 25268, 9365
TVSHLTD,20231005, 5374.75, 5519.95, 5311.00, 5399.10, 2046, 1333
TVSHLTD,20231005, 10.45, 10.45, 10.35, 10.35, 65554, 65554
TVSMOTOR,20231005, 1507.00, 1514.35, 1489.45, 1498.15, 586529, 277005
TVSSCS,20231005, 216.70, 216.75, 210.50, 211.55, 1588150, 721411
TVSSRICHAK,20231005, 3440.10, 3518.00, 3420.00, 3481.80, 34390, 18555
TVTODAY,20231005, 212.40, 215.00, 210.45, 212.65, 216543, 111587
TVVISION,20231005, 3.55, 3.55, 3.40, 3.40, 5433, -
UBL,20231005, 1555.95, 1565.55, 1546.30, 1553.20, 69872, 20913
UCAL,20231005, 137.85, 137.85, 133.50, 133.70, 16067, -
UCL,20231005, 64.00, 64.00, 64.00, 64.00, 2000, 2000
UCOBANK,20231005, 44.65, 45.00, 43.10, 43.70, 31194735, 6507407
UDAICEMENT,20231005, 31.50, 32.45, 31.50, 31.95, 779752, 346035
UDS,20231005, 285.00, 294.95, 282.40, 290.35, 470329, 209577
UFLEX,20231005, 443.10, 450.90, 441.10, 444.80, 97858, 46595
UFO,20231005, 107.80, 112.20, 107.80, 111.55, 134117, -
UGARSUGAR,20231005, 106.90, 107.90, 105.25, 105.85, 249245, 106545
UGROCAP,20231005, 275.70, 280.95, 270.60, 271.55, 143258, 90076
UJAAS,20231005, 2.55, 2.65, 2.55, 2.60, 198687, -
UJJIVAN,20231005, 573.50, 591.00, 570.55, 580.30, 762568, 351619
UJJIVANSFB,20231005, 58.00, 60.35, 56.35, 56.90, 50012019, 11139588
ULTRACEMCO,20231005, 8177.00, 8208.80, 8125.00, 8177.45, 310506, 194982
UMA,20231005, 34.45, 34.45, 34.05, 34.25, 8000, 8000
UMAEXPORTS,20231005, 50.50, 51.60, 50.30, 51.10, 52882, 30677
UMANGDAIRY,20231005, 73.70, 74.90, 70.40, 71.25, 32090, 20392
UMESLTD,20231005, 6.65, 6.65, 6.65, 6.65, 6226, -
UNICHEMLAB,20231005, 414.95, 417.25, 410.65, 415.40, 13369, 8409
UNIDT,20231005, 238.15, 239.05, 232.00, 232.95, 8073, 4981
UNIENTER,20231005, 162.40, 162.50, 159.05, 160.65, 3797, 2067
UNIHEALTH,20231005, 127.25, 129.95, 126.20, 127.30, 14000, 14000
UNIINFO,20231005, 26.45, 27.70, 25.80, 27.20, 17451, 8387
UNIONBANK,20231005, 109.20, 111.40, 104.20, 105.50, 42364355, 17744883
UNIPARTS,20231005, 594.30, 595.15, 577.05, 579.30, 208919, 137814
UNITECH,20231005, 2.50, 2.70, 2.50, 2.50, 10241521, -
UNITEDPOLY,20231005, 98.00, 103.60, 97.00, 103.60, 1486, -
UNITEDTEA,20231005, 319.70, 320.75, 314.50, 316.65, 3599, 2655
UNIVASTU,20231005, 94.10, 111.75, 94.10, 108.25, 1254585, 320745
UNIVCABLES,20231005, 490.50, 503.00, 488.05, 495.50, 52914, 28362
UNIVPHOTO,20231005, 427.25, 427.30, 418.00, 420.30, 1501, 713
UNOMINDA,20231005, 596.60, 602.80, 590.55, 592.50, 309681, 195486
UPL,20231005, 606.20, 609.40, 601.85, 604.30, 1413612, 642306
URAVI,20231005, 255.05, 259.80, 241.30, 246.80, 4442, 2382
URBAN,20231005, 135.90, 136.95, 133.00, 134.60, 20400, 13200
URJA,20231005, 9.70, 9.85, 9.60, 9.65, 2510255, 1110892
USASEEDS,20231005, 352.00, 352.00, 352.00, 352.00, 300, 300
USHAMART,20231005, 340.30, 344.90, 335.50, 336.60, 237220, 174304
USK,20231005, 35.15, 35.35, 34.55, 35.00, 157816, 82448
UTIAMC,20231005, 794.00, 794.00, 782.40, 786.60, 30152, 16679
UTKARSHBNK,20231005, 51.65, 61.60, 51.65, 59.55, 69218167, 18227166
UTTAMSUGAR,20231005, 412.70, 419.65, 407.25, 411.20, 83044, 28481
V2RETAIL,20231005, 168.80, 168.80, 168.75, 168.75, 16541, -
VADILALIND,20231005, 2584.00, 2598.35, 2498.00, 2502.35, 10013, 5351
VAIBHAVGBL,20231005, 427.30, 433.80, 424.55, 426.40, 107089, 41621
VAISHALI,20231005, 129.60, 138.85, 129.60, 133.45, 472872, 290497
VAKRANGEE,20231005, 16.90, 17.40, 16.70, 17.20, 8607789, 2470111
VALIANTORG,20231005, 469.70, 476.40, 466.10, 469.05, 30040, 15088
VARDHACRLC,20231005, 53.30, 53.85, 52.90, 53.10, 35827, 27220
VARDMNPOLY,20231005, 52.40, 52.40, 50.10, 50.90, 30584, -
VARROC,20231005, 498.95, 512.95, 496.50, 501.70, 469111, 161056
VASCONEQ,20231005, 67.80, 71.50, 67.00, 69.90, 18089209, 5522151
VASWANI,20231005, 27.10, 28.50, 27.10, 27.80, 34303, -
VBL,20231005, 923.45, 928.80, 920.00, 921.10, 1918273, 1493093
VCL,20231005, 1.85, 2.10, 1.80, 1.95, 7293013, 5630806
VEDL,20231005, 225.10, 225.60, 220.05, 222.00, 10155103, 3469827
VEEKAYEM,20231005, 65.00, 73.85, 65.00, 73.85, 16000, 12000
VELS,20231005, 126.50, 128.90, 126.50, 128.90, 2400, 2400
VENKEYS,20231005, 1997.00, 1997.00, 1959.10, 1967.55, 16395, 7499
VENUSPIPES,20231005, 1259.35, 1264.90, 1203.00, 1212.00, 881902, 400228
VENUSREM,20231005, 244.00, 244.65, 233.70, 236.45, 28923, 21253
VERANDA,20231005, 196.95, 197.40, 190.00, 190.65, 69758, 48701
VERTEXPLUS,20231005, 190.00, 190.00, 190.00, 190.00, 1200, 1200
VERTOZ,20231005, 287.95, 297.70, 280.25, 294.25, 567774, 132997
VESUVIUS,20231005, 3069.95, 3095.00, 3060.10, 3081.25, 2357, 1325
VETO,20231005, 127.35, 128.00, 125.70, 127.00, 54516, 26966
VGUARD,20231005, 298.60, 300.20, 291.50, 294.65, 356220, 225918
VHL,20231005, 3041.75, 3047.95, 3011.00, 3020.80, 458, 265
VIAZ,20231005, 41.00, 42.25, 38.00, 41.10, 36000, 26000
VIDHIING,20231005, 412.90, 422.75, 411.15, 420.20, 11877, 7286
VIJAYA,20231005, 502.00, 509.00, 499.00, 506.70, 325341, 279050
VIJIFIN,20231005, 1.85, 1.95, 1.85, 1.95, 214281, -
VIKASECO,20231005, 3.40, 3.60, 3.40, 3.60, 9452316, -
VIKASLIFE,20231005, 4.85, 5.30, 4.85, 5.25, 39200142, 13690729
VILINBIO,20231005, 21.00, 23.95, 21.00, 23.55, 156000, 88000
VIMTALABS,20231005, 577.90, 585.95, 564.45, 567.30, 23712, 8270
VINATIORGA,20231005, 1865.00, 1876.00, 1850.00, 1861.10, 9934, 5430
VINDHYATEL,20231005, 2237.30, 2288.70, 2236.80, 2275.05, 10543, 6376
VINEETLAB,20231005, 50.40, 51.25, 49.65, 50.50, 73019, 12167
VINNY,20231005, 3.45, 3.45, 3.20, 3.35, 2573780, -
VINSYS,20231005, 273.00, 279.70, 269.30, 276.85, 23000, 16000
VINYLINDIA,20231005, 454.55, 459.05, 450.00, 451.95, 33084, 11933
VIPCLOTHNG,20231005, 53.00, 56.45, 52.95, 54.15, 2544020, 1330439
VIPIND,20231005, 659.70, 666.05, 658.25, 659.55, 310893, 146868
VIPULLTD,20231005, 15.25, 16.10, 14.80, 15.55, 582995, 370513
VIRINCHI,20231005, 35.10, 36.10, 34.90, 35.65, 86509, -
VISAKAIND,20231005, 90.10, 90.15, 88.10, 89.45, 183216, 90383
VISASTEEL,20231005, 15.10, 15.10, 15.10, 15.10, 6518, -
VISESHINFO,20231005, 0.45, 0.50, 0.45, 0.45, 4359088, -
VISHAL,20231005, 21.25, 22.75, 21.25, 22.00, 1642191, 647164
VISHNU,20231005, 334.50, 338.95, 331.10, 335.50, 227513, 145814
VISHWARAJ,20231005, 18.15, 18.35, 17.90, 18.15, 867222, 383209
VITAL,20231005, 97.05, 99.25, 97.05, 97.50, 18000, 13200
VIVIANA,20231005, 138.30, 138.30, 138.30, 138.30, 2000, 2000
VIVIDHA,20231005, 1.05, 1.05, 0.95, 1.00, 654247, 466395
VIVO,20231005, 108.00, 108.00, 108.00, 108.00, 1600, 1600
VLEGOV,20231005, 33.65, 33.65, 32.65, 32.85, 136900, 113822
VLSFINANCE,20231005, 201.00, 201.00, 195.70, 197.60, 21228, 10232
VMARCIND,20231005, 116.50, 121.40, 116.50, 118.65, 87000, 42000
VMART,20231005, 1989.65, 2033.55, 1949.00, 1995.15, 41256, 18860
VOLTAMP,20231005, 4255.55, 4442.00, 4218.05, 4412.65, 59747, 31680
VOLTAS,20231005, 881.80, 883.70, 872.45, 880.10, 435857, 152802
VPRPL,20231005, 166.90, 171.55, 166.35, 170.60, 1777490, 761456
VRLLOG,20231005, 714.80, 721.05, 684.15, 686.60, 205762, 156493
VSSL,20231005, 208.95, 210.00, 203.55, 206.50, 174192, 62646
VSTIND,20231005, 3410.00, 3424.50, 3385.20, 3399.10, 3209, 1349
VSTTILLERS,20231005, 3820.00, 3880.00, 3711.00, 3729.60, 24344, 13123
VTL,20231005, 374.95, 378.45, 369.00, 370.45, 111763, 69405
WABAG,20231005, 457.00, 458.65, 450.80, 452.70, 230968, 130184
WALCHANNAG,20231005, 123.25, 123.25, 123.25, 123.25, 38870, -
WALPAR,20231005, 91.35, 91.35, 91.35, 91.35, 2000, 2000
WANBURY,20231005, 73.20, 73.20, 73.20, 73.20, 8723, -
WATERBASE,20231005, 81.80, 82.00, 80.80, 81.10, 39211, 28292
WEALTH,20231005, 388.70, 399.75, 365.00, 371.70, 38687, 14796
WEBELSOLAR,20231005, 155.10, 156.70, 151.15, 153.70, 401049, 240168
WEIZMANIND,20231005, 110.75, 114.35, 107.55, 109.30, 56972, 21495
WEL,20231005, 265.00, 275.00, 263.55, 264.00, 89, -
WELCORP,20231005, 381.50, 389.95, 381.50, 387.85, 281254, 111164
WELENT,20231005, 280.05, 284.30, 278.30, 279.95, 68313, 38913
WELINV,20231005, 490.05, 490.05, 490.05, 490.05, 3, -
WELSPUNIND,20231005, 119.20, 121.80, 117.50, 118.05, 1019747, 488297
WENDT,20231005, 14542.20, 14606.85, 14381.30, 14473.20, 210, 103
WESTLIFE,20231005, 961.60, 964.45, 941.20, 949.00, 29637, 15552
WEWIN,20231005, 60.10, 60.10, 60.10, 60.10, 1145, -
WHEELS,20231005, 796.65, 802.10, 780.05, 783.45, 20709, 13703
WHIRLPOOL,20231005, 1640.50, 1659.20, 1638.05, 1652.30, 34191, 17806
WILLAMAGOR,20231005, 30.75, 30.75, 28.40, 28.60, 26718, 15457
WINDLAS,20231005, 380.00, 380.00, 368.00, 374.70, 55281, 29423
WINDMACHIN,20231005, 74.50, 74.50, 74.35, 74.35, 38002, -
WINSOME,20231005, 7.40, 7.40, 7.40, 7.40, 4075, 4075
WIPL,20231005, 116.00, 119.95, 110.20, 110.20, 17521, -
WIPRO,20231005, 407.95, 410.40, 405.00, 406.80, 4062652, 1241920
WOCKPHARMA,20231005, 231.00, 233.50, 230.50, 231.60, 338534, 112903
WONDERLA,20231005, 734.15, 815.65, 730.05, 791.00, 491642, 181953
WORTH,20231005, 104.95, 111.60, 104.15, 109.55, 104400, 63187
WSI,20231005, 101.05, 102.75, 100.05, 101.25, 20019, -
WSTCSTPAPR,20231005, 712.45, 733.00, 705.50, 707.20, 488403, 161204
XCHANGING,20231005, 89.95, 91.20, 89.30, 90.05, 144083, 63003
XELPMOC,20231005, 85.25, 85.25, 82.65, 84.70, 15555, 10114
XPROINDIA,20231005, 1065.50, 1085.00, 1054.75, 1065.55, 53096, 31283
YAARI,20231005, 10.90, 11.00, 10.50, 10.70, 150848, -
YASHO,20231005, 1766.20, 1774.45, 1750.00, 1760.10, 2059, 1308
YATHARTH,20231005, 383.45, 388.15, 374.80, 381.05, 351910, 125986
YATRA,20231005, 130.75, 137.80, 129.00, 136.80, 1655959, 784022
YCCL,20231005, 28.35, 28.35, 28.00, 28.00, 12000, 9000
YESBANK,20231005, 17.25, 17.40, 17.05, 17.15, 94470407, 28844263
YUDIZ,20231005, 157.50, 157.50, 148.00, 148.00, 12000, 12000
YUKEN,20231005, 724.35, 730.95, 705.00, 712.55, 10663, 7079
ZAGGLE,20231005, 191.05, 204.65, 188.50, 202.95, 1611549, 672020
ZEAL,20231005, 181.00, 182.00, 177.00, 177.00, 7200, 7200
ZEEL,20231005, 259.20, 262.85, 257.65, 258.30, 4062672, 934002
ZEELEARN,20231005, 5.60, 5.60, 5.60, 5.60, 138040, -
ZEEMEDIA,20231005, 12.95, 14.30, 12.95, 13.65, 34643929, 13407826
ZENITHEXPO,20231005, 109.45, 113.95, 107.40, 113.95, 110, -
ZENITHSTL,20231005, 4.10, 4.10, 3.95, 4.05, 181407, 138024
ZENSARTECH,20231005, 526.90, 539.90, 526.90, 536.25, 1138670, 528634
ZENTEC,20231005, 745.00, 755.00, 728.60, 739.15, 106845, -
ZFCVINDIA,20231005, 15250.00, 15350.00, 14854.25, 15090.35, 9967, 6455
ZIMLAB,20231005, 119.50, 120.05, 117.75, 118.70, 98257, 46660
ZODIAC,20231005, 132.00, 135.95, 131.00, 133.00, 9650, -
ZODIACLOTH,20231005, 138.30, 144.20, 133.65, 135.15, 186024, 88925
ZOMATO,20231005, 102.60, 107.70, 102.35, 105.40, 140096809, 54859908
ZOTA,20231005, 381.00, 392.40, 380.00, 383.40, 27919, 18311
ZUARI,20231005, 156.00, 156.75, 153.20, 153.95, 85587, 44888
ZUARIIND,20231005, 149.50, 149.80, 147.35, 148.20, 16757, 8577
ZYDUSLIFE,20231005, 605.05, 613.20, 600.50, 605.05, 1294635, 764774
ZYDUSWELL,20231005, 1571.60, 1586.00, 1565.00, 1567.35, 12494, 7251
