TICKER, DATE, OPEN, HIGH, LOW, CLOSE, VOLUME
A.SARABHAI  ,20231006,38.93,40.51,38.93,40.50,294983
ANDHRA PETRO,20231006,79.89,79.89,77.21,77.34,63178
UTIQUE      ,20231006,6.24,6.24,5.97,6.15,17303
ARUNAHTEL   ,20231006,16.66,16.66,15.75,15.87,19464
ATV PROJECTS,20231006,15.43,15.43,15.43,15.43,99973
BANCO PROD. ,20231006,499.05,507.85,497.80,501.55,8617
BANNARI AMAN,20231006,2596.60,2596.60,2565.00,2573.05,273
BEML LTD    ,20231006,2315.05,2350.00,2280.00,2333.85,10143
BHARAT ELECT,20231006,139.40,140.40,138.50,138.95,383013
BHANSALI ENG,20231006,93.81,94.40,92.30,93.24,29999
BIHAR SPONGE,20231006,11.50,11.60,10.95,11.12,142459
BINANI IND. ,20231006,14.99,14.99,14.96,14.96,2710
DISA INDIA  ,20231006,13849.95,14163.95,13723.00,13801.20,46
QUESTCAP    ,20231006,260.05,266.00,260.05,262.45,589
BPL LTD.    ,20231006,81.48,83.50,80.65,82.13,14944
CENTURY EXT ,20231006,16.89,16.89,16.40,16.60,22669
HIND.PETRO  ,20231006,256.60,259.30,253.05,257.65,228765
IFCI LTD    ,20231006,24.14,24.66,22.95,24.51,8444881
MAHA.TELE   ,20231006,29.84,29.87,28.50,28.87,810182
STATE BANK  ,20231006,594.00,598.90,592.25,594.10,607912
STEEL AUTH. ,20231006,89.76,90.30,88.70,88.80,614508
IDBI BANK L ,20231006,69.49,69.90,68.30,69.76,670556
DIAMINES&CHM,20231006,535.15,535.15,522.85,529.75,3886
ELANTAS     ,20231006,8199.95,8200.00,7787.70,7849.90,1262
FGP LTD.    ,20231006,5.77,6.07,5.77,6.07,673
P.H.CAPITAL ,20231006,70.00,72.50,70.00,70.50,506
COCKERILL   ,20231006,2835.00,2878.00,2818.25,2844.75,1415
UFLEX LTD   ,20231006,450.95,450.95,442.20,444.65,8525
FOSECO INDIA,20231006,3370.00,3403.10,3352.00,3388.10,199
GANESH BENZO,20231006,150.00,151.80,149.00,151.25,7773
METROGLOBL  ,20231006,91.99,92.90,91.00,92.27,7511
KANSAI NERO ,20231006,325.95,326.50,322.95,323.90,14535
GOODRICKE   ,20231006,199.95,202.10,197.40,199.35,9549
GTN INDUS   ,20231006,32.10,32.49,31.71,32.49,8928
GUJ.LEASE   ,20231006,3.88,3.88,3.53,3.80,2504
HCL INFOSYS ,20231006,16.12,16.49,16.10,16.22,33977
HIND.CONSTN.,20231006,27.84,29.00,27.59,28.61,4199113
HIND.OIL EXP,20231006,163.30,166.50,161.40,162.20,71722
HINDUS.ZI   ,20231006,305.15,306.35,302.35,305.65,59332
NDLVENTURE  ,20231006,140.50,140.60,140.40,140.60,76
HMT LTD.    ,20231006,55.92,55.92,55.92,55.92,6276
PRAG BOSIMI ,20231006,3.01,3.01,2.86,2.95,14714
I.G.PETRO   ,20231006,524.70,525.25,512.70,515.95,1735
IND.GLYCOLS ,20231006,705.00,723.45,696.10,698.55,9140
MARGO FIN   ,20231006,31.93,38.31,29.20,38.29,70039
INFOSYS LTD ,20231006,1467.80,1484.20,1463.50,1478.55,500258
INGERSOLL   ,20231006,2872.95,2964.00,2872.95,2914.65,1491
INTER.TRAVEL,20231006,380.00,409.00,378.45,399.95,29389
AGRO TECH FO,20231006,820.60,838.15,820.60,835.60,879
JAIN IRRIG  ,20231006,62.01,66.80,62.01,65.04,1127385
JCT LTD     ,20231006,3.02,3.09,2.95,3.01,824545
JINDAL POLYF,20231006,692.95,704.50,680.95,683.10,12298
JSWSL       ,20231006,758.95,771.35,758.95,765.25,90760
UMANG DAIR  ,20231006,73.97,73.99,71.42,72.53,2653
KAJARIA CER.,20231006,1335.00,1338.75,1316.55,1319.65,3607
KAKATIYA CEM,20231006,221.95,225.00,220.80,224.20,303
KALYANI STEL,20231006,491.60,506.05,491.60,497.35,12871
KANELIND    ,20231006,1.39,1.53,1.39,1.51,8401
KG DENIM    ,20231006,29.75,32.50,29.75,31.14,22474
KINETIC ENG.,20231006,136.55,139.85,135.00,136.60,5225
KIRL.BROS.  ,20231006,867.60,920.30,867.60,885.80,8232
KIRL INDUS  ,20231006,3117.70,3141.95,3101.00,3113.15,309
KIRL.FERROUS,20231006,466.05,471.85,465.20,467.70,4789
ENVAIN ELECT,20231006,238.35,238.35,233.75,233.75,4313
KOTAK MAH.BK,20231006,1749.95,1749.95,1731.00,1743.90,238662
L.G.BALKRISH,20231006,1046.90,1048.00,1011.80,1032.10,1322
TRENT LTD.  ,20231006,2050.00,2090.95,2050.00,2071.35,8770
LIC HOUS.FIN,20231006,470.95,475.50,466.40,468.35,83763
LUPIN LTD.  ,20231006,1163.95,1165.30,1152.75,1155.55,16014
HYBRIDFIN   ,20231006,8.28,8.28,8.18,8.18,1754
MAFATLAL IND,20231006,171.65,171.65,165.00,171.65,691778
MAH.SEAMLESS,20231006,605.00,612.05,596.30,598.30,12406
MAH.SCOOTER ,20231006,7581.40,7749.00,7565.00,7718.05,211
MAJESTIC AUT,20231006,185.00,192.60,185.00,187.70,2487
MANALI PETRO,20231006,68.29,69.00,67.40,67.98,81399
BARODA RAYON,20231006,171.00,173.40,168.00,170.70,2178
MID INDIA IN,20231006,8.40,8.46,8.20,8.20,5361
MIRC ELECT  ,20231006,18.93,19.20,17.99,18.15,178490
CENTURY ENKA,20231006,423.00,428.25,422.05,424.30,2057
LORDS CHLORO,20231006,162.60,165.05,160.50,161.55,2398
SPICEJET LTD,20231006,35.39,37.10,35.39,35.98,2420805
MOREPEN LAB.,20231006,36.17,36.44,35.96,36.16,279267
MRF LTD.    ,20231006,107401.00,108038.50,107157.45,107594.65,144
HEIDEL CEM  ,20231006,196.00,197.15,193.10,193.80,16338
NAHAR SPG.  ,20231006,262.70,263.55,258.95,261.00,998
NAT.PEROXIDE,20231006,1102.35,1102.35,1102.35,1102.35,2896
NIIT LTD.   ,20231006,121.00,122.85,120.00,120.70,48212
JAYKAY      ,20231006,71.15,73.69,71.00,71.60,30502
NIRLON      ,20231006,411.00,417.50,405.60,410.95,4495
ONGC CORPN  ,20231006,183.70,183.70,180.60,181.35,155240
OIL COUNTRY ,20231006,24.59,24.59,24.59,24.59,39624
ORIENT HOTEL,20231006,87.50,94.10,87.10,93.63,331474
OSWAL AGRO. ,20231006,34.93,35.31,34.79,35.10,9918
INDIAN SUCRO,20231006,93.75,93.75,90.00,91.47,6003
PANYAM CEMEN,20231006,13.09,13.09,13.09,13.09,1074
PIDILITE    ,20231006,2429.65,2457.90,2429.60,2453.50,19134
SURYA ROSHNI,20231006,490.00,523.35,488.70,504.75,43003
PRIME SECUR.,20231006,146.90,150.95,144.00,149.55,3051
PUN.COMMUNI.,20231006,47.51,47.51,43.35,45.41,9449
RSWM  LTD   ,20231006,187.65,192.50,187.65,189.85,5926
RAJSH.SUGAR ,20231006,51.99,52.40,50.50,51.05,7129
RALLIS INDIA,20231006,215.35,216.00,212.90,214.95,13098
RAMA PAPER  ,20231006,23.75,23.75,23.75,23.75,1
RAMA PETRO  ,20231006,4.23,4.66,4.23,4.66,1005
RAPICUT CARB,20231006,65.38,67.83,65.00,67.65,15145
WELSPLSOL   ,20231006,37.00,37.50,36.10,36.97,304300
ROLTA (I)   ,20231006,2.20,2.31,2.20,2.30,259760
RUBFILA INT.,20231006,84.00,84.00,81.15,82.41,39548
SALORA INT. ,20231006,48.02,48.02,48.02,48.02,711
SHREE CEMENT,20231006,25766.85,25899.95,25598.25,25781.95,217
SHREE KRISHN,20231006,28.35,28.35,28.35,28.35,339
SUNDARAM FAS,20231006,1255.55,1256.95,1230.00,1234.30,678
SUNFLAG IRON,20231006,194.75,198.95,191.95,197.60,17768
SUPREME PET ,20231006,520.70,533.00,519.30,525.00,5010
SWARAJ ENGIN,20231006,1979.85,1993.00,1975.70,1993.00,173
THIRUMALAI  ,20231006,213.05,214.90,210.75,211.40,12766
TIMEX GROUP ,20231006,155.00,161.75,155.00,159.25,91403
TORRENT PHAR,20231006,1864.95,1897.30,1858.55,1894.65,6390
TRANSCHEM   ,20231006,24.67,28.32,23.79,28.32,118899
UTLINDS     ,20231006,2.12,2.29,2.12,2.29,23241
UNIPHOS ENT.,20231006,162.10,163.85,161.50,162.30,963
VARD HOLDNG ,20231006,3025.60,3026.05,3005.00,3010.25,17
WEST COAS PA,20231006,707.40,716.95,707.05,710.05,7527
HIND.ORG.CHM,20231006,36.80,36.94,34.12,35.41,409246
MPIL CORP L ,20231006,1010.90,1010.90,1010.90,1010.90,290
PAS.ACRYLON ,20231006,40.85,45.65,40.25,44.90,443174
PROCTER &GAM,20231006,17808.20,18044.80,17700.00,17858.20,171
MUKAND LTD. ,20231006,165.10,172.50,165.05,170.40,28300
UCAL        ,20231006,135.20,137.95,133.50,137.40,1225
HARR.MALAYAL,20231006,158.05,161.95,157.70,159.75,6352
BAJ HOLD INV,20231006,6748.00,6872.05,6711.00,6844.30,1403
HIND.MOTORS ,20231006,15.49,17.95,15.27,17.73,1527883
LARSEN & TOU,20231006,3099.00,3113.95,3073.25,3093.45,267681
MAH & MAH   ,20231006,1541.00,1553.95,1540.50,1547.20,57296
PREMIER LTD ,20231006,3.50,3.50,3.21,3.39,19023
BHARAT PET. ,20231006,344.50,348.95,344.00,347.05,79400
SIEMENS LTD.,20231006,3520.10,3572.65,3503.85,3531.75,11051
VOLTAS LTD  ,20231006,884.95,887.60,879.40,885.40,28777
NOVARTIS    ,20231006,725.55,725.55,720.05,720.40,848
PFIZER LTD. ,20231006,3900.05,3993.10,3900.05,3989.90,1596
HIND UNI LT ,20231006,2510.05,2521.75,2493.65,2498.75,128241
NOCIL LTD   ,20231006,227.25,227.35,225.45,226.05,16426
TATA CHEM.  ,20231006,1008.05,1015.15,1005.30,1013.05,28395
T.P.L.      ,20231006,93.45,93.50,90.80,91.13,10198
NESTLE (I)  ,20231006,22960.00,23061.90,22812.45,22915.95,1871
INDIAN HOTEL,20231006,419.95,424.75,418.30,422.95,59671
ITC LTD.    ,20231006,436.10,443.55,436.10,442.20,499227
MODI RUBBER ,20231006,78.81,78.81,78.81,78.81,1578
DALAL ST INV,20231006,283.05,294.30,283.05,294.30,181
INDUS.INV.TR,20231006,109.90,110.00,105.10,108.95,1380
INDUS.&PRUD.,20231006,3945.00,3945.00,3651.00,3750.00,104
TATA INVEST.,20231006,3418.95,3418.95,3276.80,3307.95,6897
PRISMX      ,20231006,1.66,1.66,1.66,1.66,118237
MOTOR&GEN.FI,20231006,31.80,31.80,31.80,31.80,780
RAPID INVES.,20231006,96.36,96.36,96.36,96.36,19
WALCHAND PF ,20231006,179.65,179.65,170.55,178.15,785
SWASTIK SAFE,20231006,5.19,5.19,5.19,5.19,600
W.H.BRADY   ,20231006,412.50,423.95,392.05,413.05,1764
TECHNVISN   ,20231006,186.00,195.00,186.00,195.00,51
SHA ENG PLA ,20231006,1884.00,1890.00,1800.25,1814.30,272
BOM.BURMAH  ,20231006,1238.95,1260.00,1224.05,1241.95,6392
BOM.CYCLE   ,20231006,1110.85,1110.85,1033.25,1088.20,364
INDIA NIVEH ,20231006,25.08,27.70,25.08,27.70,67597
CHOWGULE ST ,20231006,14.10,14.57,14.10,14.44,2071
GLOBAL OFFS ,20231006,35.85,35.85,34.50,35.85,61163
ASIIL       ,20231006,18.10,19.55,18.10,18.63,160366
SAGAR CEM.  ,20231006,243.00,243.00,235.55,238.35,6096
HEMADRI CEM ,20231006,79.47,79.47,79.47,79.47,4429
MANGALAM CEM,20231006,370.90,370.90,363.80,367.95,5084
N C L IND.  ,20231006,225.90,225.90,217.05,218.10,16802
SAURAS.CEM. ,20231006,92.00,92.50,89.00,90.46,260673
SRI DIGV CEM,20231006,92.77,93.85,91.99,93.17,62611
LERTHAI     ,20231006,294.00,294.00,267.50,267.50,36
TRIVENI GLAS,20231006,17.00,17.60,16.80,17.27,18914
NILACHAL REF,20231006,41.00,41.90,40.00,41.57,967
ANDPAPER    ,20231006,603.50,603.50,585.30,587.70,27975
ORIENT PAPER,20231006,50.95,50.95,49.65,49.84,177914
CITADEL     ,20231006,26.25,27.89,25.70,27.23,3893
ROLLATAINER ,20231006,1.17,1.20,1.12,1.20,185395
SESHA.PAPER ,20231006,381.30,381.45,375.75,377.95,5677
NATHIND     ,20231006,63.50,65.25,63.00,65.02,11438
VAPI PAPER  ,20231006,92.15,95.70,88.50,95.65,75
DCM LTD.    ,20231006,85.96,85.96,80.55,83.15,5826
FORBES & CO ,20231006,667.75,675.90,665.15,670.85,1216
H.P.COTTON  ,20231006,107.90,114.75,101.05,112.75,17274
JAMSHRI     ,20231006,4454.55,4454.55,4454.55,4454.55,1
KATARE SPG. ,20231006,263.95,263.95,260.00,261.70,202
LAKSHMI MILL,20231006,4274.90,4275.00,4201.00,4208.50,149
VARDH TEXT  ,20231006,379.50,383.90,370.35,379.95,13716
PENLAND LTD ,20231006,31.88,32.04,31.35,31.90,88438
PASUPATI SPG,20231006,25.35,25.37,25.00,25.00,780
PHOENIX MILL,20231006,1787.95,1814.80,1765.45,1801.00,6280
MARATHON NEX,20231006,428.50,432.75,419.00,428.45,2242
RAJA BAHADUR,20231006,4399.00,4399.00,3981.00,4120.40,44
REL.CHEMOTX ,20231006,227.30,235.00,225.35,230.00,5138
SIMPLEX REAL,20231006,107.20,110.00,107.20,109.95,418
SWAN ENG    ,20231006,284.35,299.50,283.10,297.10,134259
VICTORIA MIL,20231006,4045.00,4045.00,3911.10,3959.40,106
SVARAJ TRAD ,20231006,6.22,6.93,6.22,6.87,20162
ZODIAC VEN  ,20231006,13.94,13.94,13.10,13.76,12066
VEER ENERGY ,20231006,16.10,16.50,15.60,16.03,109006
TILAK       ,20231006,4.77,4.98,4.54,4.64,411439
KKFIN       ,20231006,25.05,25.05,25.05,25.05,999
WAGEND      ,20231006,0.69,0.69,0.66,0.66,302423
MEDIA ONE   ,20231006,45.90,46.05,43.61,43.82,4031
MODELLA WOOL,20231006,69.50,72.00,69.50,72.00,59
SHRI DINESH ,20231006,520.00,520.00,509.95,519.00,31
SRF LIMITED ,20231006,2274.95,2274.95,2237.50,2247.25,8495
SIYARAM SILK,20231006,565.05,574.00,560.00,569.50,2555
SWAD.POLYTEX,20231006,49.30,49.30,46.01,46.25,8543
SHREE MFG CO,20231006,11.74,11.74,11.74,11.74,1
BHARAT BIJLE,20231006,3757.60,3860.00,3691.80,3842.65,1307
ELPRO INTER ,20231006,78.47,78.75,77.60,77.99,59308
GEE LTD     ,20231006,86.95,86.95,85.00,85.17,9975
HIND.RECT   ,20231006,353.70,353.70,353.70,353.70,596
ZENSAR TECH.,20231006,536.55,539.05,526.25,530.55,41527
JYOTI LTD.  ,20231006,60.88,60.88,60.88,60.88,2753
JSL LTD.    ,20231006,478.00,500.95,478.00,478.00,76
KAYCEE IND  ,20231006,12050.00,12100.00,11600.00,11800.00,13
INDOKEM LTD.,20231006,113.40,116.10,111.00,114.00,1293
PANA ENERG  ,20231006,396.50,396.50,364.55,388.00,52614
NELCO LTD.  ,20231006,784.00,788.35,775.00,777.65,6576
PERM MAGNETS,20231006,1433.50,1464.00,1433.50,1447.10,4201
HIGH ENERGY ,20231006,555.00,568.00,553.00,560.00,16587
STD.BATTERY ,20231006,42.49,42.49,40.11,41.78,10848
UNIV.CABLE  ,20231006,498.50,523.00,497.35,508.55,5866
W.S.INDUSTR.,20231006,100.05,105.45,99.25,105.30,16690
DELTON CABLE,20231006,136.15,136.15,136.15,136.15,2628
LAKSHMI ELEC,20231006,1530.00,1540.00,1483.50,1506.20,1515
MODULEX     ,20231006,10.88,11.25,10.35,10.36,20138
CONFINT     ,20231006,9.07,9.07,9.07,9.07,6501
RELTD       ,20231006,70.99,78.90,65.26,74.99,119849
EMPOWER     ,20231006,1.02,1.02,1.02,1.02,9669237
MULTI-PURPOS,20231006,9.38,9.38,8.53,9.26,35287
NYSSACORP   ,20231006,5.65,5.88,5.65,5.73,32134
FLOMIC      ,20231006,87.68,90.00,86.11,89.95,846
KRISHNA VEN ,20231006,69.00,71.76,69.00,71.76,10895
GANESH HOLDI,20231006,58.00,58.00,58.00,58.00,1
UNI ABEX    ,20231006,2350.40,2350.40,2305.00,2350.40,1704
SARDA ENMIN ,20231006,216.60,220.50,214.75,216.00,5741
BHAGWATI AUT,20231006,620.00,620.00,588.20,604.85,1391
BOM.WIRE ROP,20231006,38.80,38.80,38.80,38.80,1876
I BRIGHT ST ,20231006,25.98,26.08,25.97,26.08,879
IND.HUME PIP,20231006,252.30,254.20,245.25,252.40,5288
INVEST &PREC,20231006,480.90,499.00,476.00,495.00,2839
INFORMEDTEC ,20231006,75.16,75.16,71.41,71.54,4267
KAIRA CAN CO,20231006,2326.00,2395.75,2266.00,2314.75,174
ORIENTCER   ,20231006,37.00,37.45,36.60,36.74,8488
NATIONAL STD,20231006,4778.00,4791.05,4715.00,4721.10,37
RATHI ST    ,20231006,22.83,22.83,22.83,22.83,13263
DUNCANENG   ,20231006,417.20,437.85,417.05,420.00,318
SANDUMA     ,20231006,1503.05,1526.00,1489.60,1513.60,2794
STOVAC IND. ,20231006,2366.05,2423.40,2366.00,2411.40,307
TATA YODOGAW,20231006,92.68,92.68,89.60,89.99,4738
WELCAST     ,20231006,810.00,813.85,774.00,801.05,348
AUTO COR.GOA,20231006,1495.20,1585.00,1495.20,1570.20,4239
SETCO AUTO  ,20231006,6.51,6.60,6.51,6.60,37050
SCOOTERS IND,20231006,33.45,33.77,32.81,33.77,24167
TALBROS AUTO,20231006,1056.00,1065.00,1050.00,1057.70,3814
ZF STEERING ,20231006,745.00,760.00,736.05,756.30,3282
TIL LTD.    ,20231006,282.00,286.00,280.00,280.00,1089
JAINEX      ,20231006,156.50,163.95,155.80,157.25,2042
ALFRED HERB ,20231006,823.75,830.00,823.75,828.50,157
VELJAN      ,20231006,2070.40,2150.00,2001.10,2063.95,363
DYNAMAT.TECH,20231006,4649.95,4749.55,4562.85,4618.15,1466
G.G.DANDEKAR,20231006,67.80,67.80,66.00,66.44,1046
KIRLOSAR PN ,20231006,677.00,684.95,667.60,680.55,4869
KPT         ,20231006,390.00,390.00,374.00,376.50,8996
LAXMI AUTOLM,20231006,2057.00,2075.00,2000.00,2067.45,648
MANUGRAPH IN,20231006,23.00,23.19,22.12,23.19,1722
MIRCH       ,20231006,2.54,2.54,2.54,2.54,100
MONOTYPE IND,20231006,0.56,0.56,0.56,0.56,2001653
NESCO LTD   ,20231006,688.30,688.30,670.60,680.05,1341
INTEGRA ENG ,20231006,231.30,240.30,230.00,230.95,50923
SEMAC       ,20231006,2366.90,2366.90,2366.90,2366.90,503
WENDT(INDIA),20231006,14425.10,14491.00,14394.60,14468.00,20
SHYAMKAM INV,20231006,3.69,3.80,3.69,3.80,34
MAHA CORP   ,20231006,1.19,1.19,1.16,1.18,220355
ZEE ENTER   ,20231006,259.00,261.65,258.50,260.50,222274
SKYL MILLAR ,20231006,10.79,10.79,10.33,10.36,6763
BIMETAL BEAR,20231006,647.80,647.95,637.50,639.05,1221
BRADY MORRIS,20231006,423.80,432.25,418.35,432.25,695
LATIMMETAL  ,20231006,16.53,16.53,16.30,16.30,99600
DECCAN BEAR.,20231006,35.15,35.15,35.00,35.07,128
HIMTEK      ,20231006,119.00,119.50,116.00,116.55,2256
HERC.HOISTS ,20231006,317.80,339.15,315.85,321.60,5041
AQFINTECH   ,20231006,653.00,654.70,643.10,644.50,9617
IFB IND.LTD.,20231006,909.95,914.90,888.95,908.55,1424
SINGER INDIA,20231006,96.87,101.71,96.30,101.71,123566
INTER.COMBUS,20231006,1090.00,1111.80,1090.00,1111.80,3962
JOSTS ENG.  ,20231006,469.00,469.00,443.25,450.10,3338
MIPCO SEAM. ,20231006,16.74,16.74,16.74,16.74,400
SNL BEARINGS,20231006,364.00,368.95,339.30,345.40,14806
JAIPAN INDUS,20231006,38.42,39.18,38.42,39.18,1440
MANCREDIT   ,20231006,98.30,101.50,97.60,99.97,9280
TRF LTD.    ,20231006,238.75,243.75,238.15,238.80,3028
WPIL LTD.   ,20231006,2892.20,2906.00,2855.00,2874.50,4599
KENNAMETAL  ,20231006,2570.00,2799.00,2565.00,2663.15,1553
HINDHARD    ,20231006,553.90,554.75,525.00,554.75,4955
TRITON VALVE,20231006,1607.00,1678.00,1607.00,1645.55,822
SUDAL INDUS ,20231006,11.66,11.66,11.43,11.66,9420
PRAKASH IND.,20231006,139.50,142.45,138.75,140.40,50017
STANROSE MAF,20231006,81.01,82.99,81.00,81.00,343
PANKAJPIYUS ,20231006,129.60,129.60,117.50,129.35,477
PARNAXLAB   ,20231006,92.85,92.85,92.50,92.84,2624
INTELL CAP  ,20231006,98.99,98.99,95.23,95.23,150625
VISAGAR POL ,20231006,0.99,1.01,0.93,0.96,636304
GCKL        ,20231006,13.59,13.60,13.01,13.25,1242
STYRENIX    ,20231006,1051.70,1090.00,1047.90,1080.05,759
AMINES&PLAST,20231006,132.45,144.70,127.55,141.10,83598
ANUH PHARMA ,20231006,132.00,132.00,128.45,129.85,19503
CHEMO PHARMA,20231006,28.50,30.00,28.00,30.00,1706
HEUBACHIND  ,20231006,442.05,446.70,439.00,443.70,3811
FERMENTA    ,20231006,163.40,163.40,157.00,158.30,6373
JAYSHRI CHEM,20231006,8.28,8.61,7.97,8.21,40552
KANORIA CHEM,20231006,136.10,139.80,135.25,136.85,21925
KELTECH EN. ,20231006,1674.95,1698.80,1674.50,1698.80,128
KEMP & CO.  ,20231006,950.00,995.00,950.00,995.00,20
NITTA GELA  ,20231006,823.00,831.45,823.00,825.80,5706
M.P.AGRO IND,20231006,8.00,8.00,7.60,7.94,344
ORIENT.CARB.,20231006,784.25,803.00,781.00,790.55,573
AMAL PRODUCT,20231006,293.80,293.80,288.55,290.65,676
POLYCHEM    ,20231006,2083.90,2160.00,2083.90,2160.00,192
PUN.CHEM    ,20231006,1102.30,1228.00,1080.95,1218.55,5295
GUJCHEM DIST,20231006,66.99,66.99,66.99,66.99,5
SADHANA NITR,20231006,79.05,81.00,79.05,80.03,31674
SUDARSH.CHEM,20231006,489.00,489.00,478.00,480.50,4127
ULTRAMARINE ,20231006,411.00,429.00,407.60,424.70,36856
TRANSPEK    ,20231006,1875.00,1897.90,1860.05,1876.80,1896
MYS PETRO   ,20231006,150.00,152.00,146.10,147.70,1870
TUTIALKA    ,20231006,96.00,97.78,90.20,92.62,433330
PRIMO       ,20231006,59.95,61.00,58.52,60.38,421589
TANFAC IND. ,20231006,2049.00,2114.45,1960.00,2114.45,42200
GUJ.PETRO   ,20231006,73.91,73.91,73.91,73.91,477
GUJ.THEMIS. ,20231006,1021.00,1049.00,1021.00,1038.10,24007
SCBL        ,20231006,2.52,2.52,2.52,2.52,2830
JAYSN DYEST ,20231006,81.95,82.00,79.01,81.90,7722
MAKERS LAB. ,20231006,109.90,111.40,107.45,110.45,383
CONT.CHEM   ,20231006,59.05,62.00,59.05,62.00,115
J.B.CHEMICAL,20231006,1498.25,1520.00,1461.10,1496.55,9954
ADV.PETROCH.,20231006,155.15,161.00,155.15,155.20,22
APT PACK    ,20231006,32.25,32.25,32.25,32.25,2
BL.CHIP TEX ,20231006,137.90,140.25,135.25,135.40,235
JAGATJIT IND,20231006,136.60,137.65,131.15,137.65,40464
KESAR ENT.  ,20231006,96.35,96.35,96.35,96.35,251
TILAKNAG IND,20231006,207.55,217.95,205.70,213.05,64790
EMERALL     ,20231006,137.00,137.00,137.00,137.00,2
SAKTHI SUGAR,20231006,32.48,32.61,31.89,32.18,47616
WALCHANDNGR ,20231006,125.45,125.45,125.45,125.45,19204
KOTHARI FERM,20231006,94.00,94.87,88.01,89.35,72709
CAPROLA.CHEM,20231006,66.00,70.90,66.00,67.00,717
RANA SUGARS ,20231006,27.01,27.64,27.01,27.17,36371
PICCADILY SU,20231006,36.22,36.22,36.22,36.22,32632
SOM DISTILL.,20231006,374.05,375.30,361.05,369.10,112964
CJ GELATIN  ,20231006,24.30,24.55,24.00,24.55,1032
ASSO.ALCOHOL,20231006,466.95,469.45,457.60,466.70,7296
IVP LIMITED ,20231006,162.30,170.75,162.30,166.00,1350
KLRFM       ,20231006,209.60,209.60,196.10,209.10,12692
MILKFOOD    ,20231006,627.70,627.70,608.10,616.90,176
POLSON LTD. ,20231006,13445.00,13445.00,13000.00,13200.00,37
WIPRO LTD.  ,20231006,407.20,409.85,406.75,407.75,348626
ORIENT BEVER,20231006,195.10,208.00,182.30,183.90,42244
DHAN AGRI   ,20231006,852.00,855.00,832.15,845.90,4652
TTK HEALTHCA,20231006,1155.00,1155.05,1134.05,1147.70,2494
TGVSL       ,20231006,115.70,116.30,114.00,114.80,135242
LIME CHEM.  ,20231006,36.93,36.93,36.93,36.93,44256
KANPUR PLAST,20231006,122.20,124.95,121.50,122.65,288
TAINWALA CH.,20231006,139.00,139.00,134.55,137.05,5733
JAGSON PHAR ,20231006,423.50,428.70,419.20,421.30,881
KHAITAN CHEM,20231006,64.90,65.90,64.90,65.28,14922
UNITED LEA(N,20231006,23.47,23.47,23.47,23.47,650
NATI. OXYGEN,20231006,111.80,111.80,109.20,111.75,652
WIRES FABRIK,20231006,148.45,148.45,146.50,146.50,121
ANSALHSG    ,20231006,8.02,8.02,8.02,8.02,274852
COMPUTER PNT,20231006,6.20,6.20,6.20,6.20,23292
MAC CHARLES ,20231006,475.00,484.95,470.10,470.45,428
ADDI IND.   ,20231006,54.48,54.48,47.55,49.94,11947
PION INVEST ,20231006,33.78,33.78,32.51,33.49,2074
ASHNOOR TEX.,20231006,38.56,41.20,38.56,40.80,1425
UNITECH LTD ,20231006,2.45,2.45,2.39,2.39,2537813
VIP INDUS.  ,20231006,659.20,670.95,652.95,665.50,28473
LKP FIN     ,20231006,98.64,98.64,97.15,97.39,562
BAJAJ STEEL ,20231006,1078.05,1091.50,1075.00,1082.80,2228
KIDUJA INDIA,20231006,85.00,85.00,77.62,77.63,782
KEY CORP.LTD,20231006,55.47,56.99,55.47,56.10,1866
GUJ.HOTELS  ,20231006,158.00,161.00,153.35,160.15,4744
PARA. COSMET,20231006,41.00,41.95,41.00,41.50,1096
JINDAL HOTL ,20231006,46.50,46.50,44.50,45.87,2028
SIMMONDS-MAR,20231006,64.86,64.86,64.86,64.86,4866
BNALTD      ,20231006,305.55,309.95,303.10,309.95,1247
HAWKINS COOK,20231006,7344.95,7344.95,7100.00,7224.30,561
WARREN TEA  ,20231006,52.90,52.90,51.02,51.85,665
COCHIN MALA ,20231006,99.00,99.00,99.00,99.00,7
BEST E.HOTEL,20231006,22.36,22.36,20.50,21.24,13550
NEELAMALAI  ,20231006,3430.00,3450.00,3430.00,3450.00,10
IST LTD.    ,20231006,713.75,733.40,705.00,720.80,804
NITINCAST   ,20231006,472.05,486.00,472.05,476.15,98
SMIFS CAPITA,20231006,41.23,42.87,41.01,42.84,1537
EVEREST INDS,20231006,1137.85,1148.60,1132.40,1137.85,483
IRONWOOD    ,20231006,25.10,25.10,23.01,23.71,4379
MSR INDIA   ,20231006,13.23,13.38,12.35,12.82,28586
PANASON CAR ,20231006,471.90,471.90,460.00,467.25,2041
FINKURVE    ,20231006,76.68,76.68,68.25,69.76,9061
HB LEAS.PUB ,20231006,6.85,6.85,6.85,6.85,2651
SULABH ENG. ,20231006,6.38,6.55,6.38,6.38,816378
FRONTCAP    ,20231006,4.30,4.30,4.09,4.28,9736
SATPROP LTD ,20231006,0.87,0.94,0.87,0.89,5639
RUCHI INFRA.,20231006,16.47,16.49,16.02,16.49,344224
VJTFEDU     ,20231006,66.66,67.25,66.66,67.25,3043
VOLTAIR LEAS,20231006,11.11,11.31,10.92,11.28,778
NETLINK SOLU,20231006,87.50,87.50,83.10,83.71,1802
LANCOR HOLDS,20231006,37.80,38.50,37.80,38.50,46597
INDIAN INFO.,20231006,2.01,2.05,1.96,1.99,2084118
BANAS FIN.  ,20231006,18.20,18.47,17.55,18.24,136338
VISAKA IND. ,20231006,90.98,92.60,88.00,90.06,63981
HATHWAY BHAW,20231006,19.00,19.00,18.05,18.94,9521
PHOTON CAP  ,20231006,71.73,71.73,71.73,71.73,27
INDAG RUBBER,20231006,138.95,138.95,136.60,137.50,5201
M.M.RUBBER  ,20231006,122.35,127.95,121.95,123.65,891
PTL LTD     ,20231006,39.74,39.95,39.25,39.48,6436
TVS SRICHAKR,20231006,3471.95,3490.40,3404.00,3484.90,322
SEL         ,20231006,18.96,19.89,18.03,18.71,18753
BENARES HOT ,20231006,5800.00,5888.50,5750.05,5829.90,131
BHAGWATI OXY,20231006,36.37,38.14,36.37,38.10,193
BOMOXY-B1   ,20231006,12002.00,12482.00,12002.00,12250.00,29
CRAVATEX    ,20231006,394.80,395.00,380.00,381.65,664
CAPRIHANS   ,20231006,238.80,244.00,234.00,237.00,3726
EMPIRE IND. ,20231006,1130.00,1150.50,1129.20,1133.25,3955
GRAVISS HOSP,20231006,53.99,53.99,51.23,53.47,3775
GARWA.MARINE,20231006,8.50,8.99,8.50,8.97,653
HARDCASTLE  ,20231006,444.00,454.95,420.15,428.55,122
HEG LIMITED ,20231006,1776.10,1807.95,1755.70,1777.70,9106
HIND.COMPOSI,20231006,412.70,416.05,410.00,412.20,369
IND.CARD    ,20231006,256.40,256.40,247.15,249.70,2379
INT.CONVEYOR,20231006,82.99,83.10,81.11,82.09,13363
JAYSHRE TEA ,20231006,110.80,113.00,108.60,109.30,11865
MODERN SHARE,20231006,23.99,27.94,23.34,23.75,19191
PREMIER SYN.,20231006,14.79,15.19,14.36,15.04,1800
SHALIMAR PAI,20231006,163.00,165.40,162.50,163.90,11571
HIND MILLS  ,20231006,232.00,232.00,222.80,232.00,65
SUPREM IND  ,20231006,3890.00,4024.45,3885.05,3911.70,6492
U.P.HOTELS  ,20231006,853.20,915.00,853.20,871.95,128
VST INDUS.  ,20231006,3407.00,3441.80,3350.00,3380.80,613
SWASTI VINAY,20231006,6.06,6.16,5.55,6.06,211439
MADHUS.SEC  ,20231006,12.57,12.61,12.02,12.55,28084
YAMINI INVES,20231006,0.73,0.76,0.73,0.75,805478
PREMIER CAP.,20231006,4.00,4.00,3.56,3.83,18748
MILGREY FIN ,20231006,30.24,31.45,30.24,30.25,1020
JINDAL DRILL,20231006,668.85,687.85,663.90,682.50,11156
SAKTHI FIN. ,20231006,34.95,37.99,34.00,37.48,81523
JMDVL       ,20231006,28.05,28.05,27.50,28.02,39500
SHIVA TEXYAM,20231006,143.40,146.75,142.85,145.45,2477
V.B.DESAI   ,20231006,9.81,9.81,9.81,9.81,305
QUADRANT    ,20231006,1.38,1.38,1.29,1.31,464321
FIRST CUSTO.,20231006,36.41,38.33,34.69,38.33,377
KAMAN HSG   ,20231006,13.50,14.25,13.50,13.70,5767
WSFX        ,20231006,50.56,50.56,45.76,50.09,206
ANJANIFOODS ,20231006,29.92,30.77,28.60,29.91,3886
PARSHWANA   ,20231006,32.00,32.00,32.00,32.00,1
MILLENNIUM  ,20231006,1.78,1.78,1.78,1.78,280
I.C.D.S.    ,20231006,26.90,27.10,26.85,27.10,1656
IL & FS INVE,20231006,7.89,8.00,7.81,7.95,44737
SHRIRAM TRAN,20231006,1830.00,1863.45,1830.00,1847.45,16763
BOMTALKIES  ,20231006,4.68,4.68,4.67,4.68,6695
IND CEM CAP ,20231006,12.39,13.00,11.78,11.80,6537
AD-MANUM FIN,20231006,51.16,51.17,48.16,49.33,4315
MEHTA I.FIN ,20231006,22.70,22.90,22.70,22.72,1200
INTER GLOB F,20231006,30.50,30.50,29.23,30.50,1148
MCLTD       ,20231006,14.21,14.21,14.21,14.21,5
SHRISTINFRA ,20231006,26.85,27.54,26.85,27.54,155
GUJ.CREDIT  ,20231006,20.79,20.79,19.48,20.60,1671
SYLPH TECH  ,20231006,3.85,3.92,3.66,3.69,253433
DHARANI FIN.,20231006,5.31,5.79,5.28,5.28,8954
ALEXANDER   ,20231006,15.90,15.90,15.11,15.56,12011
IND.BANK MER,20231006,36.50,36.50,35.65,36.15,10190
SHRYDUS     ,20231006,30.38,32.14,30.38,31.04,9427
BHARAT BHUSH,20231006,39.90,42.29,34.44,35.02,106255
USHAKIRAN FI,20231006,23.05,23.05,22.80,22.80,16
VIVO BIO TEC,20231006,38.47,38.47,36.26,37.17,18931
VEERHEALTH  ,20231006,19.50,20.66,18.70,20.66,200258
PAN INDIA C ,20231006,2.05,2.10,2.02,2.06,75811
SAHARA HOUSG,20231006,68.26,68.26,68.26,68.26,192
NDA SECURIT.,20231006,27.50,27.50,26.99,26.99,529
GSB FINANCE ,20231006,10.68,10.74,9.80,10.74,171
MORARKA FIN.,20231006,130.20,142.65,126.00,132.65,4860
PRO FIN CAP.,20231006,1.20,1.27,1.17,1.23,3866256
TIMES GUARAN,20231006,68.75,72.80,67.95,69.50,10874
SANCHAY FIN.,20231006,22.04,22.04,22.04,22.04,850
SOMDATT FIN ,20231006,115.30,120.00,115.30,120.00,2395
REGENCY TRUS,20231006,1.66,1.66,1.66,1.66,1000
AVONMORE    ,20231006,71.00,72.00,71.00,71.99,5488
LIBORD FIN  ,20231006,5.71,6.30,5.71,5.73,1840
YASH MANAGE.,20231006,13.98,13.98,12.52,12.83,5638
ISL CONSULT ,20231006,28.92,29.96,28.92,29.06,2041
R R FINANCE.,20231006,15.55,15.55,15.55,15.55,842
IMCAP       ,20231006,475.00,475.00,460.00,463.30,774
SAMBHAAV MED,20231006,3.10,3.20,3.05,3.19,10092
OMEGA INTERA,20231006,102.00,106.05,102.00,106.05,5751
SUGAL DAM   ,20231006,19.47,19.47,18.75,18.75,1702
NETTLINX LTD,20231006,86.80,88.99,85.33,88.49,1316
SCANSTL     ,20231006,57.62,64.80,57.62,63.54,813001
MATHEW EASOW,20231006,7.15,7.15,7.15,7.15,1001
AJCON GLOBAL,20231006,27.90,29.09,27.83,27.85,310
STD.CAP.MRKT,20231006,50.85,50.85,50.85,50.85,279
YOGI        ,20231006,29.00,29.00,27.18,27.18,1035
CUBICAL FIN.,20231006,1.43,1.50,1.40,1.40,12252
RELIC TECHNO,20231006,17.50,18.30,16.63,16.63,1741
NIMBSPROJ   ,20231006,29.10,32.70,29.10,31.14,877
BAIDFIN     ,20231006,27.47,27.80,25.87,26.03,209944
USHDEV INTNL,20231006,1.59,1.59,1.56,1.56,47009
MEHTA HOUSIN,20231006,82.00,83.00,82.00,82.00,201
SHALIB.FINAN,20231006,350.00,354.00,350.00,354.00,6000
ABIRAMI FIN.,20231006,25.96,26.47,25.96,26.47,86
MANSI FINANC,20231006,44.00,44.00,44.00,44.00,3
SEVENHILL   ,20231006,0.63,0.64,0.61,0.63,284549
AASTAFIN    ,20231006,39.00,39.90,38.02,38.59,139
MASTER TRUST,20231006,345.00,354.00,335.00,341.60,4742
EFCIL       ,20231006,249.75,255.65,249.75,255.00,74406
CNI RES LTD ,20231006,2.20,2.20,2.11,2.13,74507
SARASW.COMM.,20231006,2829.90,2830.00,2730.05,2814.15,72
N.D.METAL   ,20231006,46.17,46.17,46.17,46.17,1
KAPIL COTEX ,20231006,116.95,116.95,116.95,116.95,1
TCC         ,20231006,76.84,76.84,76.84,76.84,1
ROYAL IND   ,20231006,2.97,2.98,2.97,2.98,34429
LUHARUKA    ,20231006,4.09,4.09,3.95,3.95,216921
VISVEN      ,20231006,95.25,98.00,95.25,98.00,102
DECCANGOLD  ,20231006,92.00,92.00,90.20,90.98,50158
CRANES SOFTW,20231006,6.31,6.31,6.31,6.31,81096
SAICOM      ,20231006,0.53,0.53,0.50,0.52,1981366
NIDHI GRANIT,20231006,77.50,77.70,77.50,77.70,160
SIGNET IND  ,20231006,60.77,60.77,59.00,59.32,18641
ADVANCE TECH,20231006,1.85,1.85,1.85,1.85,929218
ABANSENT    ,20231006,172.00,179.90,168.75,179.90,382
VAMA INDS   ,20231006,4.50,4.60,4.45,4.53,22592
SUNTECK REAL,20231006,449.75,454.00,443.15,452.80,29109
SILVEROAK   ,20231006,2.26,2.26,2.26,2.26,1902
STEPHANOTIS ,20231006,45.48,45.48,43.70,45.48,4223
PRISM MEDI  ,20231006,27.99,28.55,26.48,28.25,22436
VERITAS     ,20231006,230.00,234.25,225.15,232.40,5060
ASHIRWAD CAP,20231006,3.95,3.95,3.77,3.81,65284
SVARTCORP   ,20231006,3.05,3.49,3.02,3.41,2063576
MEDIA MATRIX,20231006,24.85,24.85,24.17,24.44,33792
NNTL        ,20231006,12.65,12.65,12.29,12.63,1038
CHAMBAL BREW,20231006,3.00,3.00,3.00,3.00,50
KRL         ,20231006,6359.00,6359.00,6359.00,6359.00,21
ARAVALI SEC.,20231006,3.90,4.00,3.90,4.00,964
CRESSANDA SO,20231006,23.35,24.50,23.10,23.95,5895134
SHARDUL SECU,20231006,100.20,106.05,100.20,103.10,104
SERA        ,20231006,10.67,11.41,10.35,11.41,1874401
NIRAV COMMER,20231006,459.95,459.95,459.95,459.95,1
APOLLO FIN I,20231006,499.00,527.95,499.00,510.25,1059
ENBEE TRADG.,20231006,17.20,17.68,16.04,17.16,77348
GANONPRO    ,20231006,16.25,16.40,15.16,16.04,120939
SHRI JAGDAMB,20231006,686.00,686.00,660.00,664.45,1182
LLOYDS MET E,20231006,553.45,567.00,553.45,564.05,25392
SHREE GLOBAL,20231006,33.15,35.13,33.15,35.13,3049938
BETEX INDIA ,20231006,135.80,150.00,135.80,136.15,1123
POLYTEX(P)  ,20231006,3.10,3.10,2.95,2.95,5320
DHANAL.COTEX,20231006,71.78,71.78,65.62,71.32,477
OASIS SECUR.,20231006,103.00,103.00,97.00,101.80,310
GARNET INTL ,20231006,41.68,41.68,40.00,40.32,13442
SHALIMAR PRO,20231006,0.49,0.49,0.49,0.49,122726
SUPER SAL IN,20231006,1111.00,1169.00,1111.00,1115.85,205
ZENITH EXP. ,20231006,110.30,110.30,110.30,110.30,25
KOHINORFOODS,20231006,35.45,35.54,34.60,34.77,25010
NEELKANTH   ,20231006,57.15,57.15,57.12,57.15,1550
ZODIAC JRD  ,20231006,70.47,70.47,68.00,70.47,12162
SITA ENTER. ,20231006,23.52,24.37,23.22,24.30,905
PULSAR INTL.,20231006,70.35,74.85,70.35,73.00,459
UNIMODE OVER,20231006,147.60,147.60,147.60,147.60,50
KEYFINSER   ,20231006,111.00,112.00,108.15,110.45,104
ADANI ENTER ,20231006,2466.45,2515.00,2466.45,2477.10,122739
HARIA EXPORT,20231006,4.55,4.79,4.55,4.75,8513
RLF LIMITED.,20231006,6.55,6.55,6.10,6.25,1817
REGENTRP    ,20231006,3.39,3.40,3.12,3.21,284686
ORBIT EXPORT,20231006,174.00,175.10,173.70,174.05,496
SAVERA IND  ,20231006,85.00,85.00,82.50,84.90,270
VBC FERRO   ,20231006,39.68,39.68,37.00,37.40,927
REMI EDEL   ,20231006,43.20,43.20,40.89,42.44,452
G.S.AUTO INT,20231006,21.21,21.86,20.56,20.98,34753
TRANSFREIGHT,20231006,21.49,21.49,20.96,21.06,545
SHIV.BIMETAL,20231006,521.60,530.50,521.60,527.50,9106
AMFORGE IND.,20231006,8.13,8.13,8.13,8.13,4263
ABC GAS INT ,20231006,54.80,56.76,53.61,56.36,839
ACROW INDIA ,20231006,814.70,814.70,800.00,805.05,45
STL STR INF ,20231006,23.50,23.55,22.75,22.81,1917
PENNAR STEEL,20231006,105.05,108.20,105.05,107.65,72733
JYOTI STRUCT,20231006,16.00,16.00,16.00,16.00,513309
JAY USHIN   ,20231006,809.90,809.90,770.00,773.35,283
ST.STR.WHEEL,20231006,290.00,290.60,284.65,289.05,14723
MAN IND.(I) ,20231006,194.85,199.20,192.10,194.65,42300
MODERN STEEL,20231006,18.49,18.90,18.05,18.75,4115
SYNTHIKO FOI,20231006,113.20,115.45,113.20,115.45,195
GOLKONDA    ,20231006,14.61,15.34,14.61,15.30,455
GUJ.TOOLROOM,20231006,23.48,24.42,23.48,24.42,51585
COCHIN MIN. ,20231006,252.85,252.85,244.55,248.20,12539
ISW LTD     ,20231006,2.15,2.22,2.15,2.18,72513
KVFORGE     ,20231006,57.31,60.79,57.31,60.79,6552
CARBORUNDUM ,20231006,1186.55,1187.20,1167.80,1169.15,2569
MINERAL&METL,20231006,58.40,59.35,58.20,59.06,149246
VALLABH STEL,20231006,8.29,8.70,8.29,8.70,765
ASHIANA ISP.,20231006,36.99,37.50,36.00,36.50,3513
PM TELELINN ,20231006,6.10,6.11,6.10,6.10,1666
SMFIL       ,20231006,4.65,4.80,4.51,4.57,23936
BLOOM INDUST,20231006,24.99,24.99,20.42,23.32,5019
TATA METALIK,20231006,959.85,959.85,936.00,941.20,752
ELANGO INDUS,20231006,10.45,10.45,9.47,10.10,182
KANISHK ST. ,20231006,29.73,29.73,27.00,28.35,8122
MAHALAXMI SM,20231006,7.54,7.54,7.33,7.47,1081
SIMPLEX CAST,20231006,54.10,54.10,52.61,53.00,690
SH.STEEL WIR,20231006,36.97,37.88,36.00,37.62,561
SOUTH.MAGNES,20231006,168.80,168.80,168.80,168.80,1580
BARODA EXTR.,20231006,2.84,2.88,2.70,2.76,87589
KALYANI FORG,20231006,465.50,465.50,463.70,463.75,1330
PANCH.STEEL ,20231006,145.00,145.00,141.05,143.85,107
ADITYA ISPAT,20231006,9.05,9.05,8.89,9.04,2033
STEELCAST   ,20231006,671.60,690.00,668.15,683.65,2638
GLITTEK GRAN,20231006,3.44,3.61,3.44,3.61,3734
PRADEEP MET.,20231006,151.05,153.35,149.35,149.65,14045
GNRL        ,20231006,15.05,15.70,15.00,15.66,62723
SHARDA ISPAT,20231006,150.20,150.20,147.20,150.20,512
NOVA IRON&ST,20231006,20.09,20.09,19.70,19.70,11656
STERPOW     ,20231006,17.29,17.30,16.80,17.24,830
HIND.COPPER ,20231006,154.90,155.70,153.25,154.35,268546
TULSYAN NEC ,20231006,81.80,81.80,81.80,81.80,3175
AXEL POLYMER,20231006,47.50,50.70,47.50,49.50,575
SPECTRA IND.,20231006,4.00,4.25,3.85,4.25,9097
KIC METALIKS,20231006,59.80,60.99,58.00,59.99,22526
SOLID STONE ,20231006,39.97,39.97,34.01,35.63,13149
SHILP GRAVUR,20231006,128.00,129.00,126.10,127.60,17822
WHITEORG    ,20231006,7.42,7.50,7.21,7.29,53127
MFSINTRCRP  ,20231006,15.40,15.40,14.63,14.63,98
HGIND       ,20231006,199.70,199.70,185.20,193.00,560
HIM.FIBRES  ,20231006,12.34,12.34,12.34,12.34,2745
RAJKAMAL SYN,20231006,27.00,27.00,26.00,26.40,705
DEEPAK SPINN,20231006,243.00,243.00,240.00,240.65,4222
LOY.TEX MILL,20231006,634.65,637.00,595.30,632.70,412
HIMAT.SEIDE ,20231006,133.75,136.90,132.65,135.15,14899
BSL LTD.    ,20231006,185.70,208.00,181.35,191.85,3282
EVERTEX     ,20231006,22.66,22.66,22.66,22.66,2300
PBM POLYTEX ,20231006,104.30,104.30,99.80,101.10,10593
ADHINATH TEX,20231006,30.59,30.59,27.73,28.51,8862
KONARK SYN. ,20231006,11.04,11.04,11.04,11.04,200
SURYALATA SP,20231006,535.05,535.10,526.10,533.05,2086
SURYAVA SPIN,20231006,25.80,25.80,20.00,23.97,4798
TT LTD.     ,20231006,93.11,95.00,93.02,95.00,351
WELSPUN (I) ,20231006,118.50,120.25,118.50,119.70,29103
IND.ACRYLICS,20231006,14.49,14.49,13.40,13.59,419452
CEETA IND.  ,20231006,28.55,31.50,28.55,29.28,3023
VARDHMAN POL,20231006,49.10,53.36,49.10,53.36,6278
BLACKROSE   ,20231006,141.00,144.00,140.00,140.55,19658
ST CORP     ,20231006,35.06,35.06,35.06,35.06,460
BINNY LTD.  ,20231006,259.20,308.00,259.20,287.80,112617
RAMGOPAL POL,20231006,5.29,5.50,5.05,5.24,1311
SANGAM INDIA,20231006,365.80,365.85,355.00,358.05,4627
MKVENTURES  ,20231006,1224.70,1287.00,1150.00,1245.90,1070
KUSHIND     ,20231006,5.93,5.93,5.60,5.60,3663
SREECHEM RES,20231006,44.60,44.60,44.60,44.60,100
SEASONS TEXT,20231006,13.75,13.89,12.75,13.20,893
ZENITH FIBRE,20231006,68.00,69.00,66.60,67.72,931
BHILWARA SP.,20231006,67.54,67.54,64.60,66.70,1739
SANRHEA TECH,20231006,70.00,70.00,67.00,68.59,2869
VIPPY SPIN. ,20231006,145.75,145.75,140.10,142.60,1162
JAY HIND SYN,20231006,17.80,18.00,17.30,17.99,796
RAGHUVIR SYN,20231006,113.10,115.00,112.00,112.95,3659
KAMADGIRI   ,20231006,122.50,122.50,122.50,122.50,13
PATSPIN INDI,20231006,11.15,11.63,11.00,11.53,24130
ONEGLOBAL   ,20231006,49.99,50.25,48.00,50.25,1980
NEOINFRA    ,20231006,13.21,14.59,13.21,14.20,247
WINSOME YRN ,20231006,7.23,7.23,7.23,7.23,2293
PREMIER POLY,20231006,115.75,115.75,115.00,115.75,865
EVERFIN     ,20231006,61.90,64.90,58.81,59.23,176
KRRAIL      ,20231006,863.35,863.35,824.00,832.55,49255
YARN SYNDICA,20231006,31.30,33.90,30.78,32.47,69528
GUJ COTEX   ,20231006,3.35,3.50,3.31,3.50,105080
GARWARE SYN.,20231006,11.79,11.79,11.79,11.79,465
SARUPINDUS  ,20231006,28.25,28.25,28.25,28.25,272
HINDU.ADHESI,20231006,279.00,279.00,272.35,275.65,1058
SRI KPR IND ,20231006,17.92,19.60,17.90,19.28,22049
JYOTI RESINS,20231006,1656.65,1668.90,1603.90,1632.55,11427
MAHA.RUBTECH,20231006,205.45,207.50,200.00,201.45,830
SOUTH.LATEX ,20231006,15.50,15.50,15.50,15.50,100
WIMSOME TEXT,20231006,62.75,68.00,62.25,66.61,27852
MOD.INSUL.  ,20231006,92.50,92.85,88.00,89.10,100400
REG.CERAMIC ,20231006,37.92,37.92,37.92,37.92,6641
MURD.CERAM  ,20231006,57.68,58.00,54.61,55.35,112455
SAINT-GOBAIN,20231006,115.35,122.00,114.05,118.40,162873
MADHUS.IND. ,20231006,74.86,74.86,74.86,74.86,2905
RESTILE CER.,20231006,3.78,3.78,3.78,3.78,95
MADHAV MARB.,20231006,50.09,52.15,49.85,51.55,1977
RAMASIGNS   ,20231006,2.83,3.00,2.83,2.92,6660
HIND.NAT.GLS,20231006,14.99,15.00,14.95,15.00,67975
HALDYN GLASS,20231006,128.40,128.40,120.75,121.90,203925
DUROPLY     ,20231006,185.85,185.85,180.25,181.15,4585
SHREYANS IND,20231006,237.00,243.75,237.00,243.75,3132
AGIO PAPER  ,20231006,3.93,3.93,3.93,3.93,2133
PAKKA       ,20231006,233.10,234.05,223.25,223.85,26945
VISHNU CHEM ,20231006,333.55,333.55,328.80,331.05,4646
JUMBO BAG   ,20231006,26.85,26.85,25.60,25.61,16177
N.R.AGARWAL ,20231006,371.15,372.25,365.90,367.60,3294
SANGAL PAPER,20231006,185.00,193.00,185.00,193.00,75
SH.KARTHIK P,20231006,8.98,8.98,8.21,8.66,6797
S.I.PAPER   ,20231006,106.05,107.00,106.00,106.10,6276
FAMILYCARE  ,20231006,7.16,7.17,7.15,7.17,42330
VINDHYA TELE,20231006,2283.20,2286.60,2230.00,2246.80,1517
RIR         ,20231006,690.00,699.00,665.05,676.40,4188
INT.DATA MAN,20231006,10.00,10.50,10.00,10.50,1001
JETINFOTRAN ,20231006,47.15,48.50,47.15,47.24,1276
INDAGIV COMM,20231006,37.00,37.00,37.00,37.00,1
APLAB LTD.  ,20231006,70.00,70.18,66.12,69.98,13862
PCS TECH    ,20231006,14.29,14.29,13.92,14.21,3125
USHA MART.LT,20231006,340.30,340.50,331.95,334.40,9344
SPEL SEMICON,20231006,55.71,57.19,55.71,56.53,29592
SUBROS LTD. ,20231006,394.00,394.00,381.05,383.80,3506
EDVENSWA    ,20231006,40.15,41.19,38.20,40.34,14768
HONEYWELL   ,20231006,39686.00,39686.00,38932.05,39007.65,114
SWITCH.TECH.,20231006,51.90,51.90,51.90,51.90,251
CALCOM VISIO,20231006,151.95,159.00,151.95,155.90,10549
DYNAVISION  ,20231006,157.85,157.85,150.05,156.85,852
BCC FUBA    ,20231006,70.83,70.84,70.83,70.84,16849
PRECISION EL,20231006,46.82,48.68,46.82,48.68,1208
FINELINE CI ,20231006,66.00,70.00,65.51,67.45,1763
HBL P SYS   ,20231006,279.00,294.60,276.25,291.25,197054
S&S POWER SW,20231006,110.30,110.30,106.00,110.30,10556
GUJARATPOLY ,20231006,85.00,87.00,78.61,83.55,105879
GUJ.IND.POW.,20231006,147.65,156.15,145.50,153.30,540694
MINDTECK (I),20231006,177.10,212.45,177.10,209.25,172085
HAVELLSINDIA,20231006,1411.35,1418.85,1394.40,1399.40,9698
ACI INFOCOM ,20231006,1.24,1.26,1.24,1.26,152472
SBEC SYSTEMS,20231006,23.05,23.06,23.05,23.06,2172
INCAP LTD.  ,20231006,40.33,40.33,38.80,40.33,987
GUJ.INTRUX  ,20231006,251.50,255.00,250.00,250.55,936
IGARSHI MOT ,20231006,620.05,623.70,616.45,619.20,4414
VINTRON INF.,20231006,4.50,4.75,4.45,4.62,54142
PAN ELECTR. ,20231006,31.97,32.18,31.00,32.14,850
VXL INSTRUM.,20231006,6.54,6.54,6.00,6.01,1623
SHYAM TELEC.,20231006,7.00,7.00,7.00,7.00,17
LEE&NEE SOFT,20231006,7.90,7.90,7.55,7.69,15655
PATEL AIRTEM,20231006,384.90,384.90,359.00,368.85,19533
BFLYGANDHI  ,20231006,1223.70,1230.00,1220.70,1224.00,1166
ATHENAGLO   ,20231006,67.80,76.00,67.80,74.48,27861
DUTRON POLY.,20231006,152.70,157.95,151.10,151.10,499
R.S.SOFTWARE,20231006,51.93,51.93,51.93,51.93,9092
MAGNA ELECTR,20231006,510.80,510.80,490.80,490.80,1145
MARSONS     ,20231006,5.90,6.00,5.80,5.93,15255
ELNET TECH. ,20231006,254.95,259.60,247.55,248.45,12359
ACCEL       ,20231006,20.30,21.00,20.00,20.56,32370
ROTO PUMPS  ,20231006,345.10,353.25,345.10,351.80,1753
TTK PRESTIGE,20231006,779.05,790.20,768.80,779.00,6380
DHINDIA     ,20231006,92.95,96.80,83.00,86.90,215078
RAJ GLO WIR ,20231006,750.05,767.30,750.00,761.25,5469
SURANATP    ,20231006,12.00,12.00,11.38,11.75,38254
ONWARD TECHN,20231006,545.20,566.00,544.30,562.20,8800
ALFA TRANSFO,20231006,61.40,61.40,60.18,60.18,32453
NHCFOODS    ,20231006,41.90,41.90,40.00,40.86,34074
PVP VENT LTD,20231006,12.74,12.85,12.50,12.85,640620
TRIGYN TECH ,20231006,124.55,129.00,124.55,127.05,58629
KEI INDUST. ,20231006,2685.05,2739.20,2685.05,2724.05,13208
IMPPOWERS   ,20231006,4.80,5.20,4.75,4.76,10872
KEERTHI     ,20231006,132.25,136.75,132.25,135.50,149
BHEEMA CEM  ,20231006,27.20,27.70,26.39,27.17,108076
SURAJ PRODUC,20231006,276.00,276.00,256.00,259.65,8126
ANJANI PORTL,20231006,183.35,184.70,180.80,182.85,2374
MODINATURAL ,20231006,340.00,341.00,324.00,326.90,14833
SHAH FOOD(P),20231006,159.50,175.45,158.75,175.45,6833
KHANDEL. EXT,20231006,62.00,64.00,61.30,61.50,300
RITESH INTER,20231006,37.49,37.49,35.88,37.15,3954
HIND.FOODS  ,20231006,542.30,545.00,538.10,540.50,8968
NAHAR INDUST,20231006,141.45,148.65,141.10,147.20,21382
VADILAL ENT ,20231006,3601.50,3750.00,3601.50,3700.00,6
ASHIANA AGRO,20231006,11.95,11.95,11.73,11.73,1112
RGRL        ,20231006,8.31,8.89,8.31,8.88,4938
WILLIAM.FIN.,20231006,5.25,5.25,5.25,5.25,645
AJANTA SOYA ,20231006,35.50,35.50,33.55,34.22,216160
WILLIAM.MAGO,20231006,29.40,29.40,28.00,28.28,20516
SIEL        ,20231006,45.43,45.43,45.00,45.00,799
SAPTARISHI A,20231006,16.93,16.93,15.81,16.50,2712
SARDA PROT. ,20231006,39.00,42.75,39.00,42.65,1357
PRIMA AGRO L,20231006,28.90,29.03,28.30,29.03,6898
MADHUR IND  ,20231006,4.69,4.78,4.69,4.78,127
TARAI FOODS ,20231006,5.04,5.39,4.91,5.32,192
MODERN DAIRI,20231006,20.00,20.20,19.60,19.77,26433
BAMBINO AGRO,20231006,345.05,349.90,337.20,341.10,641
PRIME INDS. ,20231006,158.50,158.55,158.50,158.55,12391
VSF PROJ    ,20231006,53.95,53.95,52.00,52.58,5302
POONA DAL   ,20231006,61.40,61.40,57.95,58.96,1765
TRANSGL.FOOD,20231006,84.70,84.70,84.50,84.50,2
SHARAT INDUS,20231006,48.00,49.79,46.75,48.33,8849
KSE LIMITED ,20231006,1644.65,1645.00,1617.00,1617.20,676
NARBADA     ,20231006,54.99,56.00,54.99,55.21,4565
VIRAT CRANE ,20231006,42.15,43.65,42.14,42.27,5022
IB INFOTECH ,20231006,92.10,92.10,90.26,90.26,334
AMBARPIL    ,20231006,205.00,205.00,195.00,203.50,193
CHORDIA FOOD,20231006,82.12,86.10,81.00,81.53,1172
CIANAGRO    ,20231006,44.37,45.40,41.33,41.44,4789
TAI INDUST. ,20231006,40.90,40.90,37.50,38.56,4475
N K INDUST. ,20231006,37.50,38.35,36.10,38.35,47
BKV INDUSTRS,20231006,9.51,9.99,9.51,9.93,4582
NCC BLUE WAT,20231006,8.85,8.85,8.85,8.85,200
NORBEN TEA  ,20231006,13.96,13.96,12.64,13.84,7796
ASIAN TEA   ,20231006,13.29,13.58,13.02,13.18,14671
SIMRAN FARMS,20231006,125.85,125.85,123.25,125.00,2108
HIND.AGRIGEN,20231006,43.71,43.71,43.71,43.71,900
SURYO FOODS ,20231006,12.84,12.84,12.84,12.84,244
INTEG.PROEIN,20231006,13.36,13.36,13.36,13.36,4
MAHAAN FOODS,20231006,28.25,29.55,27.50,29.23,528
OMAX AUTOS. ,20231006,61.45,61.78,60.77,61.06,12297
MUNJAL SHOWA,20231006,143.25,144.00,142.15,143.40,1336
TVSHLTD     ,20231006,5600.00,5600.00,5416.00,5480.20,363
MUNAUTO     ,20231006,57.03,57.25,56.55,56.76,8355
JAYBH.MARUTI,20231006,269.70,275.15,267.70,273.00,2711
RACLGEAR    ,20231006,1217.00,1265.85,1205.50,1258.40,10889
SAMKRG PIST.,20231006,143.00,147.00,143.00,144.35,3137
RATNAMNI MET,20231006,2555.05,2617.95,2555.05,2605.35,611
VESUVIUS IND,20231006,3083.60,3095.00,3069.55,3080.70,338
AUTOMOTIVE S,20231006,413.05,422.00,413.05,414.75,1280
ABC INDIA   ,20231006,92.00,94.50,88.05,93.66,759
BALURGHAT TE,20231006,16.25,18.34,16.21,18.17,200698
SIBAR AUTO  ,20231006,8.30,8.30,8.02,8.21,2512
SHREY SH LOG,20231006,360.45,364.15,357.15,359.80,2270
STARLOG     ,20231006,30.80,30.88,28.21,30.88,11028
TITANIN     ,20231006,56.00,56.00,55.82,55.82,32932
EUROTEX IND ,20231006,11.30,11.30,11.30,11.30,2
INDO COUNT  ,20231006,223.85,231.90,221.25,227.65,33868
MARAL OVERS ,20231006,76.36,78.00,76.36,77.04,910
SOMA TEXTILE,20231006,18.70,19.07,18.70,19.07,8035
ADV LIFESTY ,20231006,114.40,114.40,114.40,114.40,2035
KAKATIYA TEX,20231006,29.21,29.21,28.52,28.52,596
OCTAVE      ,20231006,1.71,1.80,1.71,1.80,4858
HISAR SPIN. ,20231006,41.00,41.00,41.00,41.00,200
PASARI SPIN ,20231006,6.75,7.00,6.75,6.81,9320
SPENTEX INDS,20231006,2.19,2.19,2.19,2.19,200
AMARJOTHI SP,20231006,159.80,160.70,158.10,159.80,2559
OLYMPIA IND.,20231006,80.80,80.80,73.30,76.50,2265
NAGREEKA EXP,20231006,55.34,56.60,54.60,54.89,7986
SUDITI IND. ,20231006,17.19,17.19,15.33,16.92,8378
SBFL        ,20231006,20.97,20.97,19.75,20.03,1765
EUREKA IND. ,20231006,3.59,3.60,3.59,3.59,31068
ADITYA SPIN.,20231006,22.90,23.00,22.50,22.71,2124
PRIME URBAN ,20231006,9.13,9.13,8.51,8.51,2314
DHANLXMI FAB,20231006,50.54,50.54,47.01,50.23,866
SRI LAK.SAR.,20231006,39.70,40.40,36.10,39.36,1748
ZODIAC CLOTH,20231006,140.00,140.05,135.60,136.85,5725
SRI RAMK.MIL,20231006,27.00,27.90,27.00,27.90,2202
SUPER SPIN. ,20231006,8.22,8.22,7.99,8.00,20320
UNITED TEXT.,20231006,13.52,13.52,12.88,13.52,3294
SIL INVEST  ,20231006,321.30,323.00,321.30,323.00,62
SURYLAK.COTT,20231006,71.97,71.97,70.60,70.61,2820
SAMTEX FASH.,20231006,2.25,2.26,2.18,2.19,17843
CITYMAN     ,20231006,20.35,20.35,20.35,20.35,23
DHAN ROTO SP,20231006,109.00,109.00,100.10,104.50,316
SANBLUE     ,20231006,33.36,33.36,30.62,33.36,988
UNI ROYAL IN,20231006,17.92,18.78,16.85,18.65,9016
TATIA GLOB  ,20231006,3.24,3.24,3.24,3.24,199353
SRI NACHAMAI,20231006,33.00,33.00,32.50,32.52,283
SAMBANDAM SP,20231006,167.10,171.95,156.40,171.60,1440
PARAS PETRO ,20231006,1.71,1.71,1.71,1.71,20531
KITEX GARMEN,20231006,206.90,212.70,206.90,209.25,18584
CRANEX LTD. ,20231006,38.99,39.00,37.50,38.33,7278
BATLIBOI LTD,20231006,77.20,80.32,75.50,80.32,26392
AUSTIN ENGG.,20231006,159.95,186.75,153.60,181.85,111308
UNITED DRILL,20231006,231.05,240.80,230.80,232.85,5999
FLUIDOMAT   ,20231006,315.00,317.70,315.00,317.70,1877
WINDSOR MACH,20231006,72.71,73.10,72.71,73.10,11681
SHANTHI GEAR,20231006,440.05,451.95,435.15,438.30,6157
MIVEN MACHIN,20231006,26.14,26.14,26.14,26.14,1351
UV DER HORST,20231006,185.20,192.00,185.20,191.90,588
KILBURN ENGG,20231006,187.95,196.70,187.95,196.70,258526
BIRLA PRETEC,20231006,47.20,47.28,45.10,46.01,41515
YUKEN INDIA ,20231006,714.95,718.40,703.70,707.90,605
TIMKEN (I)  ,20231006,3063.70,3077.85,3050.00,3067.60,392
VOITH PAPER ,20231006,1690.15,1709.00,1690.00,1708.00,318
ARTSON ENG  ,20231006,155.05,155.50,154.85,154.85,27130
SOLITAIR MC ,20231006,55.00,57.50,55.00,57.00,5400
DIACABS     ,20231006,43.49,43.49,43.49,43.49,27
INDSIL HYD  ,20231006,51.90,52.25,50.00,50.37,96048
ITL INDUSTRS,20231006,293.00,312.80,293.00,307.65,45498
FRONTIER SPR,20231006,681.00,681.00,646.05,657.40,366
PRAJ IND.LTD,20231006,575.95,581.00,571.95,578.60,62733
RASANDIK ENG,20231006,92.00,93.98,90.10,90.37,6754
YOGI SUNGWON,20231006,4.00,4.00,4.00,4.00,200
TANEJA AERO.,20231006,242.00,245.00,239.00,240.55,23472
CONART ENG. ,20231006,58.40,60.80,56.52,57.19,16642
MINAL IND   ,20231006,5.14,5.14,5.14,5.14,19176
SHIVAGRICO  ,20231006,23.30,23.30,23.30,23.30,5
M.M.FORGINGS,20231006,871.50,871.50,861.45,865.45,445
IYKOT HITEC ,20231006,25.90,25.90,25.90,25.90,32
MAYUR UNIQ. ,20231006,565.00,572.90,560.50,567.10,16088
CENLUB INDUS,20231006,406.50,406.50,393.00,393.00,5591
RAJOO ENGIN.,20231006,85.55,86.90,85.55,86.90,68078
DOLPHIN OFF.,20231006,417.20,417.20,417.20,417.20,15
VEEJAY LAKSH,20231006,35.69,35.71,35.69,35.71,1813
AHMED.STEEL ,20231006,25.10,25.10,23.12,25.09,120
RAM RAT.WIRE,20231006,271.35,275.00,268.75,271.60,3908
KPIL        ,20231006,659.80,659.80,632.30,636.15,6632
NMSRESRC    ,20231006,56.04,56.04,56.02,56.04,6050
CANDOUR     ,20231006,37.55,38.25,35.32,37.33,7906
T & I GLOBAL,20231006,200.00,204.95,200.00,202.05,1238
BEMCO HYDRAU,20231006,750.00,764.70,735.00,752.35,5943
ANSAL BUILD.,20231006,81.46,81.75,78.02,78.39,2550
WEIZMANN LTD,20231006,110.75,110.80,108.95,109.00,1729
B.N.RATHI SE,20231006,78.99,78.99,73.05,73.05,16822
RISHITECH   ,20231006,33.90,34.58,28.01,32.60,38733
SINCLAIR HOT,20231006,162.50,164.00,159.10,159.85,32612
SAFARI IND. ,20231006,4342.95,4352.00,4295.00,4335.10,3350
BIN.TEX.PR(P,20231006,876.65,876.65,833.75,834.95,31
JJ FINANCE  ,20231006,19.15,19.15,19.15,19.15,5
COSMO FERR. ,20231006,277.50,278.90,270.00,278.90,6210
FUTURA SEC. ,20231006,22.00,22.00,22.00,22.00,1
SANCO TRANS ,20231006,710.00,730.00,680.00,702.00,167
ADOR MULTI. ,20231006,32.00,32.00,31.55,31.57,850
MEDI CAPS   ,20231006,41.92,43.79,40.75,42.00,9255
OTCO INTERN.,20231006,6.05,6.05,5.80,5.99,1361
MORGAN CRU  ,20231006,1348.80,1360.00,1318.00,1347.50,1750
BA PACK     ,20231006,192.00,199.30,191.05,197.95,162
BHARAT SEATS,20231006,123.00,124.20,120.30,123.55,9540
CONT.PETRO  ,20231006,48.69,49.97,48.50,48.80,1240
NB FOOT WEAR,20231006,3.71,3.71,3.71,3.71,2000
MACHINO PLAS,20231006,168.15,168.15,168.15,168.15,1673
PEARL POLYME,20231006,26.84,28.40,26.53,28.09,19638
VENKEY'S (I),20231006,1977.20,2068.55,1969.30,2049.45,11008
G.V.FILMS   ,20231006,0.52,0.53,0.51,0.52,1006911
RAMA VISION ,20231006,61.50,61.95,58.01,61.34,6878
SHRIGANG IND,20231006,141.85,144.95,131.50,143.15,10762
KOVAI MEDI. ,20231006,2622.80,2625.00,2589.00,2606.20,291
ELDECO HOUS.,20231006,701.95,702.00,696.20,699.75,54
DCM SHR.IND ,20231006,142.45,142.45,135.20,137.25,33613
MAWANA SUGAR,20231006,105.75,110.50,105.75,107.45,26589
MINI DIAMOND,20231006,19.75,19.75,18.75,19.14,367
MAH.RAS.APEX,20231006,138.00,138.40,133.70,136.00,443
NILKAMAL L  ,20231006,2296.15,2315.50,2290.75,2300.80,191
JM FINANCIAL,20231006,86.70,89.90,86.70,88.39,342754
ADCINDIA    ,20231006,716.95,719.80,705.10,716.45,1146
TAMIL.TELE. ,20231006,8.34,8.34,7.72,8.00,6134
SUNRAJ DIAM.,20231006,7.19,7.40,6.70,6.70,5584
REL INDL INF,20231006,980.05,1008.80,979.00,983.95,24245
SHARP INDIA ,20231006,50.97,51.99,49.01,51.99,8141
IND.BANK HSG,20231006,36.75,38.20,36.00,37.12,5830
JAIMATA GLAS,20231006,1.68,1.68,1.60,1.65,127753
LOTUS CHOC  ,20231006,315.00,325.00,304.20,318.35,18923
PACIFIC IND.,20231006,148.80,150.90,147.95,150.70,17343
CMM HOSPITAL,20231006,28.50,28.60,27.60,28.40,544
UNI OFF AUTO,20231006,4.70,4.70,4.61,4.70,1218
APM INDUS.  ,20231006,50.00,51.18,49.15,50.68,18610
PRECISION WR,20231006,132.95,137.00,130.40,133.05,93605
KRYPTON IND ,20231006,24.23,24.75,23.55,24.42,10745
SWISSMLTRY  ,20231006,18.55,19.15,18.00,19.15,125377
MARTIN BURN ,20231006,41.87,41.87,40.00,40.00,397
IND.TONERS  ,20231006,282.00,296.00,280.35,295.00,15159
KUNSTSTOFFE ,20231006,24.50,24.50,23.78,23.95,3211
SHIPP.CORPN ,20231006,151.80,152.40,146.50,147.40,320546
SIKA INTER. ,20231006,992.00,1020.00,985.05,1002.90,7302
ITI LTD.    ,20231006,194.50,196.60,191.15,192.05,106101
PHARMASIA   ,20231006,28.35,28.35,26.87,27.99,70
PODDAR      ,20231006,111.90,115.95,111.90,112.70,562
NATIONAL FER,20231006,71.27,71.27,70.00,70.66,82102
IP RINGS LTD,20231006,142.95,143.00,139.65,141.20,2098
PI INDUS.LTD,20231006,3449.95,3449.95,3392.80,3420.20,9224
PLASTIBLEND ,20231006,224.95,232.75,224.95,228.90,2175
YASHINNO    ,20231006,30.47,30.48,30.47,30.48,1300
KKPLASTICK  ,20231006,14.90,14.90,14.90,14.90,92
FLEX FOODS  ,20231006,104.20,104.90,101.55,103.40,6338
GOLKUNDA DIA,20231006,102.00,105.70,102.00,103.35,1507
FORTIS MLR  ,20231006,57.85,57.85,54.35,55.07,5275
MASTEK LTD  ,20231006,2357.00,2421.95,2357.00,2393.00,1723
SAYAJI HOTEL,20231006,297.95,301.00,288.60,299.90,695
ECO BOARD IN,20231006,26.50,27.45,25.55,26.30,12957
TIHIL       ,20231006,19.92,20.00,18.51,19.50,21588
MITSHI      ,20231006,23.70,23.70,23.70,23.70,342
SHUKRA JEW  ,20231006,4.02,4.02,4.02,4.02,200
MAZDA LTD   ,20231006,1155.00,1158.20,1115.05,1123.60,2409
SOVEREIGN DI,20231006,23.00,23.75,22.99,23.43,4149
MENON BEAR. ,20231006,153.00,153.00,148.60,149.70,5954
MUKAT PIPES ,20231006,7.50,7.87,7.50,7.54,6635
SIMPLX INFRA,20231006,60.45,60.45,59.51,59.51,3077
INN.TECH.PAC,20231006,22.00,22.40,21.52,22.30,9001
SUPER TANNER,20231006,8.77,9.00,8.65,8.82,236032
CONSTRONIC  ,20231006,14.30,15.00,14.30,14.30,7213
AXTEL INDUS.,20231006,500.00,503.00,492.10,496.30,6600
PIFL        ,20231006,9.55,9.55,9.55,9.55,1000
PRECI CONTNR,20231006,1.47,1.47,1.47,1.47,5063
APIL        ,20231006,31.50,31.50,28.60,31.00,2201
HIND.FLUROCA,20231006,14.00,14.46,13.65,14.13,6564
RAMA PHOSPH ,20231006,237.00,240.45,232.70,233.30,2118
VENLON ENTR ,20231006,5.06,5.06,4.75,5.02,1371
HAR.LEATHER ,20231006,48.40,48.40,45.28,47.50,503
KABRA EXTR  ,20231006,449.60,450.65,441.85,449.25,708
VINYL CHEM  ,20231006,454.00,454.00,447.00,448.65,988
PEE CEE COSM,20231006,400.00,405.00,400.00,404.95,977
T C M LTD.  ,20231006,42.79,44.69,41.10,44.16,67312
KESAR PETRO ,20231006,7.55,7.59,7.55,7.59,53078
VINATI ORG. ,20231006,1870.40,1877.35,1856.00,1859.80,2525
LACTOSE(I)  ,20231006,67.88,67.88,63.01,64.79,847
TEESTA AGRO ,20231006,119.70,119.70,109.65,110.36,4386
PENTOKEY ORG,20231006,49.00,49.00,49.00,49.00,284
WANBURY LTD ,20231006,75.54,75.54,75.50,75.54,19975
RESONANCE   ,20231006,94.70,96.00,91.00,91.71,14826
RASHTR.CHEM.,20231006,124.95,124.95,123.50,124.05,118000
GUJINJK     ,20231006,10.30,10.30,9.90,9.90,735
KOPRAN LTD. ,20231006,220.05,222.70,218.05,220.20,14991
AIMCO PESTI.,20231006,119.80,119.80,115.15,115.80,11761
GUJ.TERC LAB,20231006,25.00,25.00,22.92,24.96,3096
KABRA DRUGS ,20231006,5.16,5.16,5.16,5.16,190
SEYAIND     ,20231006,20.35,20.35,20.20,20.35,10425
JAYANT AGRO ,20231006,208.00,208.05,204.00,204.80,412
SH.HARI CHEM,20231006,48.10,52.00,48.10,50.90,484
INDOBORAXC  ,20231006,163.90,163.90,159.00,160.30,7737
ORCHIDPHAR  ,20231006,509.75,533.70,506.95,531.70,14235
ISHITA DRUGS,20231006,70.89,70.89,70.89,70.89,1087
UNIV.STARCH ,20231006,163.00,168.75,162.45,165.00,561
NORRIS MEDI.,20231006,11.50,12.48,10.60,12.25,9302
ASIAN PETRO ,20231006,19.85,20.21,19.85,20.21,11406
CAMEX LTD   ,20231006,29.50,29.88,28.65,29.69,1833
EVEXIA      ,20231006,1.80,1.84,1.75,1.82,1498290
INDOEURO    ,20231006,11.29,11.51,11.29,11.51,561
SYNCOM FORM.,20231006,9.32,9.85,9.30,9.43,1586032
RIDHI SIDHI ,20231006,454.80,455.00,431.10,442.95,177
SVCIND      ,20231006,3.03,3.17,3.03,3.08,29772
KILITCH DRUG,20231006,260.25,265.00,260.25,264.50,4983
RAAJMEDISAFE,20231006,42.00,42.00,42.00,42.00,100
CORAL LAB.  ,20231006,273.50,281.40,273.10,278.05,1844
KREBS BIOCHM,20231006,68.50,68.50,66.50,66.67,2480
KMC SHIL    ,20231006,87.41,88.97,86.90,87.24,91684
LAFFANS PETR,20231006,42.30,43.00,42.30,42.99,950
BHASKAR AGRO,20231006,36.99,37.50,35.15,35.22,4253
SUKJIT STRCH,20231006,447.50,451.60,442.55,445.35,1274
NEULAND LAB.,20231006,3958.00,3958.00,3876.00,3930.05,2606
GAYATRI BIO ,20231006,10.60,10.60,10.01,10.17,12376
PODDAR PIGM.,20231006,359.00,362.05,347.00,360.05,3401
PHARMAIDS PH,20231006,42.19,42.19,42.19,42.19,1606
VIVID IND   ,20231006,20.50,20.50,20.01,20.07,1546
PRIYA LTD.  ,20231006,14.88,14.88,14.80,14.80,1640
TIRUPATI STA,20231006,83.80,83.80,82.49,82.49,13
JD ORGOCHEM ,20231006,6.17,6.17,5.60,5.60,1659
ASHOK-ALCO  ,20231006,158.00,166.80,155.00,166.80,151370
ADLINE      ,20231006,16.54,16.54,16.54,16.54,100
BERYL DRUGS ,20231006,20.75,20.75,20.75,20.75,1584
INDXTRA     ,20231006,18.55,18.59,18.55,18.59,2135797
ISTRNETWK   ,20231006,2.24,2.24,2.24,2.24,507
GAGAN GASES ,20231006,18.64,18.64,17.31,17.80,2152
PARKER AGRO.,20231006,10.36,10.36,9.55,9.55,552
SHUKRAPHAR  ,20231006,143.55,143.55,143.55,143.55,201
ALU FLUORIDE,20231006,451.90,452.80,442.00,448.60,7043
OXYGENTAPH  ,20231006,33.57,33.57,31.10,31.11,268
ARCHITORG   ,20231006,57.58,59.00,55.00,58.74,38067
SIKOZY REAL ,20231006,0.90,0.90,0.87,0.88,7570
INDO AMINES ,20231006,113.30,119.95,113.30,116.95,9173
IND.SWIFT LT,20231006,15.86,16.89,15.67,15.67,57650
NATURAL CAPS,20231006,379.20,389.95,371.10,378.85,4333
WELCURE DRUG,20231006,3.98,3.98,3.94,3.98,29308
BH.IMMUN&BIO,20231006,24.11,24.11,23.51,23.59,29793
HESTER BISC ,20231006,1690.00,1744.00,1690.00,1702.45,214
KABSONS INDU,20231006,12.80,13.17,11.93,12.84,15213
BASANT AGRO ,20231006,21.63,21.70,21.22,21.49,142910
SANDU PHARMA,20231006,73.70,74.00,71.00,72.84,1242
VISTA PHARMA,20231006,17.18,17.18,17.18,17.18,38531
SUN PHARMA. ,20231006,1126.05,1130.80,1123.30,1126.90,94425
TITAN BIOTEC,20231006,365.00,372.95,361.20,363.65,7218
SDL         ,20231006,13.94,13.94,13.94,13.94,800
JENBURKT PH.,20231006,695.15,695.15,682.05,685.00,1225
HIKAL LTD.  ,20231006,285.05,288.60,280.70,286.15,25639
FISCHER     ,20231006,72.97,72.97,72.97,72.97,12
LINK PHARMA ,20231006,46.60,48.19,45.00,45.66,4520
DECIPHER    ,20231006,17.50,17.50,17.50,17.50,2495
EMMESSAR BIO,20231006,26.00,26.50,26.00,26.00,239
NGL FINE CHM,20231006,2028.95,2028.95,1914.95,1940.85,489
EVEREST ORG.,20231006,115.00,121.00,115.00,118.50,11667
PHYTOCHEM I.,20231006,43.00,43.90,39.95,43.86,1645
DYNAMIC IND.,20231006,62.30,63.75,61.96,62.30,2369
PANAMA PETRO,20231006,309.00,315.70,309.00,313.25,2428
BDH INDUS.  ,20231006,184.90,184.90,175.10,178.95,1704
JAUS POLYMER,20231006,5.50,5.98,5.50,5.98,488
GLOBUS CON  ,20231006,20.40,20.40,18.50,19.16,7248
POLYMECH.MCH,20231006,57.25,67.45,55.70,67.29,96694
GALAXY BEAR.,20231006,1480.00,1482.00,1451.00,1465.00,869
SCAGRO      ,20231006,15.24,15.24,14.55,15.19,3266
RAVILEELA GR,20231006,32.00,35.00,31.13,33.00,192
SHERVANI IND,20231006,444.00,451.00,435.70,444.20,449
SUPERTEX IND,20231006,9.60,9.85,9.55,9.76,23734
SHETRON LTD ,20231006,86.25,92.00,86.25,90.91,3631
TRANSGENE BI,20231006,4.16,4.16,4.00,4.09,29151
MPL         ,20231006,18.50,19.41,18.10,18.99,21108
NIKHIL ADHSV,20231006,115.00,118.45,115.00,116.15,18408
MULTIBASE I ,20231006,223.05,227.00,219.25,220.50,7360
LUDOLOW JUTE,20231006,84.00,84.42,83.11,83.53,4529
ASHRAM ONLIN,20231006,5.59,5.59,5.21,5.37,738
ROYAL CUSHIO,20231006,18.25,18.25,18.25,18.25,650
SURAJ INDUS.,20231006,117.95,117.95,114.00,117.10,940
FILATEX INDI,20231006,53.66,54.01,51.30,51.69,112640
STD.SURFACT.,20231006,57.00,58.49,56.10,58.26,1734
MORGAN VENT ,20231006,38.94,38.94,36.20,36.45,475
AMRAPALI IND,20231006,11.99,11.99,11.11,11.59,3656
PREMIER EXPL,20231006,1040.00,1049.90,1010.00,1049.10,1147
MID EAST POR,20231006,4.00,4.00,4.00,4.00,500
MOLD-TEK TEC,20231006,359.95,359.95,354.60,358.75,9241
CRESTCHEM LT,20231006,68.70,68.70,62.20,68.00,3027
MPHASIS LTD ,20231006,2471.65,2497.20,2459.45,2490.40,11621
MEDINOVA DIA,20231006,25.35,25.35,24.06,25.04,1476
DIVSHKT     ,20231006,73.06,73.06,70.75,71.81,816
ORIENT PRESS,20231006,77.51,80.99,75.10,75.20,5602
SHREYAS INTE,20231006,13.22,13.22,13.22,13.22,14800
PANJON LTD. ,20231006,14.50,14.78,14.11,14.28,1946
DURO PACK   ,20231006,97.00,103.90,97.00,101.25,1334
SWARNASA    ,20231006,33.07,33.27,32.50,33.08,22366
NMDC LTD    ,20231006,147.50,147.70,145.55,145.80,767465
CINDRELLA HT,20231006,70.50,72.04,70.00,72.04,3056
RIT PRO IND ,20231006,42.80,43.49,42.20,43.26,26963
KKALPANAIND ,20231006,10.60,11.09,10.58,10.74,7981
OK PLAY (I) ,20231006,116.80,118.00,114.50,117.05,22412
KRITI INDUS.,20231006,105.45,105.45,101.80,102.10,8603
WELTERMAN I.,20231006,10.02,10.52,9.52,10.52,295
ASM TECHNOLO,20231006,490.00,490.00,473.10,477.85,10380
PERFECTPAC  ,20231006,81.06,87.00,81.06,86.00,553
VISIONCINE  ,20231006,1.03,1.03,0.97,0.97,25831
INDRAYANI BI,20231006,56.56,57.80,56.56,57.70,39634
EURO LEDAR F,20231006,18.25,18.50,17.83,17.95,2734
WINSOME BREW,20231006,14.61,14.61,14.56,14.61,25676
ELEGANT FLOR,20231006,6.43,7.92,6.43,7.92,446747
SKY INDUST. ,20231006,60.90,61.40,60.50,60.54,3258
PHOENIX INT.,20231006,28.85,28.85,27.12,28.23,1006
RISHIROOP   ,20231006,134.50,141.50,128.50,135.90,23596
PROMACT     ,20231006,6.87,6.87,6.87,6.87,3567
STR GRE WOO ,20231006,43.83,43.83,42.75,43.49,401
SYSTAMATIX C,20231006,370.00,375.00,370.00,370.05,54600
ALPINE HSG. ,20231006,134.90,144.00,129.00,133.50,22079
SANGHI IND. ,20231006,124.80,124.80,124.80,124.80,5835
WWALUM      ,20231006,14.42,15.86,14.42,15.43,1076
SFPIL       ,20231006,8.19,8.19,7.00,7.40,2874
SCANP GEOM  ,20231006,9.09,9.09,8.50,8.79,75100
CHOKSI LABOR,20231006,58.60,59.89,56.10,56.31,2623
LONGVIEW TEA,20231006,25.22,27.00,24.57,26.50,62
ENTERPR.INTE,20231006,22.98,22.98,21.00,22.24,2760
TPL PLAST   ,20231006,45.90,47.25,45.85,46.13,10303
WIM PLAST LT,20231006,719.00,719.00,688.00,710.70,2905
PHOTOQUIP(I),20231006,21.60,21.60,20.31,20.31,2252
LIBERTY SHOE,20231006,287.55,293.10,286.00,287.00,23439
LIPPI SYSTEM,20231006,13.05,14.00,13.03,13.09,5238
EXPO GAS    ,20231006,15.73,15.99,15.00,15.02,18716
NAT.PLASTIC ,20231006,57.05,57.50,55.60,57.00,3234
MFL INDIA   ,20231006,0.78,0.80,0.77,0.78,897119
AJWA FUN WOR,20231006,28.05,28.05,28.05,28.05,200
TEXEL INDUS.,20231006,54.45,56.50,52.50,53.40,11530
ROYALE MANOR,20231006,32.91,34.36,32.32,33.68,6068
MIRZA INTER ,20231006,50.48,50.49,47.91,50.49,1139478
TOURISM FINA,20231006,96.10,100.80,96.10,98.83,81117
THAKKERS DEV,20231006,147.10,164.00,147.05,160.75,1365
RAJDARSHAN  ,20231006,41.00,41.00,39.00,40.47,745
BHARTIYA INT,20231006,222.00,222.00,221.00,222.00,214
KAMAT HOTELS,20231006,202.00,207.50,200.35,201.95,3660
TIRTH PLAST ,20231006,7.30,7.30,7.30,7.30,1
POLO HOTELS ,20231006,10.22,10.73,9.79,10.06,13748
ECOPLAST LTD,20231006,203.70,203.70,192.55,193.65,2847
ELEGANT MARB,20231006,185.00,194.95,174.00,187.95,477
BITS LTD.   ,20231006,0.76,0.76,0.76,0.76,3699
ADARSH PLANT,20231006,22.75,24.55,22.39,22.82,1547
HPBL        ,20231006,204.80,204.95,204.80,204.90,64
NICCO PARKS ,20231006,136.95,146.95,133.25,141.45,19680
NTC INDUST  ,20231006,91.00,91.00,88.05,90.42,4635
SANDESH LTD.,20231006,1036.80,1055.00,1030.90,1048.00,151
GARNET CONST,20231006,15.62,15.62,14.80,15.62,2413
BRIGHT BROS.,20231006,162.00,165.80,160.00,161.00,7689
NARMADA GEL ,20231006,444.70,454.75,444.30,450.80,1239
P.G.FOILS   ,20231006,227.00,227.00,221.00,222.65,3909
GRATEX INDS.,20231006,18.00,18.00,18.00,18.00,120
VELAN HOTELS,20231006,5.80,5.99,5.55,5.79,12952
HOWARD HOTEL,20231006,15.13,15.13,15.13,15.13,223
PRESSURE SEN,20231006,6.99,7.58,6.99,7.58,2375130
VALIANT COMM,20231006,309.50,309.50,309.50,309.50,6189
DR.AGAR.EYE ,20231006,2423.00,2549.00,2423.00,2499.65,1136
MAHASAGAR TR,20231006,3.36,3.36,3.36,3.36,500
UNION QUALIT,20231006,15.23,15.23,15.23,15.23,27
RAGHUNATH IN,20231006,10.16,10.64,10.16,10.64,4347
DAI-ICHI KAR,20231006,443.00,457.95,440.00,445.75,11583
RAJINFRA    ,20231006,4.25,4.25,4.09,4.25,2752
SPICE ISLAND,20231006,18.99,18.99,18.05,18.85,751
SHELTER     ,20231006,12.25,12.25,12.25,12.25,1300
ASHIRWAD STL,20231006,30.50,30.50,28.61,29.47,2131
AREX IND.   ,20231006,115.00,120.95,115.00,116.55,333
BILCARE LTD.,20231006,79.03,82.75,78.00,81.43,25248
INTER ST.FIN,20231006,2.40,2.50,2.40,2.47,145798
RISHI LASER ,20231006,64.00,64.50,60.00,62.18,18021
JAINCO PROJ.,20231006,4.16,4.35,4.16,4.21,1799
KUMBHAT FIN.,20231006,13.00,13.00,13.00,13.00,2
INTEC CAP   ,20231006,16.75,16.78,16.50,16.50,1678
RAJ.GASES LT,20231006,8.83,9.25,8.83,9.25,1124
SIDDHESW.GAR,20231006,9.38,9.38,9.38,9.38,510
SARLA PER F ,20231006,49.74,52.77,49.74,52.16,17347
HFIL        ,20231006,23.18,23.18,22.12,22.43,46593
SONAL ADHESI,20231006,72.84,74.00,70.10,71.23,2518
PADMAIND    ,20231006,3.30,3.35,3.30,3.35,1757
HARIYANA SH.,20231006,81.50,87.90,81.00,87.18,19138
ARUNIS      ,20231006,25.00,25.00,24.95,24.95,122
TYROON TEA  ,20231006,91.99,91.99,88.00,88.00,929
LA-OPALA RG ,20231006,430.70,434.95,427.10,431.75,5445
GOLDEN LAMIN,20231006,1729.90,1748.25,1720.55,1740.70,1000
VENUS REMEDI,20231006,237.65,241.75,230.00,231.40,2845
LASTMILE    ,20231006,198.00,199.00,198.00,199.00,161
GUJ.CRAFT IN,20231006,80.50,82.35,80.00,81.76,15190
HEERA ISPAT ,20231006,7.94,7.94,7.20,7.57,9062
DHOOT I.FIN.,20231006,100.00,105.45,100.00,103.40,3772
SHBAJRG     ,20231006,210.50,220.00,210.00,215.35,2430
URJA GLOBAL ,20231006,9.79,10.56,9.71,10.13,4095159
ASHAPURA LTD,20231006,295.00,299.50,291.00,295.40,10113
SH.PACETRON.,20231006,359.00,359.00,359.00,359.00,3976
INDIA CEM.  ,20231006,231.95,232.45,228.25,231.25,95026
JK TYRE IND ,20231006,288.00,290.95,280.95,282.30,46022
MANGLR.CHEM ,20231006,103.50,107.75,103.50,105.15,8333
SAMYAK INT  ,20231006,18.72,18.72,17.60,18.18,1659
SANTOSH FINE,20231006,16.91,18.62,16.91,16.92,652
SREE JAYA.AU,20231006,3.70,3.70,3.70,3.70,5
ACKNIT IND  ,20231006,218.20,224.55,206.00,224.55,6596
TITAN SECUR.,20231006,21.30,22.00,20.80,21.66,31431
REALECO     ,20231006,27.00,27.09,25.00,26.07,3335
HARMONY CAP.,20231006,44.98,44.98,44.98,44.98,200
VIVANZA     ,20231006,10.95,10.95,10.95,10.95,2835
YASRAJ CONT.,20231006,11.91,11.91,11.16,11.60,1583
LORDSHOTL   ,20231006,11.80,11.95,11.80,11.95,3537
SANGHVI MOVE,20231006,684.95,722.90,668.15,710.80,28909
SELAN EXPLOR,20231006,398.30,400.65,391.10,391.95,10002
FRESHTROP FR,20231006,184.00,185.00,177.00,181.35,5375
FAZE THREE L,20231006,371.60,378.30,371.60,376.00,1164
PRADHIN     ,20231006,42.00,43.89,41.80,41.80,1754
ANUPAM      ,20231006,2.19,2.23,2.17,2.20,304095
RAJ PACKAGIN,20231006,35.00,36.50,31.50,32.67,15286
NATRAJ PROTE,20231006,51.00,51.00,49.00,49.11,4151
SAMRAT PHARM,20231006,398.00,399.60,392.55,393.70,1883
NILE LTD.   ,20231006,698.95,718.00,694.05,703.50,7452
UDAIPUR CEME,20231006,32.15,32.39,31.60,31.72,133565
AMCO INDIA L,20231006,59.00,59.00,57.21,57.21,460
KREON FIN   ,20231006,46.98,46.98,42.52,46.60,4348
KISAN MOULD.,20231006,18.13,18.13,18.13,18.13,22928
VIJAY TEXTIL,20231006,26.00,26.88,26.00,26.50,616
KERALA AYUR ,20231006,167.80,167.80,167.80,167.80,14242
MOONGIPA CAP,20231006,24.55,26.29,24.55,26.29,283
MOHIT PAPER ,20231006,26.40,26.40,25.20,26.22,5594
DAULAT SEC. ,20231006,21.00,21.55,19.51,20.01,7006
OSCAR GLOBAL,20231006,9.77,9.77,9.31,9.31,214
ODYSSEY TECH,20231006,67.01,71.94,66.00,70.40,2616
RSC INT     ,20231006,4.28,4.49,4.28,4.49,602
SURAT TEXT. ,20231006,8.95,9.05,8.90,8.97,170010
ATHARV ENT  ,20231006,2.61,2.74,2.48,2.48,8861
FUNDVISER   ,20231006,36.42,36.42,36.42,36.42,11338
THEMIS MEDIC,20231006,1896.95,1900.00,1876.45,1887.75,2904
KALLAM      ,20231006,9.34,9.74,9.04,9.28,169177
FORTUNE INT.,20231006,31.04,32.09,30.90,31.65,1129
KINGSINFRA  ,20231006,148.90,148.90,146.05,147.25,16705
SWOJAS ENRGY,20231006,7.12,7.26,6.98,7.25,8190
AURO LAB.   ,20231006,124.90,124.95,120.05,121.75,2809
KJMC FIN.   ,20231006,50.99,50.99,46.93,49.50,105
SUVEN LIFE S,20231006,72.43,73.00,71.50,71.68,31060
ARYAMAN FIN.,20231006,147.50,154.50,143.00,154.50,623
BRIDGE SECUR,20231006,12.14,12.14,11.91,11.91,517
RISA INTL   ,20231006,0.59,0.60,0.58,0.59,149510
RAJ.TUBE MFG,20231006,27.00,27.82,25.20,27.80,3102
KAY POW PAP ,20231006,7.25,7.25,7.00,7.00,27215
INTER ST.OIL,20231006,38.00,38.00,36.00,37.50,2112
GLOBAL CAP. ,20231006,0.78,0.79,0.77,0.79,135633
SAINIK FIN. ,20231006,30.20,31.70,28.72,31.70,823
RICH UNV    ,20231006,12.60,12.99,12.03,12.46,4614
QUANTUM DIG.,20231006,13.72,13.72,13.72,13.72,375
SP CAPITAL  ,20231006,23.70,23.70,22.62,23.52,2989
PAOS        ,20231006,12.85,12.85,12.85,12.85,1
KOTHARI PROD,20231006,127.05,134.05,123.35,130.25,19384
PICCADILY AG,20231006,205.80,212.75,182.10,191.60,2307629
CHAMANLAL SE,20231006,237.85,237.85,231.90,233.80,11620
CHANDRA PRAB,20231006,23.37,23.88,23.25,23.57,8439
KIMIABL     ,20231006,39.78,39.78,38.01,38.01,744
HIND.TIN WRK,20231006,124.50,126.35,122.25,123.30,13393
GODAVARI DRU,20231006,94.99,94.99,91.25,92.05,15148
PREMCO GLOB.,20231006,409.95,424.85,409.95,415.90,1390
MUKESH BABU ,20231006,116.70,121.30,116.70,121.30,220
KBS INDIA   ,20231006,10.75,10.76,10.05,10.16,56438
PRABHHANS   ,20231006,47.50,48.46,44.15,46.69,2299
NRB BEARINGS,20231006,275.00,275.15,270.60,272.00,8178
VAMSHI RUBB.,20231006,34.50,34.50,31.39,32.98,2662
NILA INFRA. ,20231006,6.60,6.66,6.55,6.60,60086
DB INT.ST.BR,20231006,29.48,30.50,28.56,29.65,3335
VINYOFLEX LT,20231006,78.76,79.01,78.76,79.01,3555
JINDAL CAP. ,20231006,36.50,37.92,36.45,37.92,16765
EPIC ENERGY ,20231006,10.25,10.69,9.50,9.50,44644
SUMEDHA FISC,20231006,37.80,38.75,37.55,37.69,18874
KUWER INDS. ,20231006,12.06,12.06,12.06,12.06,3152
CHOKSI IMAG ,20231006,53.00,54.50,49.30,51.06,1038
ASHISH POLY.,20231006,19.75,19.75,18.11,19.75,936
ADOR FONTECH,20231006,105.90,107.85,105.90,106.90,37515
SHIVA FERT. ,20231006,72.30,73.85,72.30,72.89,3915
SIDDHA VEN  ,20231006,9.13,9.13,9.13,9.13,10987
KIRAN SYNTEX,20231006,12.40,13.02,12.15,13.02,20977
SUMERU IND  ,20231006,1.68,1.68,1.53,1.64,26993
RUNGTA IRRIG,20231006,50.60,51.59,50.60,51.59,1329
VALSON INDUS,20231006,25.00,28.00,25.00,25.50,7325
SABOO SODIUM,20231006,20.40,20.40,19.50,20.14,51099
TINNARUBR   ,20231006,437.05,447.00,436.00,441.60,8650
VIKRAM THERM,20231006,105.95,105.95,101.00,105.00,31596
STRATMONT   ,20231006,48.78,48.78,48.78,48.78,2000
A.K.CAPITAL ,20231006,715.00,723.90,711.00,723.15,6203
RELAXO FOOT.,20231006,906.05,911.70,902.70,905.85,1489
VIRAT INDUS.,20231006,222.00,227.95,220.00,220.25,89
SHEETAL DIAM,20231006,40.45,40.45,39.66,40.45,81358
TERAI TEA CO,20231006,70.50,71.10,70.00,70.11,3960
MANRAJ HSG.F,20231006,22.90,22.90,22.90,22.90,80
COSCO INDIA ,20231006,195.60,204.35,195.60,200.00,677
KEN FIN.SER.,20231006,19.73,19.73,19.73,19.73,102
SHILPA MEDIC,20231006,350.05,354.40,347.85,348.20,11647
PARAMOUNT CO,20231006,65.85,66.00,61.80,63.08,43971
NCL RESEARCH,20231006,0.54,0.55,0.53,0.55,4733603
ARCHANA SOFT,20231006,18.70,18.70,18.70,18.70,4061
EXPLICIT FIN,20231006,5.09,5.09,5.09,5.09,235
LADDERUP FIN,20231006,27.79,27.79,25.75,26.20,10404
UYFINCORP   ,20231006,27.20,27.79,26.21,26.93,40397
EKAM LEASING,20231006,6.43,6.61,6.00,6.50,453
SWASTIK INV ,20231006,285.00,300.00,283.60,294.25,6957
PRIMA PLASTI,20231006,160.00,161.00,151.00,154.35,13300
TELECANOR   ,20231006,6.20,6.20,5.99,5.99,1100
CARNATION IN,20231006,5.71,5.71,5.49,5.71,5588
STURDY INDS ,20231006,0.44,0.44,0.44,0.44,27787
GARG FURNACE,20231006,190.00,190.00,184.75,184.75,3744
SAMPRE NUTRI,20231006,48.50,49.70,47.11,47.86,9552
AAIL        ,20231006,87.70,88.40,86.06,88.18,10794
VIPULORG    ,20231006,132.00,132.00,125.00,127.75,9400
ECORECO     ,20231006,220.35,220.35,220.35,220.35,3271
GOYAL ASSO. ,20231006,1.65,1.65,1.55,1.60,170276
ZENITH HEALT,20231006,4.24,4.24,4.05,4.18,20511
YORK EXPORTS,20231006,45.29,45.29,41.40,43.40,1288
SUPREME HO  ,20231006,76.95,77.90,73.11,76.34,8494
LYKISLTD    ,20231006,60.00,61.30,59.00,60.38,14550
PRIME PROP  ,20231006,20.01,20.01,20.00,20.00,602
ZENLABS     ,20231006,37.75,37.75,35.70,36.07,1698
RAJRAYON    ,20231006,38.90,38.90,37.46,37.46,1657
GOWRA LEASNG,20231006,25.50,27.35,25.50,25.50,946
JAGAN LAMPS ,20231006,90.00,95.50,88.25,91.23,253804
AJEL        ,20231006,12.76,12.76,12.60,12.60,11744
ASIT C FIN  ,20231006,122.50,133.00,122.50,128.95,1626
ENCODE      ,20231006,7.00,7.00,6.65,7.00,5403
SUPER BAKERS,20231006,24.70,26.98,24.70,26.98,1907
OVOBEL FOODS,20231006,293.00,294.40,282.40,294.40,26221
INDO ASN.FIN,20231006,11.52,13.18,11.50,12.60,3645
CORAL NEWSPR,20231006,10.79,10.79,10.26,10.26,1890
AGARWAL     ,20231006,20.85,20.88,19.50,20.88,5822
DYNAMIC PORT,20231006,47.00,47.00,43.74,43.74,5634
CEEJAY FINAN,20231006,156.00,159.80,148.00,152.10,460
SUNCITY SYNT,20231006,8.70,8.70,8.70,8.70,366
SHREE GANES.,20231006,12.51,12.51,12.51,12.51,238
OIVL        ,20231006,69.44,70.35,65.15,65.60,8198
BNR UDYOG   ,20231006,40.50,40.92,39.00,40.91,5731
KRBL LTD.   ,20231006,403.80,404.85,395.00,397.45,9950
REFNOL RESIN,20231006,105.00,107.40,103.25,104.65,6477
SSPDL LTD   ,20231006,15.50,15.55,14.79,15.20,1899
DAIKAFFIL CH,20231006,35.20,37.48,35.20,35.86,836
CIL SECURITS,20231006,27.60,28.80,27.13,28.50,5017
CLIO INFOTEC,20231006,4.22,4.49,4.08,4.25,2255
SUNSHIELD CH,20231006,812.00,825.00,809.50,812.45,696
HIPOLIN LTD.,20231006,73.03,77.50,73.03,74.00,285
CIFL        ,20231006,123.85,129.15,121.05,125.05,8440
ABVL        ,20231006,183.75,188.35,176.05,185.00,38185
SUPER CROP. ,20231006,9.12,9.13,8.70,9.03,15948
N.G.IND.LTD.,20231006,131.50,131.85,126.75,126.75,2436
ASIA PACK   ,20231006,31.90,31.90,31.90,31.90,2
ERP SOFT SYS,20231006,70.21,70.21,66.70,66.70,166
REMSONS IND.,20231006,443.10,458.90,423.50,437.40,226
STANPACKS(I),20231006,10.13,10.13,10.13,10.13,9542
SRI ADHIKARI,20231006,1.81,1.81,1.66,1.81,4312
RAMINFO     ,20231006,99.95,99.95,96.00,96.45,17323
SUNIL AGRO F,20231006,206.90,206.90,190.00,195.05,1955
DIANA TEA CO,20231006,26.61,26.85,26.50,26.58,14671
INDIAN OIL  ,20231006,90.00,90.00,89.38,89.77,455339
ALFA ICA (I),20231006,50.92,53.60,50.92,51.00,839
SKCIL       ,20231006,141.75,145.95,137.20,142.70,940
INDIA HOME  ,20231006,26.25,27.18,25.50,26.75,574
ROOPA INDUS ,20231006,41.99,42.40,40.00,42.00,2603
UNIQUE ORGAN,20231006,59.88,59.88,57.56,59.88,49091
SWARNA SECUR,20231006,37.88,37.88,37.88,37.88,134
ARIHANT SEC.,20231006,14.79,14.79,13.75,14.40,1736
VISAGAR FIN ,20231006,0.73,0.74,0.71,0.72,6508780
LIBORD SEC  ,20231006,10.61,10.61,10.50,10.50,26
JRELTD      ,20231006,37.03,37.03,37.03,37.03,50
COMPETENT AU,20231006,339.25,344.00,330.00,343.00,854
DHAN JEEVAN ,20231006,11.50,12.00,11.50,12.00,900
NEELKANTH RO,20231006,10.63,10.63,10.42,10.42,116
CONTIL I LTD,20231006,104.80,104.80,96.55,98.50,375
VIJAY SOLVEX,20231006,845.00,872.00,845.00,856.00,953
SHRI KRISH  ,20231006,33.80,33.80,31.03,33.51,1340
NIHAR INFO  ,20231006,6.06,6.06,6.06,6.06,830
UNITED CRED.,20231006,16.68,16.70,16.00,16.00,1130
ISHAN DYES  ,20231006,56.75,56.75,53.20,54.04,26431
GOTHI PLASCO,20231006,30.50,31.23,30.50,31.23,200
BALUFORGE   ,20231006,218.30,223.00,218.00,220.65,54874
CEENIK EXPO.,20231006,36.01,36.01,36.01,36.01,763
PATEL ENGG. ,20231006,53.49,53.49,51.55,51.81,1014997
MENAMANI    ,20231006,5.66,5.66,5.66,5.66,10839
INANI MARBLE,20231006,19.50,20.00,19.30,19.76,7400
GEMSTONE INV,20231006,0.95,0.95,0.95,0.95,42832
EL FORGE LTD,20231006,13.78,13.78,13.60,13.60,80693
MEDICAMEN BI,20231006,651.20,652.45,635.15,648.15,1056
DILIGENT    ,20231006,8.45,8.45,8.00,8.35,84153
EPSOM PRO   ,20231006,5.23,5.23,5.23,5.23,4
ALFAVISON.OV,20231006,19.04,19.99,19.02,19.10,26041
ORGANIC COAT,20231006,8.37,8.37,8.35,8.35,4080
CATVISION   ,20231006,14.70,14.80,14.01,14.02,1681
ABM KNOWLEDG,20231006,95.00,97.49,95.00,96.52,4708
KEMISTAR    ,20231006,46.55,46.55,42.25,45.00,5152
ASSOC.CERAMI,20231006,230.20,230.20,230.20,230.20,1
SKP SECURE. ,20231006,71.99,71.99,63.65,65.78,1347
SYSCHEM (I) ,20231006,53.50,53.96,52.50,53.38,36434
BLS INFOTE  ,20231006,2.17,2.17,2.17,2.17,837164
MEFCOM CAPIT,20231006,17.53,18.79,17.53,17.64,131717
HEMANG      ,20231006,35.00,35.00,34.05,34.41,2911
TAVERNIER   ,20231006,19.01,19.01,19.01,19.01,60
GLANCE FIN. ,20231006,59.20,61.40,58.91,59.25,464
SHILCHAR TEC,20231006,1638.00,1800.00,1630.00,1780.20,38781
TINEAGRO    ,20231006,50.55,50.55,50.55,50.55,49
NUCLE.SOFT E,20231006,990.40,1061.00,990.40,1042.25,25653
COLINZ LABOR,20231006,41.40,41.40,37.55,37.95,1517
NLFL        ,20231006,31.59,33.89,31.59,32.75,2234
MANAP FIN   ,20231006,141.35,144.00,140.35,142.90,383344
RTS POWER CO,20231006,189.00,193.00,183.00,185.30,10013
COMFORT INTE,20231006,7.40,7.90,7.36,7.90,5266882
MAYUR FLOOR.,20231006,10.43,10.43,10.00,10.43,1918
ANJANI SYNT.,20231006,29.98,31.00,29.98,30.40,4202
XTGLOBAL    ,20231006,39.08,46.66,39.00,46.66,1459152
DECO-MICA   ,20231006,77.79,77.79,71.06,77.79,2739
RANDER CORP.,20231006,10.21,10.21,10.21,10.21,9030
RASI ELECTRO,20231006,20.40,22.30,20.02,21.36,552401
SCOOBEEDAY  ,20231006,93.00,94.35,89.35,91.15,11795
DHRUVA CAP. ,20231006,102.75,102.75,102.75,102.75,2
SHAMROCK IND,20231006,3.80,3.80,3.80,3.80,300
PRIMA IND.  ,20231006,19.01,19.01,18.00,18.40,1102
INDIA GELAT.,20231006,412.00,412.00,402.00,406.95,2959
OPTIFIN     ,20231006,79.00,86.90,73.00,85.15,9843
PARAGON FIN.,20231006,31.95,33.19,30.62,31.31,1484
PRATIKSHA CH,20231006,19.00,19.00,18.26,18.41,5688
ESHAMEDIA   ,20231006,3.60,3.60,3.42,3.60,8775
REFEXRENEW  ,20231006,394.20,399.85,390.00,393.45,92
B2B SOFT.   ,20231006,28.10,28.61,27.30,28.40,1345
RADHE DEVLOP,20231006,3.01,3.06,3.01,3.04,312592
ELIXIR      ,20231006,50.01,52.90,50.00,50.35,2503
TRISHAKTI EL,20231006,41.18,41.18,39.05,41.18,7672
MARBLE      ,20231006,14.54,14.80,13.60,13.77,1098
CINDRELLA FI,20231006,10.08,10.08,10.08,10.08,216
NAT PLASTIC ,20231006,276.00,276.00,265.20,265.20,25117
LEAD FINANC ,20231006,13.75,13.75,13.20,13.20,721
NATFIT      ,20231006,117.95,135.00,115.00,132.95,85983
ARTEFACT PR ,20231006,58.50,59.69,57.05,58.34,39983
AMIT INTNL. ,20231006,3.02,3.02,3.02,3.02,33
NUTECH GLOBA,20231006,41.90,42.00,38.00,38.11,6565
DHP INDIA LT,20231006,894.75,894.75,800.65,820.80,12720
RRIL        ,20231006,21.63,21.63,21.63,21.63,43723
AVAILABLE FI,20231006,143.85,143.85,139.00,142.25,717
JAYIND      ,20231006,11.63,11.63,11.63,11.63,9
CHARMS INDUS,20231006,4.25,4.25,4.25,4.25,4326
KRETTOSYS   ,20231006,0.73,0.76,0.71,0.75,739459
VIKALP SEC. ,20231006,10.14,10.14,10.14,10.14,1011
MILE GLOBAL ,20231006,13.90,13.90,13.87,13.87,1909
BERVIN INV. ,20231006,32.42,32.42,29.75,32.03,2969
GUJ.INVESTA ,20231006,12.00,12.00,12.00,12.00,34
EASTERN TRED,20231006,38.50,38.50,37.25,37.25,472
PANACEA BIOT,20231006,178.00,181.00,174.80,176.85,97375
PEETI SECURT,20231006,23.23,25.00,23.23,23.73,65
MERCURYEV   ,20231006,46.42,48.30,46.42,48.30,674117
SHRIRAM ASSE,20231006,214.00,214.00,208.00,208.00,1925
GOLECHA GLOB,20231006,18.57,18.57,18.50,18.50,15
EKANSH      ,20231006,58.00,59.99,54.14,58.80,1898
SPAR        ,20231006,29.44,30.97,29.44,30.95,5268
BYKE HOSP   ,20231006,44.70,51.80,44.65,49.38,630889
CENTENIAL SU,20231006,152.40,152.40,139.65,152.40,4223
ARIHANT FOUN,20231006,49.00,50.99,48.00,49.60,2242
HASTI FINANC,20231006,4.93,4.93,4.93,4.93,6
UPSURGE INV.,20231006,38.05,38.86,37.00,37.63,2543
POLYCON INT.,20231006,16.20,16.20,16.20,16.20,100
SOURCENTRL  ,20231006,89.00,92.39,74.50,87.66,17167
G.G.AUTOMATI,20231006,82.20,82.20,82.20,82.20,2147
LWS KNITWEAR,20231006,14.80,15.25,14.45,14.45,1402
ANS LTD     ,20231006,9.00,9.13,9.00,9.13,1189
ALCH CORP   ,20231006,14.76,14.76,14.76,14.76,1206
TUNI TEXTILE,20231006,1.58,1.61,1.55,1.58,183982
RADIX IND   ,20231006,112.30,112.30,112.30,112.30,60
NARENDRA PRO,20231006,33.68,33.68,32.38,33.68,634
MEGA CORPN. ,20231006,2.49,2.49,2.38,2.41,35536
TAMIL.NEWSPR,20231006,259.25,259.25,255.00,256.60,14934
SHAKTI PUMPS,20231006,908.00,963.00,908.00,916.75,111578
SYSTEMATIX  ,20231006,11.23,11.23,10.17,11.05,10209
SUNGOLD CAP.,20231006,3.15,3.15,3.00,3.00,1165
SAFFRON IND ,20231006,4.09,4.09,4.01,4.09,21100
PWASML      ,20231006,26.99,26.99,25.51,26.71,25610
GOLDSTONE EN,20231006,97.95,97.95,97.95,97.95,951
VARDHMAN    ,20231006,6.50,6.50,6.18,6.18,20
MOHIT INDUS.,20231006,19.00,20.59,19.00,19.30,6443
POLYLINK POL,20231006,23.97,24.45,23.00,23.61,8583
MINAXI TEXT.,20231006,1.57,1.57,1.50,1.54,16660
CONTI.CONTRL,20231006,5.50,5.50,5.35,5.35,205
NOUVEAU     ,20231006,0.49,0.49,0.49,0.49,121133
DUKE OFFSHOR,20231006,13.93,13.93,13.93,13.93,14883
CYBELE IND  ,20231006,26.00,26.00,24.01,26.00,2069
CG-VAK SOFTW,20231006,459.00,460.00,446.10,450.65,6389
NAVKAR      ,20231006,5.75,5.75,5.36,5.57,89323
MADHUCON PRJ,20231006,5.06,5.15,5.06,5.15,29703
SYBLY INDS. ,20231006,6.80,7.46,6.80,7.35,5903
RAJESH EXPO.,20231006,500.75,509.70,496.00,497.05,56596
ESAAR (I)LTD,20231006,5.98,5.98,5.98,5.98,5547
MARIS SPIN. ,20231006,43.80,43.80,42.21,43.37,1268
INDERGIRI FN,20231006,52.85,52.85,52.85,52.85,100
STEP TWO COR,20231006,20.00,20.95,20.00,20.95,2062
ORIENT TRADE,20231006,8.35,8.40,8.18,8.39,7473
VIKASPROP   ,20231006,0.48,0.48,0.45,0.48,195045
ACE SOFTWARE,20231006,23.90,23.90,21.75,21.75,421
SOFTRAK VENT,20231006,6.43,6.43,5.99,6.05,5595
HATSUN AGRO ,20231006,1135.85,1153.00,1135.85,1148.40,740
ACCEDERE    ,20231006,68.47,68.47,61.97,66.95,2193
RISHABH DIGH,20231006,20.25,21.22,20.25,20.93,2673
MARUTI INFRA,20231006,139.00,142.00,136.10,136.65,7228
KOBO        ,20231006,2.73,2.81,2.73,2.75,9814
JINDAL WORLD,20231006,375.45,378.05,365.60,367.15,6793
SOMANY CRAM ,20231006,710.10,710.10,692.90,696.20,2843
JHAVERI CRED,20231006,149.40,149.40,149.40,149.40,783
RAGHUNATH TO,20231006,19.70,19.70,18.60,18.99,2433
SANJIVANI PA,20231006,115.00,115.35,115.00,115.35,8606
VAS INFRA   ,20231006,3.39,3.39,3.39,3.39,10
KMF BUILDERS,20231006,4.66,4.99,4.66,4.97,1632
BERYL SECUR.,20231006,17.58,17.58,17.58,17.58,537
RAP MEDIA   ,20231006,14.71,15.44,14.71,15.44,338
DEVINE IMPE ,20231006,6.76,6.76,6.14,6.30,886
BAMPSL SECUR,20231006,9.98,9.98,9.52,9.63,23572
GENPHARMA   ,20231006,4.00,4.00,3.87,3.93,330632
INCON ENGG. ,20231006,13.70,13.70,12.76,13.69,1521
GORANI INDUS,20231006,129.80,129.80,124.40,125.75,157
KG PETROCHEM,20231006,200.00,209.00,200.00,209.00,33
OROSMITHS   ,20231006,4.20,4.32,4.16,4.31,3409
TEJASSVI    ,20231006,16.49,16.49,16.49,16.49,1
LINCOLN PHAR,20231006,529.00,530.15,519.85,522.00,5234
PRAVEG      ,20231006,567.00,573.00,560.00,566.95,31113
SURAJ LTD   ,20231006,154.95,160.80,149.60,160.25,5329
MARICOLTD   ,20231006,545.05,545.55,536.15,537.35,59861
TOKYO FINANC,20231006,14.22,14.22,12.89,12.89,588
NATIONAL GEN,20231006,77.00,77.00,73.50,77.00,60
HITTCO TOOLS,20231006,10.76,10.80,10.71,10.71,13132
RRMETAL     ,20231006,39.04,39.04,37.01,37.15,1980
VISION CORPO,20231006,4.06,4.06,4.06,4.06,9372
BISIL PLAST ,20231006,2.57,2.57,2.57,2.57,56371
INANI SEC.  ,20231006,19.97,19.97,18.88,18.91,249
VAGHANI     ,20231006,10.24,11.25,10.24,10.77,995
AMERISE     ,20231006,0.56,0.61,0.56,0.60,251887
PRITHVIEXCH ,20231006,77.50,77.50,72.95,76.46,6215
RAINBOW FOUN,20231006,11.00,11.38,10.78,11.08,3820
TRICOMFRU   ,20231006,1.17,1.28,1.17,1.17,7734
PANCHSHEEL O,20231006,181.80,181.85,179.00,179.60,11206
MENON PISTON,20231006,81.26,82.80,80.90,81.10,35092
GREENCREST  ,20231006,0.65,0.65,0.64,0.65,1282651
GENNEX LAB  ,20231006,9.97,11.61,9.75,11.23,8617167
GINI SILK MI,20231006,42.63,44.37,42.63,44.37,1415
PRAJAY ENGS.,20231006,13.47,13.84,13.44,13.72,17511
BIOGEN      ,20231006,0.79,0.80,0.78,0.80,1031747
G.K.CONSULT.,20231006,7.90,7.90,7.90,7.90,5
UNJHA FORMUL,20231006,17.25,17.25,16.40,16.40,3226
POLY MEDICUR,20231006,1417.55,1423.05,1405.35,1414.75,555
SHRADDHA    ,20231006,38.05,41.00,38.05,40.25,3519
KACHCHHMIN  ,20231006,22.00,22.00,20.74,21.76,4815
PADMANABH AL,20231006,23.00,23.00,22.93,22.93,103
KACL        ,20231006,20.20,20.20,19.50,19.97,12678
KCLINFRA    ,20231006,1.99,2.00,1.90,1.97,284608
PRERNA INFR ,20231006,25.54,25.54,25.00,25.21,129407
METAL COATIN,20231006,93.55,93.55,91.20,92.65,2413
GANGAPAPERS ,20231006,77.87,79.79,77.87,79.74,85
TIRUPATI SAR,20231006,10.43,10.43,10.05,10.30,23599
NUWAY ORGANI,20231006,21.32,21.32,21.32,21.32,1100
MUNOTH FIN. ,20231006,80.33,80.33,74.90,74.93,105
RODIUM      ,20231006,65.00,65.00,57.07,64.19,23
NAGAR.AGRITE,20231006,9.94,9.94,9.93,9.94,3655
NATURA HUE C,20231006,7.71,7.71,7.70,7.71,11996
INDUSFINL   ,20231006,16.00,16.00,15.90,16.00,1050
LAHOTI OVER.,20231006,42.00,42.50,40.05,41.31,137147
TRINITYLEA  ,20231006,19.00,19.00,19.00,19.00,1
ASIAN STAR  ,20231006,845.00,860.00,842.00,842.00,317
ORIRAIL     ,20231006,96.05,96.05,96.05,96.05,50767
JOINDRE CAPI,20231006,36.75,37.99,35.75,36.31,7243
BHARATAGRI  ,20231006,108.60,108.60,105.30,107.00,7982
UNITECH INTE,20231006,5.72,6.00,5.61,5.99,3713
SACHETA MET.,20231006,19.67,19.67,19.05,19.30,31212
POPULAR EST ,20231006,17.62,17.62,15.96,17.62,3694
ANJANI FINL ,20231006,9.30,9.30,9.14,9.14,7088
REXNORD ELE.,20231006,128.10,137.00,128.10,135.95,32351
IIL         ,20231006,322.00,330.00,321.95,330.00,8314
KHANDWALA SE,20231006,25.30,25.49,25.30,25.49,201
SAWACA BUSI ,20231006,0.84,0.84,0.82,0.83,351938
CCL INTER   ,20231006,20.65,21.68,20.12,21.20,11460
GALLOPENT   ,20231006,23.82,24.00,21.00,21.74,4336
CROISSANCE  ,20231006,3.71,3.71,3.71,3.71,28193
MADHUVEER   ,20231006,38.81,38.81,38.81,38.81,54
GOPAL IRON S,20231006,7.85,8.24,7.85,8.10,3137
DHAMPURE SGR,20231006,53.76,53.76,53.76,53.76,7276
SHANTANU SHE,20231006,1.43,1.43,1.33,1.43,16941
INNOCORP L  ,20231006,5.26,5.35,5.20,5.20,8630
SARTHAK INDU,20231006,24.38,24.38,22.89,23.25,4500
SAI CAPITAL ,20231006,121.00,127.10,120.75,127.10,419
BLUE CHIP(I),20231006,0.86,0.86,0.86,0.86,6103
SERVOTEACH  ,20231006,25.11,25.11,25.11,25.11,1700
VERTEX SEC. ,20231006,3.40,3.62,3.28,3.56,56125
RIBA TEXTILS,20231006,55.69,55.69,53.00,53.95,19608
NEWINFRA    ,20231006,11.44,11.44,11.36,11.44,38410
KASHYAP     ,20231006,2.02,2.02,1.90,1.90,15811
SHREMETAL   ,20231006,29.49,30.00,29.49,30.00,29
CHARTERLOGIS,20231006,5.23,5.38,5.20,5.30,57414
HIND ALUMIN ,20231006,43.40,43.65,42.00,42.46,4346
SPECTR FOOD ,20231006,66.07,66.07,61.00,62.89,6523
AMRAWOR AGRI,20231006,0.78,0.79,0.77,0.79,268560
AUTO PINS(I),20231006,97.69,97.69,97.69,97.69,49
ODYSSEY CORP,20231006,6.62,6.94,6.51,6.73,12124
INDUCTO STL.,20231006,35.26,38.95,35.26,37.31,6556
SAM INDUS.  ,20231006,67.30,67.30,61.00,67.30,4941
POOJA ENT   ,20231006,265.00,280.00,264.75,264.75,1969
GRAVITY (I) ,20231006,4.17,4.40,4.17,4.40,15151
ESPIRE      ,20231006,39.58,39.58,39.58,39.58,600
LCC INFOTECH,20231006,1.66,1.70,1.66,1.70,10209
FILAT FASH  ,20231006,14.77,15.15,14.25,14.55,435888
SINDHU TRADE,20231006,26.50,26.90,26.00,26.00,7732
UNISTAR MULT,20231006,16.90,17.00,16.27,16.32,12579
ZENOTECH    ,20231006,66.64,66.69,61.80,62.61,106606
HINDUSTN BIO,20231006,5.56,5.80,5.30,5.68,7087
FRONTL CORP ,20231006,34.99,34.99,30.90,32.69,2741
SWELECT     ,20231006,623.65,623.65,582.80,595.60,7528
WALLFORT FIN,20231006,74.66,78.49,74.66,78.45,2593
KDDL LTD    ,20231006,2092.95,2092.95,2036.65,2048.85,1123
ADINATH EXIM,20231006,17.40,18.75,17.11,18.75,1871
ABHINAV CAP ,20231006,116.40,128.60,116.40,116.70,1318
KILPEST (I) ,20231006,787.90,788.00,725.00,763.30,4491
SUMUKA      ,20231006,145.75,147.95,141.60,142.60,4454
VANDANA     ,20231006,2.00,2.00,2.00,2.00,2852
SAGARPROD   ,20231006,3.84,3.84,3.84,3.84,67245
INDO-CITY IN,20231006,8.70,8.70,8.70,8.70,600
SBEC SUGAR  ,20231006,36.86,36.86,32.35,35.71,11062
BRIJLAXMI LE,20231006,3.71,3.99,3.71,3.88,11544
RELIAB VEN  ,20231006,11.80,11.80,11.22,11.48,32239
MOHITE      ,20231006,27.49,28.33,27.40,28.33,6630
ACL         ,20231006,98.10,99.00,98.10,98.40,3809
H.S.(I) LTD.,20231006,11.29,11.74,11.29,11.65,3510
BNK OF INDIA,20231006,108.65,110.45,107.15,108.45,734295
INDRAPRAST  ,20231006,174.80,180.95,174.80,177.05,34284
JOHNPHARMA  ,20231006,0.58,0.64,0.57,0.58,7066324
TRESCON     ,20231006,15.75,15.75,15.74,15.75,15844
GUJ.STAT.FIN,20231006,11.50,11.50,10.90,11.04,14298
SAREGAMA (I),20231006,350.55,359.00,347.35,352.65,40158
GAYATRI SUGR,20231006,23.12,23.12,23.12,23.12,158749
INDUSIND BNK,20231006,1403.05,1438.50,1402.15,1434.65,224562
INDIA TOURIS,20231006,383.40,399.45,383.25,395.15,6171
CITY UNION  ,20231006,125.05,129.80,125.05,129.10,220903
HB STOCKHOL.,20231006,55.39,55.60,54.55,54.86,1113
SIEL FINANCL,20231006,17.35,17.35,17.35,17.35,36
SOUTH IND.BK,20231006,26.74,26.84,26.15,26.72,7465211
SONATA SOFT.,20231006,1041.95,1049.40,1032.15,1042.20,3782
BENGAL TEA &,20231006,82.50,84.00,82.50,82.76,4192
NAT.ALUM    ,20231006,95.59,95.59,94.44,94.93,907566
INDIA NIPPON,20231006,496.00,503.45,496.00,500.45,628
NALWA SONS  ,20231006,2660.00,2683.30,2612.00,2642.30,234
TCI INDUS.  ,20231006,1280.00,1340.00,1225.50,1305.75,29
ORCHASP     ,20231006,2.50,2.50,2.50,2.50,67267
HCL TECHNO  ,20231006,1249.80,1255.55,1232.30,1236.15,132167
TCFC FINANCE,20231006,36.60,39.85,36.60,37.86,9943
JINDAL STE  ,20231006,686.00,697.80,681.50,683.30,108503
WOCKHARDT   ,20231006,231.45,233.15,228.65,229.55,24666
KJMCCORP    ,20231006,35.29,35.29,34.60,34.60,258
IND-SWIFT LA,20231006,89.60,96.40,89.60,93.92,28802
MELSTAR INFO,20231006,2.11,2.11,2.00,2.00,5001
MAHINDRALIFE,20231006,537.05,544.20,531.50,533.30,31335
TELESYS SOFT,20231006,8.69,8.69,8.05,8.40,7619
VAARAD      ,20231006,17.10,17.10,16.10,16.90,591
SHIVA CEMENT,20231006,50.78,50.78,49.50,49.91,96628
DANLAW TECH.,20231006,679.85,691.00,648.20,683.55,3934
HB PORTFOLIO,20231006,54.56,55.00,51.00,53.00,2672
HB ESTATE DE,20231006,41.94,41.94,38.61,41.47,624
OMNI AX'S SO,20231006,3.67,3.67,3.38,3.49,7300
TVS MOTOR L ,20231006,1518.95,1518.95,1496.20,1501.35,7900
SOFTSOL (I) ,20231006,197.00,200.90,197.00,200.90,415
SUBEX LTX   ,20231006,32.48,32.48,31.59,31.76,393828
TRANSPORT CO,20231006,796.25,799.50,785.05,789.70,1609
PADMALAYA TE,20231006,3.84,3.84,3.84,3.84,14762
AKSH OPTIFIB,20231006,11.16,11.54,11.10,11.14,55736
VIRGOGLOB   ,20231006,7.84,7.84,7.84,7.84,7742
PICTURHOUSE ,20231006,6.26,6.27,5.92,6.19,6668
TRIVENI ENGG,20231006,383.95,385.00,378.25,382.10,19544
NAGPUR POWER,20231006,112.02,132.69,112.02,132.69,142475
DYNACONS SYS,20231006,747.90,765.80,711.00,765.60,22421
RAMCO INDS. ,20231006,181.20,183.00,174.00,180.35,14591
RAMCO  SYSTM,20231006,310.55,318.00,307.90,309.30,16081
TATA TELESER,20231006,98.59,100.20,96.77,99.72,411739
VIRINCHI    ,20231006,35.30,35.80,34.72,34.93,10312
WEPSOLN     ,20231006,29.70,29.70,29.70,29.70,147617
STER TECH   ,20231006,158.05,162.40,158.05,159.60,79120
TIPSINDUSTR ,20231006,310.50,311.50,306.30,309.40,1819
FIRSTFIN    ,20231006,5.10,5.35,5.10,5.35,1306
BABA ARTS   ,20231006,13.45,13.45,13.00,13.34,14988
TYCHE INDS  ,20231006,172.00,173.00,169.50,171.15,3068
PRITISHN COM,20231006,39.30,39.30,37.40,37.97,3460
INDIAN OVER.,20231006,47.25,47.34,45.31,46.26,8261885
TAJ GVK HOTL,20231006,238.95,249.00,235.70,242.60,85516
CREATIVE EYE,20231006,4.29,4.29,4.00,4.05,5047
KONNDOR     ,20231006,7.58,7.58,7.58,7.58,770
UMESL       ,20231006,6.50,6.50,6.50,6.50,509
USGTECH     ,20231006,7.80,7.95,7.80,7.95,45393
SAVEN TECHNO,20231006,49.80,49.80,48.00,49.06,22299
AVANTEL LTD ,20231006,287.70,287.70,252.20,271.85,534168
MOSCHIP     ,20231006,89.40,89.40,87.20,87.47,261404
MEGASOFT LTD,20231006,46.84,46.84,46.84,46.84,13153
TRANSCORP IN,20231006,30.56,31.39,30.15,30.61,3132
VISESH INFO.,20231006,0.48,0.48,0.47,0.48,2489874
MID-DAY MULT,20231006,6.25,6.25,6.25,6.25,10301
GENUSPRIME  ,20231006,15.89,15.89,14.89,15.20,1426
UNITD SPR   ,20231006,1022.90,1027.20,1008.60,1024.15,15978
SANINFRA    ,20231006,76.55,79.50,75.50,78.61,94391
T. SPIRITUAL,20231006,1.43,1.43,1.43,1.43,2000
SHALIMAR WIR,20231006,19.25,19.85,19.25,19.85,5352
FAZE3AUTO   ,20231006,64.00,67.20,62.10,64.77,3950
PONNI SUG(ER,20231006,423.60,428.30,421.00,423.15,404
PUNJAB NATIO,20231006,77.50,78.20,76.01,76.75,5289803
ORACLE FIN  ,20231006,4021.05,4110.45,4021.05,4102.60,903
HAZ MUL PRO ,20231006,121.45,124.00,118.95,120.00,46605
KAMAHOLDING ,20231006,15582.00,15983.00,15582.00,15908.30,5125
UNION BANK L,20231006,105.40,107.60,103.90,105.30,1541091
UNITED BREWA,20231006,1555.00,1570.10,1551.00,1561.05,3076
NOIDA-TOLL B,20231006,8.05,8.05,7.61,7.84,98763
BALMER LA.IN,20231006,403.25,404.90,401.70,402.00,20327
POKARNA LTD ,20231006,478.30,484.15,473.55,483.15,18516
RADICOKHAIT ,20231006,1209.95,1223.75,1196.00,1219.50,14042
MARUTISUZUK ,20231006,10250.05,10333.40,10249.35,10300.65,6122
RAJAPAMILLS ,20231006,819.90,845.00,796.05,813.60,4389
NAVIN FLUORI,20231006,3748.95,3748.95,3699.95,3718.85,17536
BAG FIL MED ,20231006,5.54,5.54,5.33,5.43,24979
SUPRAJIT ENG,20231006,391.00,394.05,389.00,390.60,7879
TVSELE      ,20231006,351.00,353.65,349.75,350.40,1445
INDRA GAS   ,20231006,458.00,463.10,457.00,460.15,46516
PALRED      ,20231006,148.95,148.95,146.45,146.45,129
PETRONET LNG,20231006,232.00,233.15,229.25,230.35,51404
PTC INDIA   ,20231006,134.80,139.40,134.40,138.55,112091
BANK MAHA   ,20231006,49.00,49.30,47.93,48.52,3569638
RK FORGINGS ,20231006,631.10,654.10,631.10,652.85,4130
JAIPRA      ,20231006,11.28,11.44,11.16,11.22,2424618
ULTRATECH CM,20231006,8167.10,8235.95,8156.55,8205.10,7944
TCS LTD.    ,20231006,3590.00,3634.25,3576.95,3620.20,251185
NTPC LTD    ,20231006,233.95,237.40,233.60,235.75,1087048
JBM AUTO    ,20231006,1293.10,1313.95,1281.50,1295.50,4190
INDOCO REM  ,20231006,328.00,333.70,328.00,332.65,7634
IMPEX       ,20231006,3.25,3.25,3.15,3.15,10194
MORARJETEX  ,20231006,22.05,24.00,21.90,23.19,84428
JINDALPH    ,20231006,539.95,539.95,514.90,515.30,565
POCL        ,20231006,489.55,489.55,469.00,470.05,2189
MCNALLYB    ,20231006,2.93,3.15,2.93,3.15,30173
MAN DRUGORG ,20231006,101.80,103.25,100.40,102.05,8262
SHOPPER STOP,20231006,680.00,681.95,665.85,670.15,1726
BEEYU OVERSE,20231006,2.88,2.88,2.88,2.88,7425
NECTAR LIFE ,20231006,24.90,24.90,23.80,24.06,10151
MSP STEEL   ,20231006,19.53,19.53,18.77,18.77,2575460
SPL INDS    ,20231006,73.90,73.90,71.40,72.33,20239
KARNATAKA BK,20231006,246.95,249.50,243.30,247.75,132877
MCLEOD RUSSE,20231006,20.60,20.85,20.35,20.51,45677
FACOR ALLOYS,20231006,7.72,8.29,7.51,7.99,1501399
RANE MADRAS ,20231006,864.90,877.85,853.70,870.55,2493
SUZLONENERGY,20231006,28.94,29.82,28.44,29.14,42582846
RENUKA SUGAR,20231006,54.01,54.85,53.62,53.87,343336
KM SUGARMILL,20231006,35.17,35.66,35.00,35.04,43759
BANNARI AMMA,20231006,47.60,48.15,47.20,47.76,1934
PBA INFRASTR,20231006,8.54,8.70,8.27,8.57,20284
EVEREST KANT,20231006,115.05,119.00,115.05,116.70,27759
KERNEX MICRO,20231006,470.00,479.80,466.00,476.25,8466
REPRO INDIA ,20231006,744.60,763.90,744.60,759.05,312
PVRINOX     ,20231006,1709.95,1718.00,1694.60,1704.30,6942
RADHA MADHAV,20231006,1.99,1.99,1.95,1.95,1012
BARTRONICSIN,20231006,11.87,11.87,11.87,11.87,55090
NITINSPINNER,20231006,284.80,285.65,279.05,281.45,4429
ROYALORCH   ,20231006,307.45,341.85,306.95,329.30,18769
ENT NETWORK ,20231006,181.50,181.75,176.00,176.65,16596
CELLA       ,20231006,8.45,8.60,8.21,8.60,4598
GUJ PETRONET,20231006,290.30,291.15,285.30,289.40,37156
JAGRAN PRAK ,20231006,101.90,103.80,101.90,102.97,2490
SADBHAV ENGG,20231006,15.91,15.91,15.91,15.91,198230
REL COM LTD ,20231006,1.74,1.74,1.71,1.72,808907
SAKUMA EXPO ,20231006,17.07,17.26,16.45,16.99,160052
KEC INTERN  ,20231006,674.05,690.00,674.05,685.20,14801
GILLA ARBUT ,20231006,104.60,108.10,103.00,105.15,25759
INDOTECHTR  ,20231006,438.00,438.00,432.00,437.90,187
M&M FINANSER,20231006,289.95,293.20,287.00,288.85,85996
NITCO TILES ,20231006,20.79,20.85,19.50,19.66,67285
MPDL        ,20231006,26.15,28.59,26.15,28.35,1657
SOLAR IND   ,20231006,5089.95,5200.00,4934.20,5152.10,3766
STL GLOBAL  ,20231006,15.21,15.90,15.21,15.74,2053
KEWAL KIRAN ,20231006,703.00,757.35,703.00,748.30,13978
SUN TVNET   ,20231006,639.80,639.80,627.60,630.65,49423
GODAWARI POW,20231006,606.85,609.65,593.00,604.85,19608
RSYSTEMINT  ,20231006,507.35,518.55,505.20,508.05,1464
PAUSHAKLTD  ,20231006,6292.00,6329.95,6250.00,6269.15,1640
GTN TEXTILE ,20231006,11.60,12.36,11.60,12.24,5597
INDICAP     ,20231006,44.00,45.39,44.00,44.50,6503
PRIME FOCUS ,20231006,95.00,97.65,94.81,96.71,3962
TECH MAH    ,20231006,1205.60,1223.20,1205.60,1216.20,124027
CIEINDIA    ,20231006,472.15,480.00,468.30,471.25,10152
VOLTAMP TRAN,20231006,4506.70,4531.00,4406.55,4433.05,1167
HOV SERVICES,20231006,57.50,61.88,55.75,58.41,13095
JHS SVEN    ,20231006,21.80,22.44,21.78,22.02,10751
GTL INFRAST ,20231006,1.06,1.06,1.02,1.03,15573891
INFO EDGE   ,20231006,4221.00,4228.00,4181.35,4211.05,7069
SUTLEJ TEXT ,20231006,57.90,58.30,56.55,56.85,24662
RUCHIRA PAP ,20231006,144.00,144.05,141.55,142.85,18324
NTWK MED INV,20231006,73.31,75.85,72.00,72.47,532466
CAMBRIDGE   ,20231006,61.20,62.89,61.20,62.87,6093
TECHNOCRAFT ,20231006,2020.65,2037.55,1998.20,2026.50,1193
AI CHAMPDNY ,20231006,39.97,40.78,37.27,40.00,941
POWER FINAN ,20231006,241.80,248.25,238.20,246.35,641290
TRANSWARRANT,20231006,10.01,11.79,10.01,10.02,28065
INDIAN BANK ,20231006,434.85,434.85,423.25,425.85,45590
SMS PHARMACE,20231006,116.10,124.90,116.10,123.15,4241
ORIENTAL    ,20231006,7.24,7.25,7.11,7.13,11256
ELAND       ,20231006,6.35,6.35,5.70,6.19,27504
JAGJANANI   ,20231006,11.69,11.69,11.69,11.69,22403
RAJ TELE    ,20231006,50.92,51.60,50.00,50.45,3978
PAGE INDUSTR,20231006,39485.75,39537.75,39157.95,39421.30,403
LEHAR       ,20231006,170.10,172.95,169.60,172.95,14375
INDBUL REAL ,20231006,80.50,83.05,79.60,82.51,901349
SAHYA INDU  ,20231006,431.10,435.40,420.00,424.00,1529
SREE RAYALA ,20231006,589.40,605.80,589.40,600.35,4131
HILTON MET  ,20231006,159.70,159.70,152.95,157.95,3956
MIC ELECTRON,20231006,30.99,31.51,29.90,31.02,744403
INSECTCID   ,20231006,522.70,522.70,505.15,512.75,4256
HARYA CAPFIN,20231006,89.00,95.00,89.00,92.89,2678
HGSL        ,20231006,1004.75,1007.40,999.00,999.30,2016
SUNPHA ADV  ,20231006,232.05,235.75,230.80,232.25,14133
HOUSING DEV ,20231006,3.26,3.26,3.19,3.26,632178
ALLIED DIGIT,20231006,127.90,128.00,126.00,126.45,5669
SIR SHADI LA,20231006,145.00,145.00,137.55,138.20,390
OMAXE LTD   ,20231006,75.00,75.75,72.00,72.46,16425
SEL MANUF   ,20231006,113.25,113.25,113.25,113.25,10847
ASIAN GRANIT,20231006,68.90,69.80,66.61,66.98,165825
K.P.R. MILL ,20231006,756.95,756.95,732.60,738.20,14386
TAKE SOLUT  ,20231006,21.52,21.78,21.40,21.75,21755
PURAVANKARA ,20231006,128.40,128.80,126.45,127.60,47580
VTM LTD     ,20231006,59.60,61.30,59.25,59.68,5452
IWIND ENERGY,20231006,13.55,13.60,13.05,13.53,13708
MAGNUM VENT ,20231006,40.45,40.45,38.65,39.96,1821
KAVERI SEED ,20231006,614.30,614.30,599.10,602.60,1662
SUPREME INFR,20231006,26.68,26.68,25.67,25.67,5050
ILFSENGG    ,20231006,20.23,20.23,20.23,20.23,76250
PARLEIND    ,20231006,7.20,7.48,7.20,7.30,72197
RELIGARE ENT,20231006,239.00,240.90,235.00,239.35,72157
BARAK VALL  ,20231006,39.75,39.90,38.50,38.50,2430
RATHI BARS  ,20231006,25.00,26.00,24.61,24.83,77844
KAUSHAL INFR,20231006,8.88,8.90,8.80,8.90,223682
MANAKSIA LTD,20231006,141.85,141.85,137.55,139.50,9869
PORWAL AUTO ,20231006,44.80,44.90,40.80,40.87,32738
J KUMAR INFR,20231006,429.50,435.00,429.50,433.60,7205
KNR CONST   ,20231006,284.95,286.20,281.55,282.30,25048
IRB INFRA   ,20231006,31.20,32.65,30.95,32.48,2334426
GSS INFOTECH,20231006,220.05,220.05,214.05,214.85,1641
V GUARD IND ,20231006,295.00,296.20,289.50,291.95,26304
GOKAK TEXTI ,20231006,44.23,44.23,44.23,44.23,49
TITAGARH    ,20231006,781.00,800.00,765.40,770.60,146029
KIRI DYES   ,20231006,269.85,270.25,268.00,269.40,2827
ABML        ,20231006,83.84,85.00,78.45,83.34,96328
JAIBALA IND ,20231006,500.00,507.00,495.00,506.70,38074
BAJAJ FINSE ,20231006,1560.80,1639.90,1549.30,1632.80,230705
GOKUL REFOIL,20231006,39.41,40.14,38.96,39.60,122774
RPG LIFESCI ,20231006,1274.80,1278.10,1267.00,1272.50,695
NIRAJ CEMENT,20231006,40.50,40.50,37.49,38.25,14171
RANE BRAKE  ,20231006,800.05,825.00,800.05,807.65,1459
RANE ENGVL  ,20231006,303.30,303.30,303.30,303.30,21
BAFNA PHARMA,20231006,94.58,94.58,90.00,93.92,2195
CHL LTD     ,20231006,25.83,26.76,25.50,26.70,682
SEJAL       ,20231006,233.00,244.00,230.00,239.40,3795
LEHIL       ,20231006,82.25,82.26,82.25,82.26,205
LANDMRK PRO ,20231006,7.07,7.12,6.85,7.03,9364
SICAGEN IND ,20231006,42.48,42.73,41.41,42.29,21692
SIMPLEX PAP ,20231006,1088.95,1088.95,1000.10,1030.00,23
INDIAN MET  ,20231006,415.60,425.00,414.20,424.00,20648
GI ENGINERG ,20231006,11.80,11.80,11.25,11.73,74636
VEDAVAAG    ,20231006,51.81,52.84,50.57,51.15,59993
MANJEERA    ,20231006,31.50,31.50,31.50,31.50,88
MOLDTKPACK  ,20231006,900.00,900.00,888.00,889.55,9272
MAH HOLIDAY ,20231006,397.15,439.00,397.15,433.35,81901
RAJ OIL     ,20231006,45.75,46.57,44.50,46.57,5610
BENGLA& ASM ,20231006,5605.00,5669.15,5570.00,5626.05,662
SURYAMBA SP ,20231006,172.20,176.00,167.10,174.15,1672
OIL INDIA   ,20231006,295.25,297.00,291.00,295.70,25741
BHILWRA TEC ,20231006,26.30,27.18,26.15,26.54,39848
SH PRECOTED ,20231006,13.56,14.70,13.56,13.56,220
ESSAR SECU  ,20231006,9.01,9.63,8.81,9.63,11295
VASCON ENG  ,20231006,70.94,75.05,70.36,72.64,1619195
THANGAMAYIL ,20231006,1333.90,1341.00,1307.70,1329.70,13201
HATHWAY CAB ,20231006,21.20,21.27,20.45,20.61,1528225
SUNDARAMMUL ,20231006,3.49,3.50,3.37,3.44,286805
CORO ENGG   ,20231006,36.18,36.18,36.11,36.11,2534
TAMBOLIIN   ,20231006,172.95,172.95,163.25,170.05,6515
INTRASOFT   ,20231006,144.00,144.00,132.30,133.60,6412
KCP SUGAR IN,20231006,36.61,36.61,35.59,35.90,25976
KIRLOSKAR EL,20231006,121.70,126.05,119.50,126.05,248835
SATCH       ,20231006,3.37,3.37,3.37,3.37,178753
TARAPUR TRA ,20231006,4.60,4.64,4.58,4.64,6124
KRITI NUTRI ,20231006,73.98,73.98,72.60,72.61,1747
GKB OPHTHA  ,20231006,101.70,102.00,98.00,99.05,6324
HDFCGOLD    ,20231006,50.31,50.31,49.64,49.75,55107
RAMKY INFRA ,20231006,587.35,591.00,577.85,585.55,9813
SEATV       ,20231006,3.48,3.48,3.48,3.48,24
VATECH WABA ,20231006,456.30,462.45,453.60,460.15,27916
OBEROI REAL ,20231006,1095.00,1118.00,1074.00,1112.00,82355
SHAH        ,20231006,2.83,2.83,2.76,2.78,502629
RDB REALTY  ,20231006,60.45,63.00,57.30,61.24,40069
MOIL LTD    ,20231006,214.60,217.00,214.00,215.35,11438
KESAR TERMI ,20231006,59.90,60.00,55.04,55.05,29217
KIRLOIL ENG ,20231006,539.95,539.95,526.25,529.40,10941
RAVI KUMAR  ,20231006,18.70,18.70,18.25,18.25,9195
PUNJABNSIND ,20231006,46.12,46.12,44.70,45.41,240667
KALYANI INV ,20231006,2939.70,2986.95,2929.80,2957.80,200
SUMMIT SECU ,20231006,993.00,993.00,980.00,982.00,1751
INNO INVEST ,20231006,28.00,28.56,27.44,28.56,1816
OMKAR SPC   ,20231006,10.45,10.97,10.45,10.97,20631
JUBILNT IND ,20231006,650.00,660.95,642.70,658.25,1104
TEXMACO RAIL,20231006,132.95,133.85,129.30,130.40,160829
FINEOTEX  CH,20231006,316.45,322.65,306.55,320.80,57302
ZEN TECH    ,20231006,744.00,744.00,727.00,728.25,18408
PTCFIN SER  ,20231006,28.48,28.78,28.00,28.36,80008
CIL NOVA    ,20231006,23.15,23.45,22.60,22.78,2418
VMS INDUSTR ,20231006,33.29,33.29,33.29,33.29,25549
KARMA ENERG ,20231006,49.87,49.87,49.00,49.87,6970
RUSHIL DECOR,20231006,277.15,282.80,277.00,280.70,1914
ENKEI WHEEL ,20231006,592.10,609.90,592.10,595.95,529
KRIINFRA    ,20231006,2.87,2.87,2.87,2.87,358
LNT FH      ,20231006,131.55,138.45,131.25,137.55,2122621
RUPA & CO   ,20231006,262.00,275.00,261.35,270.95,25577
TD POWER    ,20231006,259.90,259.90,252.00,254.65,17703
ALEM PHARMA ,20231006,778.95,785.00,771.00,775.40,5460
VASWANI IND ,20231006,27.25,28.80,27.20,27.26,13676
PG ELECTRO  ,20231006,1779.95,1843.95,1779.95,1809.70,1969
LESHAIND    ,20231006,4.23,4.23,4.11,4.19,198817
RDB RASAYAN ,20231006,115.80,117.80,113.20,116.75,6048
TIJARIA PPL ,20231006,5.60,5.93,5.60,5.75,1992
TRIVENITURB ,20231006,427.75,427.75,412.95,414.95,7856
LICMFGOLD   ,20231006,5205.50,5205.50,5200.00,5200.00,9
FERVENTSYN  ,20231006,19.76,20.98,19.07,20.95,2638
TSIL        ,20231006,123.20,123.20,123.20,123.20,96717
TERASOFTWARE,20231006,46.31,46.31,46.31,46.31,212
PMCFIN      ,20231006,1.73,1.73,1.68,1.70,575089
FUT SOL     ,20231006,54.15,59.82,54.15,55.61,141
AIML        ,20231006,28.89,29.30,27.71,28.85,22089
MCX LTD     ,20231006,1959.95,2051.00,1948.55,2039.05,168227
OLYMPIC     ,20231006,3.66,3.80,3.48,3.80,4117
MAXHEIGHTS  ,20231006,40.10,40.25,40.10,40.25,1293
TBZ LTD     ,20231006,112.60,119.15,110.00,117.15,220197
LOOKS       ,20231006,5.35,5.35,5.30,5.35,5101
SPECIALITY R,20231006,197.40,205.45,197.40,203.55,2117
SAMPANN     ,20231006,15.23,15.23,15.23,15.23,6096
AMTL        ,20231006,31.11,31.11,31.11,31.11,20034
WAAREERTL   ,20231006,1400.00,1409.95,1366.10,1381.50,24257
JUPITER INFO,20231006,22.50,22.75,21.75,22.29,8924
VINAYAK POL ,20231006,22.64,23.77,22.00,22.01,1530
PROZONER    ,20231006,31.49,31.49,30.26,31.02,163807
SRG HFL     ,20231006,258.85,260.90,252.15,255.90,211
COMFORT COM ,20231006,17.00,19.49,16.51,18.58,120250
CASPIAN     ,20231006,31.90,33.49,31.50,33.49,25107
AERPACE     ,20231006,11.37,11.37,11.36,11.37,24963
VIRTUAL GLO ,20231006,1.04,1.04,1.01,1.03,622701
ZUARI AGRO  ,20231006,154.90,155.80,154.20,155.45,5192
STEEL EXCH  ,20231006,9.48,9.48,8.64,8.80,759665
TRIO MERCAN ,20231006,0.71,0.73,0.68,0.72,95239
CDG         ,20231006,40.72,40.72,40.72,40.72,13
NIBE        ,20231006,563.40,563.40,563.40,563.40,4024
MUKTA       ,20231006,3.30,3.30,3.25,3.25,2613
MYSTICELE   ,20231006,3.46,3.46,3.37,3.46,7285
COM FINCAP  ,20231006,8.40,8.60,8.27,8.45,117870
SBISENSEX   ,20231006,711.90,712.25,706.02,712.11,10846
LAKHOTIA POL,20231006,38.50,38.50,38.50,38.50,11
GCM SECU    ,20231006,1.34,1.36,1.31,1.32,224824
NRB IND BEA ,20231006,31.16,31.89,31.12,31.89,19252
KIFS FSL    ,20231006,145.20,148.35,145.20,147.90,153
SREELEATHER ,20231006,245.70,246.70,240.60,244.30,669
SHARDA MOTOR,20231006,974.05,985.55,967.55,971.45,3487
SV GLOBAL   ,20231006,86.57,91.70,86.57,88.18,7140
OONE        ,20231006,15.20,15.40,15.05,15.20,10610
IFINSEC     ,20231006,29.06,29.56,29.06,29.56,97
BRAHM INFRA ,20231006,44.99,47.00,43.26,46.63,93519
QUEST SOFTEC,20231006,71.94,71.94,68.15,69.01,3596
KHOOBSURAT  ,20231006,1.19,1.24,1.18,1.21,216875
MMLF        ,20231006,67.00,67.00,66.08,66.08,15000
ESSENTIA    ,20231006,6.16,6.16,6.16,6.16,98457
JULIEN      ,20231006,24.40,24.40,24.40,24.40,235
TIGER LOGS  ,20231006,410.40,430.00,407.90,423.90,14098
JKAGRI GEN  ,20231006,459.70,459.70,441.05,443.35,964
FUTLIF FAS  ,20231006,3.12,3.12,3.12,3.12,44620
TRIMURTHI   ,20231006,8.50,8.90,8.50,8.90,1657
PVVINFRA    ,20231006,17.59,17.59,16.03,16.22,18296
VCU DATA    ,20231006,5.87,5.98,5.84,5.89,17347
INDRENEW    ,20231006,25.47,25.47,25.47,25.47,14907
JIN POLY INV,20231006,541.90,541.90,526.55,529.35,669
INTEGRA TELE,20231006,10.67,12.05,10.67,11.44,92903
CAPTAIN POLY,20231006,26.70,26.70,25.56,26.07,70159
ARNOLD HOLD ,20231006,18.79,19.20,18.12,18.79,4402
SUNIL HEALTH,20231006,52.39,52.89,51.13,52.34,2846
RCI IND     ,20231006,3.41,3.41,3.41,3.41,200
SUYOG TELE  ,20231006,737.95,759.00,723.55,742.95,52995
CHEMTECH IND,20231006,51.94,54.04,51.94,54.04,89182
TAAZAINT    ,20231006,13.96,14.65,13.92,14.52,16412
VIAANINDUS  ,20231006,0.64,0.69,0.63,0.63,118477
DENIS CHEM  ,20231006,105.55,109.00,105.50,106.80,3196
POLYMAC     ,20231006,32.70,32.95,32.30,32.41,44800
UNISHIRE    ,20231006,1.68,1.68,1.68,1.68,10000
ETT LTD     ,20231006,18.90,19.48,18.90,18.90,62916
HANSUGAR    ,20231006,7.74,7.74,7.34,7.36,38093
KIRAN VYPAR ,20231006,152.60,155.90,150.55,150.95,1028
RACE        ,20231006,267.00,267.00,247.95,249.40,982
MANGALAM IND,20231006,3.91,4.00,3.87,3.94,846562
VFL         ,20231006,1.91,1.99,1.87,1.95,17249
PHOENIX TN  ,20231006,72.30,72.30,69.00,69.00,76
INFRONICS SY,20231006,38.60,38.60,35.91,36.64,3083
HARIA APL   ,20231006,5.49,5.65,5.30,5.54,66529
VASUPRADA   ,20231006,80.00,80.00,73.15,78.50,121
RNB DENIMS  ,20231006,38.30,38.31,36.41,37.21,19323
GOLD LINE   ,20231006,0.60,0.63,0.57,0.63,1758502
SHARP INV   ,20231006,0.71,0.72,0.71,0.72,73514
RESPONS INF ,20231006,38.50,38.50,38.50,38.50,10
GCM CAPI    ,20231006,8.90,9.36,8.72,9.27,20000
AFEL        ,20231006,5.35,5.35,4.90,5.00,78242
WEST LEIRES ,20231006,181.45,181.45,172.40,172.40,309
NAM SEC     ,20231006,61.41,61.41,56.00,60.00,144
MAESTROS ELE,20231006,103.88,103.88,98.00,100.38,5891
SPS         ,20231006,73.50,73.50,73.50,73.50,1
JACKSON     ,20231006,0.37,0.37,0.37,0.37,4952
MONEYBOXX   ,20231006,200.05,203.50,188.20,190.80,19074
WORTH INV   ,20231006,78.27,78.27,70.83,70.83,332
QUASAR      ,20231006,28.61,28.62,28.61,28.62,1573
TPROJECT    ,20231006,3.13,3.13,3.13,3.13,2385
AMARSEC     ,20231006,55.55,55.55,51.01,52.05,7222
CTL         ,20231006,36.50,37.09,34.63,36.93,34959
TARINI      ,20231006,11.83,11.83,11.83,11.83,51000
YAANENT     ,20231006,24.99,25.00,24.55,24.99,293
JTAPARIA    ,20231006,52.37,52.37,52.37,52.37,8282
RLFL        ,20231006,0.89,0.89,0.86,0.86,14104
GOLDCOINHF  ,20231006,6.45,6.45,5.91,6.01,2147
BANSAL ROOF ,20231006,107.45,111.95,105.25,107.20,7141
JAMESWARREN ,20231006,251.60,257.60,247.30,251.05,1059
VISTARAMAR  ,20231006,275.00,279.95,270.00,273.85,1542
FRUTION     ,20231006,50.00,51.00,50.00,51.00,2809
TRIVENI ENT ,20231006,2.36,2.49,2.30,2.31,631061
QUANTBUILD  ,20231006,2.80,3.07,2.80,3.07,6185
TTIENT      ,20231006,15.20,15.40,14.60,14.84,27041
TOYAMSL     ,20231006,6.62,6.69,6.32,6.50,1157832
GAJANANSEC  ,20231006,38.90,38.90,35.20,38.90,746
UNISON      ,20231006,22.40,22.45,21.83,22.17,13599
RTFL        ,20231006,31.65,31.65,31.65,31.65,102
VRL         ,20231006,200.00,202.00,192.10,193.35,1264
QGO         ,20231006,48.60,50.85,46.20,49.80,3884
NAYSAA      ,20231006,192.00,194.95,190.00,194.65,6941
CITYONLINE  ,20231006,4.15,4.15,3.95,3.95,1837
SENSEXBEES  ,20231006,732.00,736.98,720.22,736.00,984
ULTRACAB    ,20231006,20.00,20.10,19.50,19.74,1495262
RCCL        ,20231006,36.00,36.49,35.21,36.19,621
ETIL        ,20231006,8.45,8.77,8.41,8.65,14960
ATISHAY     ,20231006,40.95,40.95,38.80,38.93,4848
SANGAMFIN   ,20231006,63.81,63.81,57.80,63.81,1182
DHABRIYA    ,20231006,335.00,338.00,330.00,335.60,6679
HANMAN      ,20231006,2.27,2.27,2.07,2.07,8400
VGCL        ,20231006,67.91,70.00,65.01,68.07,1706
CEINSYSTECH ,20231006,280.00,287.50,273.20,281.00,140360
CRANE INFRA ,20231006,21.58,21.58,21.58,21.58,727
NIYOGIN     ,20231006,69.31,72.07,68.71,72.07,163751
KALYANCAP   ,20231006,19.69,19.69,18.19,18.89,92526
CIL         ,20231006,30.15,30.15,30.15,30.15,20
GBFL        ,20231006,5.57,5.76,5.57,5.57,6060
GILADAFINS  ,20231006,13.54,13.69,12.83,13.25,25107
JETINFRA    ,20231006,9.10,10.02,9.10,10.02,12000
SAPPL       ,20231006,285.05,298.95,285.05,291.00,2399
AANCHALISP  ,20231006,10.00,10.31,9.90,10.10,40038
CAPPIPES    ,20231006,23.10,24.20,23.01,24.20,220240
KAIZENAGRO  ,20231006,11.70,12.12,11.03,12.10,6434
JMJFIN      ,20231006,18.88,19.82,18.88,19.82,5058
JSTL        ,20231006,54.80,58.78,54.25,57.68,3914
ICL         ,20231006,38.90,38.90,38.90,38.90,34
SCC         ,20231006,3.60,3.92,3.60,3.92,23025
PANAFIC     ,20231006,1.07,1.09,1.04,1.08,153808
MYMONEY     ,20231006,11.03,11.03,11.03,11.03,1
CSL         ,20231006,5.20,5.20,5.05,5.18,34036
NEXUSSURGL  ,20231006,11.99,12.75,11.99,12.01,5758
SELLWIN     ,20231006,11.29,11.29,10.50,10.51,16762
GALADAFIN   ,20231006,12.87,12.87,12.87,12.87,20
EMERALD     ,20231006,18.71,19.34,18.62,18.77,19975
MKEXIM      ,20231006,111.00,113.20,109.30,110.25,10402
MCLOUD      ,20231006,443.10,452.80,442.20,452.40,371687
OCTAL       ,20231006,18.40,18.40,17.25,17.33,441
MIHIKA      ,20231006,24.10,25.20,24.10,25.19,18553
KANCHI      ,20231006,425.00,438.95,421.20,424.05,9419
DHUN TEAIND ,20231006,222.05,225.70,221.65,224.75,230
VANICOM     ,20231006,13.30,13.35,13.00,13.00,335
VINCOFE     ,20231006,25.90,26.30,25.89,25.89,26018
RAFL        ,20231006,220.00,230.00,220.00,229.00,3125
COSYN       ,20231006,36.00,36.22,34.57,34.74,15802
SOFCOM      ,20231006,65.00,67.94,62.70,64.31,3279
NAPL        ,20231006,116.50,116.50,116.50,116.50,2
KARNAVATI   ,20231006,2.04,2.04,1.90,2.00,305805
ABHIFIN     ,20231006,22.94,22.94,20.76,20.98,10
MERCANTILE  ,20231006,22.68,23.00,22.06,22.45,4160
SONAL       ,20231006,88.50,88.50,87.50,87.74,805
ALFL        ,20231006,2.09,2.09,1.97,2.02,6513
MERCURYLAB  ,20231006,756.30,787.00,756.30,775.00,19
CONCORD     ,20231006,34.95,34.95,32.80,34.11,4364
WARDINMOBI  ,20231006,38.35,40.60,38.05,39.80,1697067
SHREESEC    ,20231006,0.40,0.41,0.39,0.40,1228696
TALBROSENG  ,20231006,811.00,818.00,811.00,818.00,2056
SAPL        ,20231006,1210.95,1210.95,1210.95,1210.95,1
PTCIL       ,20231006,5573.00,5600.50,5450.20,5484.40,279
CHENFERRO   ,20231006,138.00,139.80,137.00,137.05,5059
MEGRISOFT   ,20231006,98.00,98.00,91.25,94.44,130
GITARENEW   ,20231006,120.00,122.00,115.00,118.05,4735
ORTEL       ,20231006,1.00,1.00,1.00,1.00,25
NEIL        ,20231006,10.56,10.56,10.56,10.56,1375
STARHFL     ,20231006,59.50,59.55,57.00,59.33,159691
BEEKAY      ,20231006,748.80,755.00,738.05,745.15,3371
FRASER      ,20231006,6.35,6.35,6.11,6.15,13588
TTIL        ,20231006,36.38,36.84,35.00,35.72,15243
SVPHOUSING  ,20231006,77.55,77.55,77.55,77.55,7500
AGIIL       ,20231006,576.00,594.00,572.00,581.75,362
MANAKSTELTD ,20231006,47.05,47.05,45.45,46.59,19168
MNKALCOLTD  ,20231006,28.99,28.99,26.52,26.85,3185
MNKCMILTD   ,20231006,24.30,25.60,24.10,25.21,19257
RAJPUTANA   ,20231006,33.99,34.45,31.21,34.30,4482
AANANDALAK  ,20231006,10.99,11.09,10.46,10.94,352
URSUGAR     ,20231006,12.00,12.00,11.61,11.67,29796
SHESHAINDS  ,20231006,13.40,14.69,13.40,14.69,13
PML         ,20231006,1900.10,1900.10,1860.00,1874.40,309
ALAN SCOTT  ,20231006,79.11,79.11,79.11,79.11,1529
SUJALA      ,20231006,18.71,19.04,18.71,18.71,933
BFFL        ,20231006,24.99,24.99,23.50,24.30,109
PALCO       ,20231006,58.95,58.95,55.00,55.18,1153
BODHTREE    ,20231006,5.67,6.00,5.67,6.00,24622
VBIND       ,20231006,5.46,5.46,5.46,5.46,1857
SARVOTTAM   ,20231006,44.19,44.19,41.50,42.63,8567
WARDWIZFBL  ,20231006,36.99,36.99,35.80,36.22,45976
PANTH       ,20231006,7.56,7.91,7.51,7.78,73453
ICSL        ,20231006,3.92,4.18,3.75,4.10,18662
ARFIN       ,20231006,39.60,40.17,38.60,40.15,72013
HELPAGE     ,20231006,13.85,13.85,13.85,13.85,15
INDRAIND    ,20231006,8.30,8.30,8.14,8.14,1490
HAWAENG     ,20231006,111.45,111.70,102.95,102.95,1265
AIIL        ,20231006,559.00,604.00,544.00,588.80,65497
DFL         ,20231006,13.90,14.39,13.50,14.26,1168
POEL        ,20231006,207.80,207.80,192.00,196.80,8178
AEL         ,20231006,85.80,86.00,83.21,85.99,22961
CAPFIN      ,20231006,91.15,91.15,91.15,91.15,11
SGFIN       ,20231006,546.40,546.40,537.50,538.15,27405
GVBL        ,20231006,22.00,23.84,22.00,23.50,2293
GARMNTMNTR  ,20231006,4.60,4.64,4.52,4.59,23617
SRESTHA     ,20231006,1.29,1.30,1.20,1.24,122495
SAUMYA      ,20231006,74.15,79.00,74.15,79.00,50
MUL         ,20231006,11.50,11.50,11.50,11.50,59172
MISHKA      ,20231006,32.00,32.00,31.25,31.26,12079
GROWINGTON  ,20231006,204.50,207.00,202.80,205.65,40300
RUDRA       ,20231006,112.35,112.35,112.35,112.35,9114
LOYAL       ,20231006,137.00,138.95,130.80,137.85,2155
GGPL        ,20231006,4.70,4.70,4.70,4.70,88263
SCFL        ,20231006,20.01,20.60,20.01,20.42,40101
ADANIENSOL  ,20231006,808.05,815.00,804.15,806.30,53947
STARDELTA   ,20231006,365.50,383.40,348.10,370.70,884
SAMSRITA    ,20231006,17.23,17.23,16.34,16.62,893
PECOS       ,20231006,96.99,96.99,96.99,96.99,1000
MSL         ,20231006,220.00,223.35,212.80,220.45,1384
ALSTONE     ,20231006,0.64,0.64,0.64,0.64,5426153
SYMBIOX     ,20231006,2.89,2.89,2.80,2.83,39621
ORTINLAABS  ,20231006,19.97,19.97,19.12,19.89,272
AVI         ,20231006,12.85,13.10,12.36,13.09,2201
OSWALGREEN  ,20231006,27.78,27.95,26.97,27.17,131020
AKSPINTEX   ,20231006,129.05,129.05,125.05,128.05,1148
CANOPYFIN   ,20231006,60.98,60.99,58.40,58.59,10218
THINKINK    ,20231006,80.01,82.00,78.05,79.08,1250006
UNIAUTO     ,20231006,256.00,259.00,251.00,256.05,4878
WAAREE      ,20231006,416.70,416.70,416.70,416.70,4200
SALAUTO     ,20231006,403.00,435.85,403.00,430.00,804
POLYSPIN    ,20231006,49.88,50.50,47.30,49.18,3561
MINFY       ,20231006,7.98,8.35,7.98,8.35,923
ACME        ,20231006,23.60,23.60,23.13,23.13,1541
KCL         ,20231006,25.77,25.77,25.77,25.77,5
VISHALBL    ,20231006,210.00,215.00,206.50,213.50,8239
BELLACASA   ,20231006,153.00,157.45,151.95,152.00,6504
VAL         ,20231006,17.75,19.76,17.00,19.09,119751
DITCO       ,20231006,16.45,16.80,15.75,16.69,167510
SWAGTAM     ,20231006,44.65,44.80,44.65,44.80,20000
KUBERJI     ,20231006,6.31,6.31,6.31,6.31,1
TEJNAKSH    ,20231006,31.98,32.18,31.65,32.09,3582
PANORAMA    ,20231006,258.85,258.85,253.70,253.80,1125
SHREEGANES  ,20231006,0.80,0.84,0.79,0.81,6010120
GTV         ,20231006,345.00,349.75,338.70,341.95,723
GARBIFIN    ,20231006,30.00,30.00,28.35,29.25,24552
SMARTFIN    ,20231006,8.18,8.19,7.68,7.85,19141
ADCON       ,20231006,1.60,1.60,1.52,1.56,48347
QUINT       ,20231006,175.00,177.00,168.50,175.35,29483
HDFCNIFTY   ,20231006,210.29,216.90,210.29,215.28,1218
HDFCSENSEX  ,20231006,721.85,725.62,721.85,725.50,447
UDAYJEW     ,20231006,124.30,128.50,122.60,125.00,4521
MAYUKH      ,20231006,13.25,13.25,12.95,13.21,8360
GROVY       ,20231006,79.66,79.66,79.66,79.66,32
SCTL        ,20231006,0.99,0.99,0.99,0.99,233583
AAYUSH      ,20231006,28.00,28.50,26.02,27.60,3580
BNL         ,20231006,69.05,69.88,65.00,66.68,192045
FMEC        ,20231006,57.30,57.30,57.30,57.30,437
DDIL        ,20231006,5.79,5.82,5.65,5.77,78729
REMLIFE     ,20231006,631.00,657.00,605.00,611.20,49738
AARNAV      ,20231006,30.70,30.89,29.70,30.24,32225
SCL         ,20231006,38.86,39.21,38.86,39.21,7987
SIPTL       ,20231006,0.91,0.91,0.85,0.90,204894
SHIVA       ,20231006,4.30,4.58,4.30,4.48,1846
MISHTANN    ,20231006,13.36,13.58,13.00,13.21,6633089
DELTA       ,20231006,17.15,17.50,17.15,17.15,2266
CGFL        ,20231006,145.00,146.00,144.50,145.00,5561
BLUECLOUDS  ,20231006,74.80,76.70,70.30,76.43,33002
KEIL        ,20231006,32.87,32.87,30.50,31.11,30644
BCLENTERPR  ,20231006,1.04,1.06,1.03,1.03,272565
VIDLI       ,20231006,71.50,75.00,70.00,70.77,14562
ACEMEN      ,20231006,57.30,57.30,57.00,57.00,14
BFLAFL      ,20231006,14.95,14.95,14.50,14.56,1567
RCL         ,20231006,1.56,1.56,1.49,1.56,9088
KAPILRAJ    ,20231006,14.35,14.82,14.35,14.82,690
DAL         ,20231006,24.64,24.64,24.64,24.64,1
KPEL        ,20231006,615.00,615.00,581.20,591.45,61530
IFINSER     ,20231006,20.95,20.95,20.89,20.89,8
HILIKS      ,20231006,20.51,20.51,20.11,20.51,90653
HYPERSOFT   ,20231006,8.50,8.90,8.20,8.26,735
FREDUN      ,20231006,911.00,951.95,910.00,937.55,4864
RELICAB     ,20231006,91.78,97.00,89.00,95.12,26793
VKAL        ,20231006,116.65,124.50,113.05,122.25,974
MNIL        ,20231006,12.50,12.95,12.44,12.94,10025
ADVIKCA     ,20231006,2.31,2.35,2.31,2.35,416581
UMIYA       ,20231006,6.15,6.15,6.01,6.02,661
CHDCHEM     ,20231006,4.85,5.35,4.85,5.31,6464
LELAVOIR    ,20231006,98.90,98.90,95.50,98.50,360
BALGOPAL    ,20231006,20.20,21.16,20.18,21.15,2837
SUPERIOR    ,20231006,1.49,1.49,1.42,1.49,5355
RPEL        ,20231006,580.00,610.00,566.10,600.25,18693
NINSYS      ,20231006,375.95,375.95,365.00,371.75,847
HALDER      ,20231006,318.00,324.90,311.25,313.35,443
RSDFIN      ,20231006,82.00,82.15,81.60,82.14,269
DARSHANORNA ,20231006,2.91,3.08,2.91,3.03,22644
MADHAVIPL   ,20231006,7.10,7.10,7.05,7.05,490561
KOCL        ,20231006,2.12,2.12,2.02,2.04,8898
SNIM        ,20231006,16.60,16.60,16.60,16.60,72
NAGARFERT   ,20231006,8.90,8.90,8.53,8.65,190617
SEIL        ,20231006,65.80,67.00,64.02,64.97,1060
MIL         ,20231006,84.54,84.54,81.20,83.47,15098
YASHCHEM    ,20231006,65.00,66.22,63.80,64.09,8676
BAZELINTER  ,20231006,30.00,31.51,30.00,31.51,5
JLL         ,20231006,34.50,34.50,33.21,33.60,537
TAALENT     ,20231006,2195.00,2199.30,2150.10,2189.60,2150
ZEAL        ,20231006,7.98,8.09,7.61,7.78,80099
HUIL        ,20231006,2226.00,2349.00,2200.90,2330.00,166
COMSYN      ,20231006,55.00,56.79,54.54,55.74,4245
CFEL        ,20231006,129.95,131.80,127.00,127.35,6239
LLOYDSTEEL  ,20231006,41.36,44.20,41.36,44.20,173437
KPL         ,20231006,369.95,369.95,308.70,328.40,355652
LTIM        ,20231006,5231.05,5264.35,5214.05,5236.25,4993
EASTWEST    ,20231006,4.99,5.00,4.88,4.90,22681
COLORCHIPS  ,20231006,4.26,4.36,4.05,4.20,123664
LAHL        ,20231006,7.60,7.68,6.96,7.21,2926
PTIL        ,20231006,207.60,207.60,207.00,207.00,3
ECS         ,20231006,6.76,6.76,6.30,6.68,8176
FRETAIL     ,20231006,3.19,3.33,3.10,3.14,165104
SHIVAEXPO   ,20231006,7.94,7.94,7.94,7.94,20000
MITSU       ,20231006,179.95,179.95,175.00,175.40,4856
SPRAYKING   ,20231006,182.10,188.90,182.00,182.00,1196
DHATRE      ,20231006,142.45,142.60,142.20,142.60,4101
VISCO       ,20231006,106.60,109.60,106.60,107.80,3413
TIAANC      ,20231006,3.64,3.64,3.40,3.60,3653
IISL        ,20231006,3.59,3.60,3.59,3.59,4207
ARCFIN      ,20231006,0.74,0.75,0.73,0.74,1004685
SAGARSOFT   ,20231006,137.00,146.75,137.00,138.35,4269
ACML        ,20231006,72.25,72.25,67.00,70.15,4000
SHASHIJIT   ,20231006,39.24,42.00,38.00,38.10,28084
PURPLE      ,20231006,3.13,3.13,3.13,3.13,15441
SUPRAPFSL   ,20231006,24.96,25.80,23.65,24.56,5148
SOUTHERNIN  ,20231006,15.50,16.00,14.73,15.70,510
REGENCY     ,20231006,10.48,10.48,9.25,10.10,70252
SALEM       ,20231006,39.00,39.98,37.65,38.24,477
FRANKLININD ,20231006,46.43,46.43,46.43,46.43,5182
LKPSEC      ,20231006,13.39,13.39,12.15,12.93,155767
OSIAJEE     ,20231006,34.90,34.90,32.43,33.15,899
EIKO        ,20231006,55.35,59.56,55.35,58.77,10258
AVL         ,20231006,2549.95,2587.00,2506.45,2580.35,9606
NEWLIGHT    ,20231006,17.45,17.45,16.63,16.63,256
VSL         ,20231006,8.57,9.47,8.57,9.25,491596
MTPL        ,20231006,17.85,17.85,17.00,17.12,100
SHANGAR     ,20231006,6.65,6.89,6.51,6.67,22387
GLCL        ,20231006,29.50,29.50,28.13,29.00,2789
FLORACORP   ,20231006,9.10,9.10,8.74,8.87,171
CFL         ,20231006,55.36,55.36,55.36,55.36,2
RMC         ,20231006,718.45,720.00,701.00,713.00,14500
PARMAX      ,20231006,29.42,30.50,29.42,30.44,235
LLFICL      ,20231006,2.82,2.87,2.71,2.77,391417
DANUBE      ,20231006,9.74,9.76,8.90,8.90,390007
IFL         ,20231006,14.02,14.60,14.00,14.38,184670
ONTIC       ,20231006,0.57,0.57,0.56,0.56,40641
CHEMCRUX    ,20231006,317.00,319.80,313.60,319.05,10265
MANOMAY     ,20231006,138.55,140.00,130.00,134.70,3513
MAXIMUS     ,20231006,17.00,18.90,17.00,18.69,521146
PRIMEFRESH  ,20231006,263.00,269.00,263.00,269.00,2250
CLFL        ,20231006,15.17,15.17,15.17,15.17,32
STARLENT    ,20231006,106.00,106.00,103.35,104.95,62231
KANUNGO     ,20231006,5.50,5.50,5.20,5.20,350
MEERA       ,20231006,38.81,40.49,38.01,39.08,9407
IRBINVIT    ,20231006,70.51,71.04,70.00,70.76,30298
BGJL        ,20231006,13.50,13.50,13.00,13.20,44150
YUG         ,20231006,106.90,106.90,106.90,106.90,2300
INDIGRID    ,20231006,136.05,136.50,135.01,135.17,20978
VARIMAN     ,20231006,14.38,14.38,13.70,13.97,528932
RIDDHICORP  ,20231006,170.05,170.10,161.55,163.15,2202
GGENG       ,20231006,1.29,1.30,1.22,1.25,8010077
PALASHSEC   ,20231006,108.00,110.65,105.15,109.25,3088
MAGADHSUGAR ,20231006,659.45,700.00,652.60,689.65,3972
JIGAR       ,20231006,45.00,45.00,45.00,45.00,4000
CHOTHANI    ,20231006,24.10,27.98,24.10,26.82,60000
SMRUTHIORG  ,20231006,190.45,192.00,177.20,180.05,28791
SHISHIND    ,20231006,120.00,130.00,120.00,125.40,31527
ANG         ,20231006,74.00,74.00,72.35,72.51,8672
KCDGROUP    ,20231006,15.55,15.55,15.55,15.55,64953
PROCLB      ,20231006,6.88,6.88,6.88,6.88,1150
RELHOME     ,20231006,2.17,2.17,2.00,2.15,7973989
SAGAR       ,20231006,38.00,38.41,38.00,38.41,6000
PQIF        ,20231006,49.95,49.95,46.17,48.14,7528
SISL        ,20231006,1396.45,1408.00,1375.55,1398.10,23288
TTFL        ,20231006,68.01,68.55,66.56,67.04,2351
POOJA       ,20231006,36.71,36.71,35.15,35.67,39978
SAYAJIIND   ,20231006,202.50,202.50,195.15,195.15,944
MEHAI       ,20231006,18.55,18.55,17.84,17.84,14684
SGRL        ,20231006,505.00,505.00,484.00,489.95,9017
STL         ,20231006,65.70,65.70,63.80,64.65,38195
KAARYAFSL   ,20231006,6.03,6.03,6.03,6.03,6000
SBRANDS     ,20231006,20.90,20.90,20.90,20.90,3000
SHARIKA     ,20231006,6.37,6.60,6.37,6.57,18394
ASPIRA      ,20231006,35.45,36.00,34.00,35.26,330
RATNABHUMI  ,20231006,122.10,122.10,122.00,122.00,286
MRCAGRO     ,20231006,15.54,15.80,14.81,15.55,32928
SADHNA      ,20231006,4.42,4.44,4.37,4.39,119274
VITESSE     ,20231006,15.15,15.15,14.79,15.00,522
CHANDRIMA   ,20231006,5.76,5.77,5.76,5.77,186
RITHWIKFMS  ,20231006,74.00,75.00,74.00,75.00,6000
7SEAS       ,20231006,28.10,29.60,28.10,29.49,35459
TIRUFOAM    ,20231006,80.00,80.00,80.00,80.00,5
SRUSTEELS   ,20231006,11.15,11.46,11.14,11.46,128675
ASHOKAMET   ,20231006,19.44,19.44,18.21,19.00,4300
GGL         ,20231006,12.17,12.75,12.07,12.42,107086
LAL         ,20231006,222.35,226.85,222.35,226.85,2024
KENVI       ,20231006,8.85,8.85,8.26,8.47,111994
IWP         ,20231006,35.80,36.45,34.43,35.95,18906
TDSL        ,20231006,13.08,13.40,13.01,13.22,17672
BHATIA      ,20231006,24.40,25.20,23.16,23.34,150637
YSL         ,20231006,17400.00,17400.00,17250.05,17250.05,2
KANCOTEA    ,20231006,82.90,87.50,82.75,86.57,7967
INFLAME     ,20231006,680.00,680.00,651.25,654.65,7500
BPLPHARMA   ,20231006,554.00,569.20,554.00,565.00,8471
SHREESHAY   ,20231006,34.00,34.00,34.00,34.00,16000
ACTIVE      ,20231006,69.00,69.90,66.80,69.81,1380
YASHO       ,20231006,1761.15,1865.70,1710.00,1808.30,6665
BENARA      ,20231006,15.27,15.27,14.20,14.20,22000
TRL         ,20231006,520.00,538.80,520.00,535.25,8000
DLCL        ,20231006,30.85,30.85,30.85,30.85,4000
INDOUS      ,20231006,239.00,239.00,224.80,236.00,5000
MILEFUR     ,20231006,5.30,5.38,5.30,5.32,24000
UHZAVERI    ,20231006,48.99,48.99,46.31,47.66,544
PARVATI     ,20231006,12.02,12.02,12.02,12.02,42834
INNOVATORS  ,20231006,220.00,220.00,213.25,214.00,12800
AFFORDABLE  ,20231006,635.35,684.45,635.35,684.45,24000
PALMJEWELS  ,20231006,18.98,18.98,17.50,18.02,24147
WAA         ,20231006,82.49,82.49,78.33,80.00,11200
RAJNISH     ,20231006,12.14,12.74,11.75,11.97,9286594
RAWEDGE     ,20231006,45.60,47.30,45.60,47.26,1429
ASHNI       ,20231006,20.09,20.20,19.09,19.48,723262
VIVANTA     ,20231006,4.65,4.75,4.50,4.68,420513
TINNATFL    ,20231006,27.99,27.99,27.05,27.54,2568
AMINTAN     ,20231006,2.25,2.35,2.20,2.33,48866
DEEP        ,20231006,91.30,93.00,90.00,92.31,26725
ASRL        ,20231006,36.45,40.48,35.38,39.86,986863
SKYGOLD     ,20231006,337.75,347.65,332.00,347.65,7646
MACH        ,20231006,35.00,37.01,35.00,37.01,10500
AAL         ,20231006,381.50,381.50,355.15,367.00,40643
DOLFIN      ,20231006,115.20,123.80,115.20,120.40,191
SHUBHAM     ,20231006,19.05,19.59,19.05,19.32,13849
AKI         ,20231006,13.07,13.07,12.70,13.07,114204
SUNRETAIL   ,20231006,0.62,0.63,0.62,0.63,144000
SMGOLD      ,20231006,23.70,23.88,21.62,21.62,342633
VIVIDM      ,20231006,54.65,57.30,54.65,57.30,757
BCPL        ,20231006,63.35,64.50,62.10,63.93,26501
PHOSPHATE   ,20231006,126.95,126.95,120.00,120.00,28
NIFTYETF    ,20231006,206.50,207.80,206.20,207.79,515
DGL         ,20231006,3.20,3.20,3.20,3.20,2000
ARYAN       ,20231006,24.01,24.01,24.01,24.01,502
NIVAKA      ,20231006,2.67,2.78,2.55,2.73,10089
SRD         ,20231006,109.00,109.00,104.00,106.85,27508
DECCAN      ,20231006,33.90,33.90,32.60,33.01,20237
SPENCER     ,20231006,72.00,72.00,69.65,69.89,9673
GLOSTERLTD  ,20231006,746.35,755.80,739.00,746.10,1677
JONJUA      ,20231006,18.92,18.92,18.02,18.92,612420
KRANTI      ,20231006,90.00,90.00,87.00,88.65,4922
INFRATRUST  ,20231006,93.00,93.00,93.00,93.00,200000
AGOL        ,20231006,10.50,10.57,10.50,10.51,49021
AARTECH     ,20231006,164.50,174.80,164.50,172.30,3153
MSTC        ,20231006,439.00,439.00,422.45,424.85,9203
CHANDNIMACH ,20231006,15.56,16.29,14.79,16.26,7906
NSL         ,20231006,348.00,352.80,348.00,350.25,2000
VRFILMS     ,20231006,43.00,44.50,43.00,44.50,6000
GKP         ,20231006,11.79,11.79,11.41,11.62,12189
WORL        ,20231006,6.28,6.28,6.04,6.27,46455
EVANS       ,20231006,128.10,128.10,128.10,128.10,1000
BMW         ,20231006,42.64,42.90,41.70,42.31,305882
AEPL        ,20231006,17.05,17.40,16.70,17.34,36066
MAHESH      ,20231006,10.29,10.29,10.29,10.29,418
CHCL        ,20231006,21.00,21.00,20.51,20.75,6000
DEL         ,20231006,35.30,38.90,35.30,38.90,221
HARISH      ,20231006,45.25,46.00,43.55,45.28,2776
PARSHVA     ,20231006,182.00,182.00,161.00,170.65,874
ARL         ,20231006,43.00,43.00,42.00,42.75,2234
EARUM       ,20231006,1.00,1.01,0.98,0.99,1724203
SNXT50BEES  ,20231006,59.58,67.95,58.42,58.90,1428
SEACOAST    ,20231006,2.88,2.88,2.88,2.88,925435
TRANSPACT   ,20231006,242.80,242.90,242.80,242.85,2000
ALPHALOGIC  ,20231006,46.94,46.94,46.94,46.94,6663
360ONE      ,20231006,507.00,509.90,497.30,507.60,6526
MUFIN       ,20231006,86.30,87.00,81.00,84.76,117279
MISQUITA    ,20231006,38.80,38.80,38.80,38.80,2000
GALACTICO   ,20231006,5.78,5.79,5.46,5.67,1002153
VEL         ,20231006,18.00,18.00,17.85,17.85,679
NIESSPA     ,20231006,100.50,100.50,100.50,100.50,3
NIESSPK     ,20231006,67.50,80.00,67.50,80.00,21
GOBLIN      ,20231006,55.99,67.20,55.99,61.75,42000
GENSOL      ,20231006,1985.05,2056.15,1965.05,2025.05,35950
SHAHLON     ,20231006,13.17,13.17,12.80,12.86,19760
ANUROOP     ,20231006,17.48,17.48,17.48,17.48,32218
COLABCLOUD  ,20231006,40.99,43.50,38.65,43.00,20757
EASUN       ,20231006,48.50,48.50,48.50,48.50,20000
ASSAMENT    ,20231006,290.00,290.00,290.00,290.00,12
GIANLIFE    ,20231006,22.99,22.99,21.11,21.60,7721
NEXT50      ,20231006,452.00,456.00,452.00,456.00,48
JANUSCORP   ,20231006,4.05,4.17,4.00,4.05,133000
OCTAVIUSPL  ,20231006,40.45,40.45,38.25,38.25,3948
ROJL        ,20231006,4.41,4.42,4.19,4.21,587973
DJML        ,20231006,152.90,154.00,142.50,153.30,1709
NATURAL     ,20231006,9.78,9.78,9.16,9.38,54920
REGIS       ,20231006,89.40,98.75,89.35,98.74,2413
BONLON      ,20231006,41.42,41.42,41.30,41.42,7097
SBGLP       ,20231006,384.10,396.00,377.70,392.00,2145
MAXINDIA    ,20231006,143.50,143.50,141.85,142.10,2730
HDFCNIFBAN  ,20231006,449.10,450.00,448.20,449.25,2186
SAMRATFORG  ,20231006,343.95,354.95,343.95,353.95,134
ADVAIT      ,20231006,429.00,429.90,402.60,413.00,23983
ADL         ,20231006,79.60,79.60,74.55,74.55,31
ATAM        ,20231006,180.20,186.00,178.40,180.05,4107
GMPL        ,20231006,195.00,195.00,177.50,183.00,7000
VGIL        ,20231006,124.00,124.00,124.00,124.00,2200
SHINEFASH   ,20231006,82.00,82.00,71.50,71.50,8000
ESG         ,20231006,32.29,32.46,32.29,32.46,111
RFLL        ,20231006,23.26,24.95,23.26,24.50,113
MRP         ,20231006,133.00,139.00,133.00,137.00,6000
DAVANGERE   ,20231006,102.30,104.99,101.15,101.91,5558
KMEW        ,20231006,1540.00,1540.00,1499.50,1505.00,3750
SUUMAYA     ,20231006,7.25,7.25,7.16,7.19,10800
NIKSTECH    ,20231006,349.70,349.70,349.70,349.70,600
EKI         ,20231006,445.50,455.00,445.50,450.80,96525
RCAN        ,20231006,150.00,152.00,150.00,151.75,260000
PGINVIT     ,20231006,101.00,101.96,101.00,101.46,145063
NAVODAYENT  ,20231006,12.55,12.55,12.55,12.55,12000
AAPLUSTRAD  ,20231006,10.30,10.32,10.30,10.32,32000
BFSI        ,20231006,20.05,20.20,19.95,20.16,8839
GCSL        ,20231006,196.00,196.00,188.25,190.70,35640
EPIGRAL     ,20231006,995.60,1000.00,981.80,985.55,1634
SHARPLINE   ,20231006,5.80,5.94,5.61,5.89,15789
AASHKA      ,20231006,60.50,60.50,59.80,59.85,10000
NBL         ,20231006,104.00,104.00,104.00,104.00,1600
PREVEST     ,20231006,480.00,480.00,458.00,459.35,7600
MARKOLINES  ,20231006,142.00,145.00,140.00,144.90,39200
SBLI        ,20231006,71.50,71.75,71.10,71.30,19200
SVRL        ,20231006,199.00,199.00,196.30,199.00,4000
CWD         ,20231006,645.00,645.00,645.00,645.00,100
SGFRL       ,20231006,84.46,84.46,84.45,84.46,12000
OMNIPOTENT  ,20231006,8.20,8.20,8.20,8.20,4000
CLARA       ,20231006,178.00,178.50,175.50,178.00,4980
BRANDBUCKT  ,20231006,40.14,40.14,40.14,40.14,24000
ASCENSIVE   ,20231006,45.00,45.00,45.00,45.00,4000
WEL         ,20231006,256.65,276.40,256.65,276.40,949
ICICISILVE  ,20231006,71.00,71.98,70.98,71.58,17245
ALKOSIGN    ,20231006,111.50,117.00,111.50,114.40,10500
MAKEINDIA   ,20231006,98.00,98.00,97.71,97.89,102
QRIL        ,20231006,75.00,75.00,75.00,75.00,2000
SSTL        ,20231006,12.90,14.30,12.10,12.10,30000
SPITZE      ,20231006,207.95,207.95,200.00,200.00,6000
EKENNIS     ,20231006,88.90,88.90,88.90,88.90,800
MIDCAPETF   ,20231006,15.13,15.21,15.08,15.19,11644
EUREKAFORBE ,20231006,505.00,505.00,494.95,497.55,35629
BCCL        ,20231006,54.50,54.50,53.00,53.00,3200
ACHYUT      ,20231006,55.50,55.60,52.30,55.51,351000
EVOQ        ,20231006,13.80,13.80,13.80,13.80,4000
SEML        ,20231006,104.00,104.00,103.80,103.90,9000
DHYAANI     ,20231006,178.00,179.90,177.90,178.00,11000
SFSL        ,20231006,30.26,30.26,30.26,30.26,3000
GLHRL       ,20231006,42.50,42.50,42.50,42.50,1000
TIERRA      ,20231006,131.00,141.80,131.00,137.80,2085
SCARNOSE    ,20231006,82.01,82.01,81.68,81.69,8000
GOEL        ,20231006,154.00,154.00,150.00,150.00,3200
MODIS       ,20231006,172.50,172.50,171.00,171.00,17600
PGCRL       ,20231006,311.00,311.00,305.00,306.00,3600
KESAR       ,20231006,450.00,450.90,450.00,450.90,2400
BRRL        ,20231006,122.70,128.00,122.70,128.00,16800
JAYANT      ,20231006,90.00,90.80,87.50,87.50,3000
VEERKRUPA   ,20231006,2.39,2.39,2.39,2.39,16700
HEALTHYLIFE ,20231006,4.61,4.70,4.55,4.60,270000
DDEVPLASTIK ,20231006,204.50,212.00,202.05,208.20,144126
MOVALUE     ,20231006,63.76,63.76,63.28,63.52,1342
NATURO      ,20231006,15.00,15.00,15.00,15.00,4000
RHETAN      ,20231006,9.23,10.00,9.00,9.38,457500
DPL         ,20231006,15.23,16.30,14.40,14.74,456000
EPBIO       ,20231006,192.00,197.00,190.00,197.00,5000
VOEPL       ,20231006,238.15,240.90,233.00,234.75,86000
HDFCQUAL    ,20231006,53.00,53.00,44.47,44.73,11
CONTAINE    ,20231006,80.85,80.85,77.75,80.85,14000
MAFIA       ,20231006,17.00,17.00,17.00,17.00,4000
SRSOLTD     ,20231006,159.00,159.05,159.00,159.00,3200
TLL         ,20231006,209.00,209.00,197.00,201.00,3600
REETECH     ,20231006,57.05,57.05,57.05,57.05,1200
CARGOTRANS  ,20231006,75.10,92.00,75.10,92.00,4500
CNCRD       ,20231006,602.00,610.00,602.00,608.80,7500
INA         ,20231006,428.00,433.00,426.00,432.00,141000
STML        ,20231006,149.00,153.00,149.00,152.30,6000
MAAGHADV    ,20231006,48.84,48.84,48.84,48.84,4000
PACE        ,20231006,21.40,21.40,20.58,20.63,27600
DAPS        ,20231006,32.50,32.50,32.50,32.50,28000
TECHNOPACK  ,20231006,95.95,95.99,95.95,95.99,4000
AMBOAGRI    ,20231006,29.00,29.00,29.00,29.00,4000
DHARMAJ     ,20231006,210.00,232.75,209.00,229.35,143696
UNIPARTS    ,20231006,580.05,583.50,575.00,576.35,8480
GARGI       ,20231006,254.90,262.00,250.00,260.95,18000
ICICICOMMO  ,20231006,64.00,64.11,63.75,63.99,1070
SULA        ,20231006,477.90,477.90,464.25,467.85,10234
AHL         ,20231006,347.95,351.40,346.30,350.10,73324
DRONACHRYA  ,20231006,180.30,180.50,174.50,175.80,37000
LANDMARK    ,20231006,809.95,812.00,776.65,783.75,16983
IEL         ,20231006,10.09,10.09,10.09,10.09,128985
KFINTECH    ,20231006,467.65,471.35,461.70,462.80,9951
ELIN        ,20231006,193.85,193.85,185.05,187.85,34478
RADIANTCMS  ,20231006,94.44,94.44,91.77,93.09,33652
AVEER       ,20231006,499.90,499.90,499.90,499.90,494
DSPBANKETF  ,20231006,44.50,44.76,44.50,44.74,1369
SAH         ,20231006,95.65,98.50,95.65,97.00,6151
REXSEAL     ,20231006,101.00,101.00,101.00,101.00,3000
SVS         ,20231006,8.51,8.51,8.32,8.32,36000
KAMOPAINTS  ,20231006,154.90,156.00,150.05,153.80,2840
AARTIPHARM  ,20231006,430.05,447.50,423.60,424.75,30374
DHARNI      ,20231006,27.00,27.00,26.82,26.82,12000
TRANSVOY    ,20231006,71.21,71.21,69.02,70.01,4800
EARTH       ,20231006,56.00,56.00,52.97,55.71,168000
ASHIKA      ,20231006,37.99,37.99,36.12,37.50,457
NSLNISP     ,20231006,51.84,51.90,51.16,51.72,188084
HDFCBSE500  ,20231006,27.65,27.98,27.41,27.51,306
HDFCSML250  ,20231006,123.08,123.75,123.06,123.62,1634
HDFCMID150  ,20231006,150.60,151.35,150.27,150.75,720
GOLDETF     ,20231006,57.00,58.31,56.60,57.06,4522
SEALMATIC   ,20231006,509.95,510.00,490.25,490.25,8400
ROBU        ,20231006,306.00,320.00,305.00,318.25,12000
PATRON      ,20231006,9.80,9.85,9.48,9.53,48000
SVJ         ,20231006,56.60,56.60,56.60,56.60,30000
AMANAYA     ,20231006,12.00,12.00,12.00,12.00,6000
RESGEN      ,20231006,68.12,80.00,68.12,78.87,225000
ITCONS      ,20231006,48.50,49.30,48.43,49.30,6000
AIRAN       ,20231006,25.00,25.40,24.00,24.44,52810
DIVGIITTS   ,20231006,1051.05,1082.35,1032.00,1074.65,7315
PSUBANKICI  ,20231006,52.21,52.80,52.14,52.21,2043
SUDARSHAN   ,20231006,83.00,83.00,82.50,83.00,4800
GSLSU       ,20231006,179.25,208.90,179.25,204.65,177255
BRIGHT      ,20231006,470.00,470.00,468.50,468.50,4000
DEVLAB      ,20231006,60.00,60.00,58.65,58.65,14000
AXISPEGP    ,20231006,66.16,66.61,66.16,66.61,12
LOWVOL      ,20231006,150.00,150.71,150.00,150.71,21
JAFINANCE   ,20231006,49.00,49.00,44.62,47.61,2206
USK         ,20231006,34.50,38.40,34.50,37.52,135800
MAIDEN      ,20231006,105.90,108.00,105.90,107.75,28000
EXHICON     ,20231006,286.45,286.45,273.90,279.90,16000
AVALON      ,20231006,573.90,581.55,562.40,570.25,17789
SANCODE     ,20231006,84.00,84.00,84.00,84.00,3000
BLAL        ,20231006,159.40,160.30,158.30,159.00,5538
SILVERETF   ,20231006,70.00,72.09,69.80,71.82,8161
RHL         ,20231006,106.00,108.15,106.00,106.95,595
RETINA      ,20231006,66.90,66.90,66.90,66.90,4000
DSPGOLDETF  ,20231006,57.70,57.70,56.50,56.66,787
MANKIND     ,20231006,1770.05,1805.00,1748.00,1798.70,12414
INNOKAIZ    ,20231006,125.20,125.20,125.20,125.20,1600
AVG         ,20231006,277.40,287.30,275.45,284.40,16373
ATALREAL    ,20231006,78.00,78.96,76.80,77.94,738
PIGL        ,20231006,43.99,43.99,42.00,42.02,2776
NXST        ,20231006,128.97,128.97,123.15,128.25,3347
PAVNAIND    ,20231006,452.60,453.65,413.80,451.00,3500
HSIL        ,20231006,200.10,200.10,196.50,199.00,12800
SIGMA       ,20231006,471.95,471.95,439.65,450.90,533
GHCLTEXTIL  ,20231006,78.57,79.83,77.56,79.01,29601
MKPL        ,20231006,870.00,897.00,854.00,878.95,38751
CFF         ,20231006,418.15,418.15,387.00,401.65,44800
COMRADE     ,20231006,146.00,151.00,146.00,150.00,6000
SILVRETF    ,20231006,78.00,78.00,67.60,69.97,506
IKIO        ,20231006,358.95,359.05,354.20,358.20,6637
BIZOTIC     ,20231006,58.57,61.75,58.57,61.75,7200
ASIAN       ,20231006,51.45,51.45,49.45,49.45,2869
COSMICCRF   ,20231006,240.60,248.00,240.60,244.10,6000
HMAAGRO     ,20231006,737.00,746.85,718.00,721.45,4454
URAVI       ,20231006,252.05,252.05,243.00,245.90,1032
VEEFIN      ,20231006,228.95,233.30,225.00,233.30,91200
IDEAFORGE   ,20231006,862.00,863.05,815.00,823.55,20026
CYIENTDLM   ,20231006,670.05,672.90,660.10,668.40,18605
DSPITETF    ,20231006,32.20,32.50,32.06,32.44,5311
SENCO       ,20231006,642.45,651.00,633.75,645.25,38357
ALPHAIND    ,20231006,231.60,231.60,231.60,231.60,7200
ACCELERATE  ,20231006,218.25,218.25,218.20,218.20,3200
KAKA        ,20231006,185.00,185.00,181.00,182.50,22000
JIOFIN      ,20231006,226.15,227.55,223.80,225.10,1269931
AHASOLAR    ,20231006,310.00,310.00,305.50,305.60,4000
UTKARSHBNK  ,20231006,60.16,60.90,58.10,58.72,1228024
ASARFI      ,20231006,107.50,111.30,105.55,110.20,84000
BANKETF     ,20231006,444.00,446.26,444.00,444.21,319
NETWEB      ,20231006,829.85,833.50,811.00,812.65,7433
DSPPSBKETF  ,20231006,52.01,52.55,52.01,52.23,55
DSPPVBKETF  ,20231006,23.01,23.10,23.01,23.10,3
YATHARTH    ,20231006,385.00,415.00,383.10,401.95,287851
INNOVATUS   ,20231006,28.66,32.98,28.25,31.75,33000
NIITMTS     ,20231006,422.15,443.95,420.05,437.95,21741
KHAZANCHI   ,20231006,207.00,210.00,203.10,204.60,36000
ATL         ,20231006,37.24,39.09,36.50,38.87,315737
TREL        ,20231006,41.95,43.00,41.75,42.73,71550
REDTAPE     ,20231006,465.00,498.00,453.80,487.30,52214
VLEGOV      ,20231006,33.16,33.75,32.71,33.10,38432
SBFC        ,20231006,85.39,88.25,84.60,86.82,256339
CONCORDBIO  ,20231006,1115.05,1175.25,1101.00,1120.35,44404
DPWIRES     ,20231006,660.00,669.05,656.20,658.65,1923
SHELTER     ,20231006,41.00,41.10,40.00,40.00,27000
TVSSCS      ,20231006,212.05,218.00,210.50,216.35,100883
PYRAMID     ,20231006,172.00,173.75,169.15,170.05,14680
SHOORA      ,20231006,52.45,52.51,52.45,52.51,12000
BONDADA     ,20231006,179.70,180.55,175.00,179.95,80000
AEROFLEX    ,20231006,147.50,148.95,146.30,146.75,70488
VPRPL       ,20231006,171.50,176.00,170.20,173.45,269257
SHRADHAIND  ,20231006,29.04,32.30,29.04,32.16,44168
RISHABH     ,20231006,484.00,554.95,483.00,533.90,103196
RATNAVEER   ,20231006,112.90,118.80,112.10,117.25,92836
KAHAN       ,20231006,110.00,116.00,110.00,114.25,16000
JLHL        ,20231006,1125.00,1164.00,1123.40,1154.30,4555
RRKABEL     ,20231006,1485.00,1522.90,1480.20,1502.30,70679
MESON       ,20231006,211.90,218.75,198.10,210.20,234000
EMSLIMITED  ,20231006,313.00,333.75,310.00,323.45,438256
SAMHI       ,20231006,163.00,167.90,161.65,164.85,164140
ZAGGLE      ,20231006,204.95,222.30,201.50,217.40,241185
SOUTHWEST   ,20231006,135.95,136.05,127.40,129.65,1583
NAVINIFTY   ,20231006,200.18,220.00,196.14,205.38,23
NUVAMA      ,20231006,2130.00,2271.70,2130.00,2271.70,3749
KALAMANDIR  ,20231006,235.65,246.90,235.65,244.25,130173
SIGNATURE   ,20231006,480.45,503.00,471.00,483.90,44156
TECHKGREEN  ,20231006,121.35,122.25,119.90,122.25,126400
YATRA       ,20231006,135.05,139.60,134.60,138.05,84590
JSWINFRA    ,20231006,165.95,173.60,163.95,171.60,1608821
MVGJL       ,20231006,218.25,226.90,217.55,222.80,155427
UDS         ,20231006,291.45,291.90,284.00,285.40,12319
ORGANICREC  ,20231006,215.00,225.75,214.00,225.75,673200
VALIANTLAB  ,20231006,161.00,169.05,161.00,169.05,199186
SENSEXETF   ,20231006,77.00,77.00,63.00,66.49,551
TATAMTRTDVR ,20231006,419.00,420.20,416.25,418.05,98797
JISLBNDVR   ,20231006,33.19,33.37,31.95,33.37,2679
GATECHDVR   ,20231006,9.88,10.15,9.57,9.99,94041
KARUR VY(PS ,20231006,135.70,135.70,131.55,132.65,106998
TIDE WATE(PS,20231006,1153.65,1191.00,1153.65,1182.65,2816
XPRO INDI(PS,20231006,1070.00,1100.00,1064.30,1091.10,7838
HISARMET(PS ,20231006,182.00,183.00,178.00,183.00,2063
FERT CHE(PS ,20231006,533.05,538.00,530.00,533.40,24701
GINNI FIL(PS,20231006,26.75,26.75,26.22,26.36,53782
SOUTH PET(PS,20231006,71.80,72.49,70.81,71.79,62182
KAVERI TELE ,20231006,8.15,8.15,8.15,8.15,635
SAKSOFT LTD ,20231006,331.00,343.95,331.00,341.65,35414
SALONA COTSP,20231006,270.00,275.55,268.85,273.20,146
INDIA MOTOR ,20231006,782.05,789.05,782.00,783.45,57
KCP LTD     ,20231006,128.10,137.75,127.55,134.00,286551
KHAITAN INDI,20231006,53.30,54.75,53.30,54.75,113
SUNDARAM FIN,20231006,3140.55,3244.70,3127.90,3157.30,3305
SUNDARAM BRK,20231006,515.00,530.30,507.95,530.05,366
WHEELS INDIA,20231006,789.85,795.50,780.50,783.05,1642
LAMBODHARA T,20231006,172.80,189.10,172.75,181.00,63064
BHANDA-RE   ,20231006,2.02,2.02,1.26,1.85,53602
ADCONPP     ,20231006,0.87,0.93,0.86,0.93,1620687
AARTIPP     ,20231006,303.95,307.05,303.95,307.00,28
NECCLTDPP   ,20231006,9.98,10.21,9.97,10.16,14284
CRESSANPP   ,20231006,12.55,13.10,11.81,12.71,84370
ALANPP      ,20231006,56.15,57.00,56.00,57.00,1496
EIKOPP      ,20231006,29.42,29.42,25.42,26.01,458
SHAREINWARR ,20231006,828.00,829.00,828.00,829.00,16
