TICKER, DATE, OPEN, HIGH, LOW, CLOSE, VOLUME
A.SARABHAI  ,20231005,39.72,39.72,39.72,39.72,100802
ANDHRA PETRO,20231005,81.48,81.50,78.10,78.51,87590
UTIQUE      ,20231005,6.07,6.21,5.80,6.05,38937
ARUNAHTEL   ,20231005,16.32,16.94,15.47,16.00,12249
ATV PROJECTS,20231005,15.13,15.13,15.13,15.13,42100
BANCO PROD. ,20231005,506.80,507.55,496.60,499.00,16946
BANNARI AMAN,20231005,2628.95,2628.95,2571.20,2583.60,364
BEML LTD    ,20231005,2306.60,2375.00,2305.00,2313.05,5947
BHARAT ELECT,20231005,139.25,141.35,138.20,138.95,388353
BHANSALI ENG,20231005,88.05,94.35,88.05,93.50,141005
BIHAR SPONGE,20231005,11.49,11.49,10.61,11.39,111066
BINANI IND. ,20231005,15.26,15.26,15.26,15.26,17278
DISA INDIA  ,20231005,14059.95,14175.05,13716.00,14000.00,76
QUESTCAP    ,20231005,274.40,274.40,265.55,270.00,213
BPL LTD.    ,20231005,80.60,81.88,79.50,79.97,33341
CENTURY EXT ,20231005,16.99,17.20,16.53,16.59,72821
HIND.PETRO  ,20231005,255.10,260.60,252.20,253.65,284051
IFCI LTD    ,20231005,23.97,24.25,22.63,23.24,7619208
MAHA.TELE   ,20231005,30.01,30.60,29.27,29.56,492858
STATE BANK  ,20231005,590.85,594.40,587.25,592.25,235839
STEEL AUTH. ,20231005,89.54,90.12,88.50,88.62,1104699
IDBI BANK L ,20231005,70.19,70.59,68.31,68.56,562120
DIAMINES&CHM,20231005,535.60,540.00,523.75,526.70,2818
ELANTAS     ,20231005,7998.00,8124.00,7862.00,8062.25,983
FGP LTD.    ,20231005,6.07,6.07,6.07,6.07,101
P.H.CAPITAL ,20231005,72.90,72.90,69.50,69.50,166
COCKERILL   ,20231005,2800.00,2838.00,2781.10,2791.05,1251
UFLEX LTD   ,20231005,452.00,452.00,441.00,445.10,5927
FOSECO INDIA,20231005,3398.10,3398.10,3339.50,3349.25,58
GANESH BENZO,20231005,148.70,151.45,148.70,150.75,21500
METROGLOBL  ,20231005,91.74,91.74,88.50,90.24,10425
KANSAI NERO ,20231005,327.00,327.00,322.05,323.50,12755
GOODRICKE   ,20231005,199.75,202.70,196.00,199.25,9735
GTN INDUS   ,20231005,32.20,32.20,32.11,32.11,2047
GUJ.LEASE   ,20231005,3.36,3.70,3.36,3.70,4446
HCL INFOSYS ,20231005,16.06,16.60,16.00,16.30,96407
HIND.CONSTN.,20231005,27.35,27.99,26.88,27.76,3556236
HIND.OIL EXP,20231005,163.20,164.55,159.95,163.35,122831
HINDUS.ZI   ,20231005,305.95,307.40,302.60,304.80,26278
NDLVENTURE  ,20231005,147.00,147.00,140.50,146.30,3250
HMT LTD.    ,20231005,53.26,53.26,53.26,53.26,8058
PRAG BOSIMI ,20231005,3.09,3.09,2.86,2.95,8533
I.G.PETRO   ,20231005,530.25,530.55,521.30,523.30,2086
IND.GLYCOLS ,20231005,701.35,709.50,698.85,701.70,1844
IND.LEAS.DEV,20231005,7.21,7.21,7.21,7.21,11
MARGO FIN   ,20231005,28.99,33.78,28.85,31.93,15815
INFOSYS LTD ,20231005,1452.10,1474.95,1452.10,1462.45,341800
INGERSOLL   ,20231005,2855.00,2873.60,2823.95,2867.95,873
INTER.TRAVEL,20231005,365.00,384.00,363.00,378.25,16750
AGRO TECH FO,20231005,822.90,824.00,806.00,812.20,22
JAIN IRRIG  ,20231005,62.00,64.26,61.50,63.27,663828
JASCH INDUST,20231005,332.35,332.35,332.35,332.35,103605
JCT LTD     ,20231005,3.00,3.11,2.83,3.04,3983455
JINDAL POLYF,20231005,676.95,694.80,666.10,688.55,5324
JSWSL       ,20231005,760.00,761.00,753.00,755.70,25827
UMANG DAIR  ,20231005,71.81,74.73,70.81,71.30,6690
KAJARIA CER.,20231005,1358.95,1358.95,1324.10,1328.00,4897
KAKATIYA CEM,20231005,220.00,223.10,217.95,221.65,2758
KALYANI STEL,20231005,521.20,525.45,488.35,491.45,20362
KANELIND    ,20231005,1.45,1.52,1.45,1.46,491
KG DENIM    ,20231005,29.45,31.95,28.35,29.75,10021
KINETIC ENG.,20231005,139.75,139.80,137.15,139.25,10546
KIRL.BROS.  ,20231005,845.00,888.00,836.00,883.65,5921
KIRL INDUS  ,20231005,3137.55,3150.00,3124.05,3132.70,4
KIRL.FERROUS,20231005,470.05,479.10,465.00,466.55,6504
ENVAIN ELECT,20231005,233.70,233.70,233.70,233.70,2207
KOTAK MAH.BK,20231005,1730.00,1746.50,1721.60,1734.10,41834
KRIFILIND   ,20231005,4.49,4.49,4.40,4.40,107
L.G.BALKRISH,20231005,1078.95,1078.95,1021.90,1048.10,3063
TRENT LTD.  ,20231005,2062.75,2062.75,2031.70,2046.55,9092
LIC HOUS.FIN,20231005,470.00,474.20,465.50,470.90,51285
LUPIN LTD.  ,20231005,1172.70,1172.70,1143.00,1148.45,10917
HYBRIDFIN   ,20231005,7.93,7.93,7.93,7.93,200
MAFATLAL IND,20231005,158.70,163.50,156.00,163.50,237523
MAH.SEAMLESS,20231005,605.00,620.00,602.40,606.60,8009
MAH.SCOOTER ,20231005,7428.65,7644.95,7428.65,7529.40,235
MAJESTIC AUT,20231005,184.10,188.00,183.65,186.70,3009
MANALI PETRO,20231005,65.35,68.00,64.94,67.68,115395
BARODA RAYON,20231005,168.50,173.30,168.50,170.45,2735
MID INDIA IN,20231005,8.49,8.49,7.87,8.47,6995
MIRC ELECT  ,20231005,18.70,19.99,18.65,18.93,220112
CENTURY ENKA,20231005,421.85,424.40,420.30,420.60,699
LORDS CHLORO,20231005,164.20,164.20,162.55,162.95,368
SPICEJET LTD,20231005,35.90,36.07,34.45,34.78,1231092
MOREPEN LAB.,20231005,36.41,36.90,36.01,36.23,107632
MRF LTD.    ,20231005,107630.00,107686.70,106685.40,106746.30,146
HEIDEL CEM  ,20231005,190.90,198.25,189.60,194.90,152852
NAHAR SPG.  ,20231005,260.15,262.05,256.35,258.75,2354
NAT.PEROXIDE,20231005,1160.35,1160.35,1160.35,1160.35,2139
NIIT LTD.   ,20231005,119.40,123.60,119.25,120.45,56920
JAYKAY      ,20231005,71.13,72.50,71.13,72.32,12805
NIRLON      ,20231005,410.05,414.65,410.00,410.25,1333
ONGC CORPN  ,20231005,181.45,184.00,181.15,182.15,260219
OIL COUNTRY ,20231005,23.24,23.42,23.00,23.42,42880
ORIENT HOTEL,20231005,89.89,89.89,86.05,86.81,29106
OSWAL AGRO. ,20231005,35.74,35.74,33.85,34.93,71052
INDIAN SUCRO,20231005,92.00,93.20,89.20,90.75,32502
PANYAM CEMEN,20231005,12.47,12.47,12.47,12.47,314
PIDILITE    ,20231005,2430.00,2437.40,2420.00,2429.00,11483
SURYA ROSHNI,20231005,949.80,970.05,936.45,968.00,8119
PRIME SECUR.,20231005,147.55,151.95,147.55,148.70,2087
PUN.COMMUNI.,20231005,45.00,47.80,44.50,45.51,16710
RSWM  LTD   ,20231005,190.15,191.00,187.95,189.60,2607
RAJSH.SUGAR ,20231005,51.99,53.30,51.20,51.62,7797
RALLIS INDIA,20231005,213.00,214.45,210.10,211.20,42019
RAMA PAPER  ,20231005,22.80,23.88,21.66,23.80,1166
RAMA PETRO  ,20231005,4.08,4.45,4.08,4.45,810
RAPICUT CARB,20231005,61.76,64.87,61.76,64.60,2553
WELSPLSOL   ,20231005,36.44,36.90,36.01,36.75,191906
ROLTA (I)   ,20231005,2.10,2.20,2.10,2.20,53742
RUBFILA INT.,20231005,82.06,83.40,81.95,83.15,51781
SALORA INT. ,20231005,49.00,49.00,49.00,49.00,3054
SHREE CEMENT,20231005,25583.25,25939.25,25480.00,25736.35,331
SHREE KRISHN,20231005,28.92,28.92,28.92,28.92,17
SUNDARAM FAS,20231005,1267.80,1276.75,1246.00,1254.00,2119
SUNFLAG IRON,20231005,193.00,195.95,191.05,191.55,14897
SUPREME PET ,20231005,505.05,535.00,505.05,521.50,32351
SWARAJ ENGIN,20231005,1990.80,1990.80,1965.10,1973.30,176
THIRUMALAI  ,20231005,214.30,214.30,210.85,211.80,9973
TIMEX GROUP ,20231005,157.00,157.00,153.50,154.15,16703
TORRENT PHAR,20231005,1876.90,1876.90,1843.00,1849.50,2883
TRANSCHEM   ,20231005,23.90,24.35,22.41,23.60,6348
UTLINDS     ,20231005,2.30,2.30,2.20,2.23,12745
UNIPHOS ENT.,20231005,162.60,162.60,158.40,159.80,1505
VARD HOLDNG ,20231005,3021.95,3042.00,2995.80,3015.05,43
WEST COAS PA,20231005,711.60,733.00,705.55,707.15,22886
HIND.ORG.CHM,20231005,31.43,37.00,31.43,36.53,1649118
MPIL CORP L ,20231005,991.10,991.10,991.10,991.10,16
PAS.ACRYLON ,20231005,38.65,40.56,38.15,40.30,62684
PROCTER &GAM,20231005,17785.00,18004.90,17726.95,17808.15,147
MUKAND LTD. ,20231005,165.70,167.85,163.55,163.95,8143
HARR.MALAYAL,20231005,158.95,161.20,156.45,157.45,1757
BAJ HOLD INV,20231005,6820.75,6857.05,6643.20,6671.90,3179
HIND.MOTORS ,20231005,15.04,15.40,15.04,15.26,65246
LARSEN & TOU,20231005,3043.95,3114.00,3034.00,3097.35,66839
MAH & MAH   ,20231005,1529.00,1549.90,1513.75,1540.85,43222
PREMIER LTD ,20231005,3.31,3.34,3.31,3.34,737
BHARAT PET. ,20231005,344.05,347.65,342.55,344.35,238780
SIEMENS LTD.,20231005,3547.95,3554.35,3505.05,3520.05,66213
VOLTAS LTD  ,20231005,875.05,883.20,872.85,880.25,10716
NOVARTIS    ,20231005,729.20,735.50,719.45,722.95,661
PFIZER LTD. ,20231005,3916.05,3970.00,3916.05,3960.15,2133
HIND UNI LT ,20231005,2519.95,2524.95,2495.30,2522.30,44090
NOCIL LTD   ,20231005,225.05,229.55,225.05,226.70,62670
TATA CHEM.  ,20231005,1027.35,1027.35,1006.60,1009.80,26810
T.P.L.      ,20231005,91.05,95.19,91.05,92.02,64022
NESTLE (I)  ,20231005,23149.95,23149.95,22778.70,22923.30,2453
INDIAN HOTEL,20231005,411.00,419.20,408.05,417.40,182502
ITC LTD.    ,20231005,440.00,440.50,435.10,436.00,180669
MODI RUBBER ,20231005,75.06,75.06,75.06,75.06,10
DALAL ST INV,20231005,288.55,288.55,288.55,288.55,118
INDUS.INV.TR,20231005,107.00,107.00,107.00,107.00,164
INDUS.&PRUD.,20231005,3663.00,3702.00,3576.00,3630.45,31
TATA INVEST.,20231005,3387.95,3462.00,3336.50,3382.45,20622
PRISMX      ,20231005,1.63,1.63,1.63,1.63,203043
MOTOR&GEN.FI,20231005,32.00,32.00,31.80,31.90,200
WALCHAND PF ,20231005,179.00,184.85,171.00,171.10,3620
SWASTIK SAFE,20231005,4.95,4.95,4.95,4.95,500
W.H.BRADY   ,20231005,432.00,432.00,407.25,411.50,860
SHA ENG PLA ,20231005,1852.10,1884.95,1800.00,1851.55,1683
BOM.BURMAH  ,20231005,1249.95,1253.20,1229.00,1235.85,2536
BOM.CYCLE   ,20231005,1134.85,1134.85,1080.00,1087.20,192
MULLER & PHI,20231005,233.55,233.55,211.55,233.55,371
AMALGAMATED ,20231005,35.18,35.18,35.18,35.18,1
INDIA NIVEH ,20231005,26.39,26.39,26.39,26.39,7263
CHOWGULE ST ,20231005,14.05,14.50,13.70,14.01,11130
GLOBAL OFFS ,20231005,35.17,35.18,35.15,35.15,62909
ASIIL       ,20231005,17.90,18.34,17.90,18.06,120980
SAGAR CEM.  ,20231005,232.40,241.00,232.40,236.50,8286
HEMADRI CEM ,20231005,77.92,77.92,77.92,77.92,1306
MANGALAM CEM,20231005,363.20,375.00,362.95,370.35,14405
N C L IND.  ,20231005,231.85,236.00,220.45,222.90,112031
SAURAS.CEM. ,20231005,89.70,92.00,88.00,91.71,707563
SRI DIGV CEM,20231005,92.75,92.75,91.24,92.08,28924
LERTHAI     ,20231005,276.00,280.00,276.00,280.00,23
TRIVENI GLAS,20231005,17.89,17.89,16.50,17.31,13606
NILACHAL REF,20231005,44.10,44.10,38.55,39.77,626
ANDPAPER    ,20231005,592.70,615.10,588.50,598.40,16978
ORIENT PAPER,20231005,51.40,51.54,50.15,50.66,152873
CITADEL     ,20231005,26.83,27.99,26.20,26.94,1777
ROLLATAINER ,20231005,1.14,1.15,1.10,1.15,159214
SESHA.PAPER ,20231005,380.95,386.55,375.50,379.00,7281
NATHIND     ,20231005,61.70,64.20,61.70,64.14,8156
VAPI PAPER  ,20231005,94.00,94.00,92.15,92.95,342
DCM LTD.    ,20231005,87.15,88.50,83.53,84.27,19476
FORBES & CO ,20231005,680.20,684.30,664.95,668.00,2787
H.P.COTTON  ,20231005,108.10,108.10,102.30,103.95,1048
UNITEDINT   ,20231005,48.34,49.99,48.34,48.55,3336
KATARE SPG. ,20231005,253.25,264.00,253.10,259.95,470
LAKSHMI MILL,20231005,4300.00,4300.00,4170.00,4173.70,329
VARDH TEXT  ,20231005,371.05,377.95,368.75,370.65,3804
PENLAND LTD ,20231005,31.23,31.70,30.50,31.27,52567
PASUPATI SPG,20231005,24.17,24.17,24.17,24.17,20
PHOENIX MILL,20231005,1816.00,1820.00,1730.50,1772.70,8589
MARATHON NEX,20231005,427.00,434.30,419.80,426.35,16107
RAJA BAHADUR,20231005,4200.00,4200.00,4150.00,4190.00,127
REL.CHEMOTX ,20231005,220.80,227.70,218.35,224.90,10203
SIMPLEX REAL,20231005,111.20,111.90,106.00,110.00,171
SWAN ENG    ,20231005,283.65,289.55,283.50,284.05,24582
VICTORIA MIL,20231005,4095.00,4095.00,3988.00,4006.75,44
SVARAJ TRAD ,20231005,6.17,6.29,6.06,6.22,2876
ZODIAC VEN  ,20231005,13.98,13.98,13.22,13.56,25764
VEER ENERGY ,20231005,16.19,16.19,15.31,15.87,39612
SWIL        ,20231005,44.65,44.65,44.65,44.65,137
TILAK       ,20231005,4.80,4.95,4.70,4.77,248087
KKFIN       ,20231005,26.65,26.65,26.31,26.34,12178
WAGEND      ,20231005,0.69,0.70,0.69,0.69,44447
MEDIA ONE   ,20231005,44.25,46.70,44.25,45.90,1216
MODELLA WOOL,20231005,73.15,73.15,73.15,73.15,144
MODIPON     ,20231005,38.85,39.00,38.65,39.00,752
SHRI DINESH ,20231005,530.00,530.00,508.60,509.65,3191
SRF LIMITED ,20231005,2259.95,2265.90,2240.00,2259.85,6953
SIYARAM SILK,20231005,559.00,571.35,559.00,565.05,986
SWAD.POLYTEX,20231005,48.24,48.25,46.01,47.78,10928
SHREE MFG CO,20231005,11.75,11.75,11.75,11.75,1
BHARAT BIJLE,20231005,3655.55,3706.10,3629.40,3683.90,275
ELPRO INTER ,20231005,79.01,79.84,77.50,78.46,112440
GEE LTD     ,20231005,86.20,87.50,84.50,85.04,14852
HIND.RECT   ,20231005,339.80,346.80,339.80,346.80,2478
ZENSAR TECH.,20231005,524.05,539.65,524.05,536.55,31825
JYOTI LTD.  ,20231005,62.12,62.12,62.12,62.12,8316
JSL LTD.    ,20231005,502.90,502.90,502.90,502.90,7
KAYCEE IND  ,20231005,11705.00,12100.00,11600.00,11948.05,32
INDOKEM LTD.,20231005,110.80,112.65,110.50,110.60,2091
PANA ENERG  ,20231005,383.70,383.70,383.70,383.70,20980
NELCO LTD.  ,20231005,799.50,799.50,778.60,781.55,4994
PERM MAGNETS,20231005,1444.80,1465.00,1425.05,1450.20,3525
HIGH ENERGY ,20231005,565.00,565.00,549.05,552.15,10748
STD.BATTERY ,20231005,44.95,44.95,41.98,42.04,23586
UNIV.CABLE  ,20231005,491.10,502.00,491.10,494.60,10336
W.S.INDUSTR.,20231005,100.55,102.70,100.15,100.85,5845
DELTON CABLE,20231005,133.50,133.50,133.50,133.50,16607
LAKSHMI ELEC,20231005,1538.95,1538.95,1491.00,1499.80,1918
MODULEX     ,20231005,10.84,11.29,10.65,10.88,18347
CONFINT     ,20231005,8.90,8.90,8.90,8.90,10593
RELTD       ,20231005,63.11,68.99,63.11,68.10,41788
EMPOWER     ,20231005,1.00,1.00,1.00,1.00,1406166
MULTI-PURPOS,20231005,8.10,8.94,8.10,8.94,6731
NYSSACORP   ,20231005,5.70,5.90,5.59,5.64,36084
FLOMIC      ,20231005,91.22,91.22,86.35,87.68,2202
KRISHNA VEN ,20231005,61.00,65.24,59.90,65.24,20042
GANESH HOLDI,20231005,61.00,61.00,61.00,61.00,50
UNI ABEX    ,20231005,2304.35,2304.35,2304.35,2304.35,420
SARDA ENMIN ,20231005,220.70,221.00,213.50,214.75,9564
BHAGWATI AUT,20231005,607.00,623.85,600.45,609.30,1848
BOM.WIRE ROP,20231005,38.04,38.04,38.04,38.04,1499
I BRIGHT ST ,20231005,24.09,24.84,24.09,24.84,452
IND.HUME PIP,20231005,257.95,258.00,217.00,244.90,3093
INVEST &PREC,20231005,490.00,494.90,470.00,491.05,5484
INFORMEDTEC ,20231005,81.78,81.78,74.00,75.16,5788
KAIRA CAN CO,20231005,2348.40,2375.00,2266.20,2266.20,167
ORIENTCER   ,20231005,37.00,37.40,36.25,36.42,36046
NATIONAL STD,20231005,4701.05,4809.85,4700.00,4771.30,63
RATHI ST    ,20231005,22.39,22.39,22.39,22.39,4625
DUNCANENG   ,20231005,443.95,443.95,415.00,418.90,1097
SANDUMA     ,20231005,1497.95,1535.00,1478.80,1503.30,6806
STOVAC IND. ,20231005,2437.80,2444.00,2400.50,2436.45,709
TATA YODOGAW,20231005,89.25,92.40,85.45,89.61,6063
WELCAST     ,20231005,771.10,775.10,771.10,775.10,801
AUTO COR.GOA,20231005,1513.50,1539.00,1500.00,1504.55,2337
SETCO AUTO  ,20231005,6.60,6.81,6.55,6.64,16347
SCOOTERS IND,20231005,32.58,32.59,32.02,32.17,5808
TALBROS AUTO,20231005,1075.95,1075.95,1040.80,1050.40,1796
ZF STEERING ,20231005,734.75,754.60,730.00,751.15,4430
TIL LTD.    ,20231005,289.00,289.00,273.00,280.00,1250
JAINEX      ,20231005,164.00,164.00,163.95,163.95,54
ALFRED HERB ,20231005,795.20,825.00,794.10,823.80,316
VELJAN      ,20231005,2100.00,2120.00,2050.40,2070.40,120
DYNAMAT.TECH,20231005,4600.05,4663.25,4515.05,4581.85,1671
G.G.DANDEKAR,20231005,67.95,67.95,67.00,67.80,880
KIRLOSAR PN ,20231005,672.00,683.05,665.85,681.00,7286
KPT         ,20231005,385.10,397.90,375.25,379.05,7209
LAXMI AUTOLM,20231005,2003.80,2050.00,1990.00,1998.25,389
MANUGRAPH IN,20231005,22.05,22.99,22.00,22.09,809
MONOTYPE IND,20231005,0.57,0.57,0.57,0.57,3088248
NESCO LTD   ,20231005,677.00,685.00,673.30,674.80,2374
INTEGRA ENG ,20231005,236.90,236.90,231.30,232.25,24997
SEMAC       ,20231005,2300.00,2320.50,2300.00,2320.50,203
WENDT(INDIA),20231005,14493.15,14541.60,14385.30,14434.10,28
SHYAMKAM INV,20231005,3.43,3.78,3.43,3.69,10828
MAHA CORP   ,20231005,1.16,1.19,1.16,1.16,276370
ZEE ENTER   ,20231005,259.95,262.80,257.55,258.30,211180
SKYL MILLAR ,20231005,10.50,10.90,10.22,10.79,1746
BIMETAL BEAR,20231005,640.40,640.90,625.00,626.30,894
BRADY MORRIS,20231005,423.60,424.00,423.60,423.80,1886
LATIMMETAL  ,20231005,16.21,16.21,16.21,16.21,82642
DECCAN BEAR.,20231005,35.15,35.15,35.15,35.15,100
HIMTEK      ,20231005,118.00,119.70,114.60,116.05,1988
HERC.HOISTS ,20231005,316.20,317.80,313.95,315.85,823
AQFINTECH   ,20231005,644.30,653.70,642.45,652.05,5958
IFB IND.LTD.,20231005,900.75,901.10,884.00,892.20,660
SINGER INDIA,20231005,94.30,97.00,94.20,96.87,182170
INTER.COMBUS,20231005,1091.95,1091.95,1049.70,1090.00,2130
JOSTS ENG.  ,20231005,448.55,460.00,440.65,457.25,3928
SNL BEARINGS,20231005,362.45,368.25,361.05,362.40,2609
JAIPAN INDUS,20231005,39.98,39.98,38.42,38.42,1181
MANCREDIT   ,20231005,102.00,102.50,98.10,99.26,14807
TRF LTD.    ,20231005,243.60,243.60,236.20,237.85,3859
WPIL LTD.   ,20231005,2900.00,2906.95,2816.75,2891.25,2996
KENNAMETAL  ,20231005,2651.90,2654.20,2577.35,2601.40,413
HINDHARD    ,20231005,515.00,528.35,515.00,528.35,4870
TRITON VALVE,20231005,1585.60,1618.00,1570.00,1602.90,440
SUDAL INDUS ,20231005,11.89,11.89,11.66,11.66,92
PRAKASH IND.,20231005,139.25,142.10,137.65,139.40,49922
STANROSE MAF,20231005,80.53,82.00,80.53,81.95,35
PANKAJPIYUS ,20231005,123.45,123.45,118.00,123.45,3666
PARNAXLAB   ,20231005,91.03,91.03,91.03,91.03,2047
INTELL CAP  ,20231005,97.18,97.18,95.45,97.17,498511
VISAGAR POL ,20231005,1.00,1.01,0.96,0.99,189192
GCKL        ,20231005,13.74,13.74,13.00,13.14,4928
STYRENIX    ,20231005,1040.05,1088.05,1040.05,1049.20,1774
AMINES&PLAST,20231005,127.00,133.00,125.15,127.75,18781
ANUH PHARMA ,20231005,132.85,132.95,129.30,130.00,14174
CHEMO PHARMA,20231005,28.00,28.80,28.00,28.80,165
HEUBACHIND  ,20231005,451.85,451.85,435.00,439.25,8599
FERMENTA    ,20231005,160.00,161.90,158.00,161.40,6338
JAYSHRI CHEM,20231005,7.80,8.20,7.80,8.08,19897
KANORIA CHEM,20231005,135.80,137.10,133.65,134.10,1946
KELTECH EN. ,20231005,1647.10,1670.00,1647.10,1665.50,109
KEMP & CO.  ,20231005,949.80,950.00,949.80,950.00,8
NITTA GELA  ,20231005,812.00,823.40,809.00,822.95,6775
M.P.AGRO IND,20231005,7.70,7.70,7.70,7.70,66
ORIENT.CARB.,20231005,799.00,800.05,781.60,784.25,701
AMAL PRODUCT,20231005,294.55,294.55,288.00,289.10,2815
POLYCHEM    ,20231005,2126.40,2127.00,2126.40,2126.40,443
PUN.CHEM    ,20231005,1114.50,1116.05,1092.20,1100.65,1019
GUJCHEM DIST,20231005,65.68,65.68,65.68,65.68,94
SADHANA NITR,20231005,81.05,81.28,79.05,79.71,22448
SUDARSH.CHEM,20231005,484.90,486.40,481.30,485.25,1652
TECIL CHEM. ,20231005,18.33,18.33,18.33,18.33,36
ULTRAMARINE ,20231005,408.45,412.90,404.00,411.50,25288
TRANSPEK    ,20231005,1880.05,1917.90,1851.25,1866.40,3054
MYS PETRO   ,20231005,145.60,150.50,145.60,150.20,71
TUTIALKA    ,20231005,79.40,93.24,77.31,92.38,1630763
PRIMO       ,20231005,56.80,59.85,56.07,59.13,1532295
TANFAC IND. ,20231005,1926.05,2013.80,1926.05,2013.80,17604
GUJ.PETRO   ,20231005,75.41,75.41,75.41,75.41,1345
GUJ.THEMIS. ,20231005,1029.00,1049.00,1005.00,1020.45,17936
SCBL        ,20231005,2.48,2.48,2.48,2.48,659
JAYSN DYEST ,20231005,78.01,82.00,78.01,79.64,358
MAKERS LAB. ,20231005,107.50,116.00,106.05,108.50,8529
CONT.CHEM   ,20231005,59.06,62.01,59.00,62.01,176
J.B.CHEMICAL,20231005,1504.00,1507.60,1465.00,1498.25,4658
ADV.PETROCH.,20231005,155.15,158.25,155.15,158.25,13
BL.CHIP TEX ,20231005,133.00,140.80,132.25,136.70,1453
JAGATJIT IND,20231005,126.50,131.10,126.00,131.10,46586
KESAR ENT.  ,20231005,97.00,98.00,95.00,96.31,868
TILAKNAG IND,20231005,204.05,211.65,204.05,209.00,57374
EMERALL     ,20231005,134.60,134.60,134.60,134.60,130
SAKTHI SUGAR,20231005,32.35,33.20,31.76,32.01,92846
WALCHANDNGR ,20231005,123.00,123.00,123.00,123.00,5461
KOTHARI FERM,20231005,102.00,105.00,88.20,92.64,417519
CAPROLA.CHEM,20231005,67.50,71.25,67.50,68.06,1205
RANA SUGARS ,20231005,27.94,27.94,26.85,27.14,85319
PICCADILY SU,20231005,34.50,34.50,34.50,34.50,30338
SOM DISTILL.,20231005,383.00,389.80,378.05,381.55,58614
CJ GELATIN  ,20231005,23.50,24.35,23.40,23.40,2039
ASSO.ALCOHOL,20231005,457.00,473.00,457.00,464.40,4591
IVP LIMITED ,20231005,164.20,170.90,164.20,165.45,905
KLRFM       ,20231005,196.55,206.25,195.00,199.65,6109
MILKFOOD    ,20231005,648.95,648.95,583.10,622.20,1521
POLSON LTD. ,20231005,13055.00,13150.00,13000.00,13000.00,31
WIPRO LTD.  ,20231005,407.35,410.55,405.00,406.70,115705
ORIENT BEVER,20231005,167.00,198.70,167.00,195.15,58608
DHAN AGRI   ,20231005,836.00,856.00,836.00,839.05,4872
TTK HEALTHCA,20231005,1200.00,1325.05,1145.75,1154.60,283
TGVSL       ,20231005,112.60,115.85,111.80,113.75,207919
LIME CHEM.  ,20231005,30.70,33.58,29.95,33.58,140789
KANPUR PLAST,20231005,122.95,125.20,121.50,121.85,366
TAINWALA CH.,20231005,133.50,139.00,132.70,136.90,2353
JAGSON PHAR ,20231005,419.60,426.00,417.00,422.45,832
KHAITAN CHEM,20231005,62.55,65.35,62.55,64.91,2647
UNITED LEA(N,20231005,24.70,24.70,24.70,24.70,600
NATI. OXYGEN,20231005,113.65,113.65,110.00,111.80,1126
WIRES FABRIK,20231005,145.30,152.40,143.15,148.60,1869
ANSALHSG    ,20231005,8.18,8.18,8.18,8.18,20713
COMPUTER PNT,20231005,6.32,6.32,6.32,6.32,38902
MAC CHARLES ,20231005,470.00,484.95,470.00,471.80,104
ADDI IND.   ,20231005,55.09,61.86,50.10,51.21,83994
PION INVEST ,20231005,32.62,32.80,32.05,32.51,776
ASHNOOR TEX.,20231005,39.35,40.99,39.35,40.08,1191
UNITECH LTD ,20231005,2.51,2.65,2.51,2.51,3759489
VIP INDUS.  ,20231005,667.00,667.00,658.00,659.15,11963
LKP FIN     ,20231005,99.01,99.90,98.00,98.37,3199
BAJAJ STEEL ,20231005,1086.30,1105.00,1076.00,1078.85,3244
KIDUJA INDIA,20231005,81.70,81.70,81.70,81.70,218
KEY CORP.LTD,20231005,55.00,56.85,55.00,56.60,1331
GUJ.HOTELS  ,20231005,156.50,156.95,153.00,153.65,1394
PARA. COSMET,20231005,42.00,42.00,41.00,41.00,605
JINDAL HOTL ,20231005,44.55,46.68,44.26,45.68,1833
SIMMONDS-MAR,20231005,62.98,63.59,62.98,63.59,11023
BNALTD      ,20231005,305.20,309.95,305.20,308.00,540
HAWKINS COOK,20231005,7149.95,7399.95,7052.15,7356.85,1381
WARREN TEA  ,20231005,52.85,52.85,51.61,52.06,535
COCHIN MALA ,20231005,100.00,100.00,99.99,99.99,15
BEST E.HOTEL,20231005,22.17,22.40,20.62,21.42,22868
NEELAMALAI  ,20231005,3304.50,3424.70,3304.50,3424.70,5
IST LTD.    ,20231005,722.00,722.40,709.00,713.75,575
NITINCAST   ,20231005,480.05,485.95,470.40,483.70,177
SMIFS CAPITA,20231005,42.16,43.85,40.58,41.22,11078
EVEREST INDS,20231005,1126.90,1144.25,1108.45,1132.25,604
IRONWOOD    ,20231005,24.10,24.93,22.99,23.00,1024
MSR INDIA   ,20231005,13.12,13.19,12.22,12.91,70814
PANASON CAR ,20231005,458.70,475.85,458.70,465.10,4898
FINKURVE    ,20231005,76.98,76.98,71.55,74.01,843
HB LEAS.PUB ,20231005,6.53,6.53,6.53,6.53,695
SULABH ENG. ,20231005,6.71,6.71,6.71,6.71,67140
FRONTCAP    ,20231005,4.45,4.45,4.04,4.30,12113
SATPROP LTD ,20231005,0.90,0.91,0.87,0.90,3959
RUCHI INFRA.,20231005,15.00,15.71,14.98,15.71,359386
VJTFEDU     ,20231005,62.00,64.05,62.00,64.05,1112
VOLTAIR LEAS,20231005,11.11,11.11,11.11,11.11,922
NETLINK SOLU,20231005,87.58,87.58,82.37,86.90,4542
LANCOR HOLDS,20231005,37.12,37.76,36.39,37.76,19995
INDIAN INFO.,20231005,2.06,2.06,1.98,2.01,1832743
BANAS FIN.  ,20231005,16.95,18.10,16.77,17.84,322924
VISAKA IND. ,20231005,88.00,90.00,88.00,89.58,20132
HATHWAY BHAW,20231005,19.99,19.99,18.50,18.99,6837
PHOTON CAP  ,20231005,68.32,68.32,65.15,68.32,82
INDAG RUBBER,20231005,135.05,142.95,135.00,135.75,35765
M.M.RUBBER  ,20231005,121.00,124.40,121.00,122.35,1926
PTL LTD     ,20231005,39.62,39.70,38.66,39.22,14059
TVS SRICHAKR,20231005,3430.00,3518.00,3430.00,3480.50,1513
SEL         ,20231005,19.95,19.95,18.96,18.97,2384
BENARES HOT ,20231005,5869.00,5899.95,5750.00,5800.00,137
BHAGWATI OXY,20231005,37.01,38.80,36.10,36.37,1933
BOMOXY-B1   ,20231005,12250.00,12250.00,12200.00,12200.00,19
CRAVATEX    ,20231005,389.00,397.55,384.00,391.65,221
CAPRIHANS   ,20231005,245.90,245.90,232.50,233.00,2726
EMPIRE IND. ,20231005,1099.80,1140.00,1057.00,1126.10,12338
GRAVISS HOSP,20231005,51.11,54.28,51.10,53.63,2090
GARWA.MARINE,20231005,9.05,9.05,8.60,8.60,431
HARDCASTLE  ,20231005,462.95,462.95,440.00,444.55,52
HEG LIMITED ,20231005,1801.95,1815.00,1757.65,1763.45,7335
HIND.COMPOSI,20231005,415.05,417.70,402.00,409.20,818
IND.CARD    ,20231005,253.20,255.25,251.95,252.95,423
INT.CONVEYOR,20231005,81.67,83.02,79.30,82.02,22154
JAYSHRE TEA ,20231005,110.05,112.00,108.00,108.60,16746
MODERN SHARE,20231005,23.50,24.99,22.45,23.34,11063
PREMIER SYN.,20231005,14.99,14.99,14.40,14.83,1312
SHALIMAR PAI,20231005,164.10,164.85,162.20,162.70,8410
SINNAR BIDI ,20231005,502.65,502.65,502.65,502.65,15
HIND MILLS  ,20231005,228.00,229.95,219.10,229.25,551
SUPREM IND  ,20231005,3920.10,3987.05,3836.10,3856.15,3700
THACKER     ,20231005,420.00,421.00,420.00,420.35,15
U.P.HOTELS  ,20231005,890.10,913.90,890.05,898.05,21
VST INDUS.  ,20231005,3403.10,3417.60,3391.10,3399.45,126
SWASTI VINAY,20231005,5.92,6.06,5.92,5.99,39940
MADHUS.SEC  ,20231005,11.97,12.01,11.11,12.01,10160
YAMINI INVES,20231005,0.76,0.76,0.74,0.75,701887
PREMIER CAP.,20231005,4.14,4.14,3.53,3.92,15473
MILGREY FIN ,20231005,29.65,30.85,29.65,30.85,1400
JINDAL DRILL,20231005,645.75,684.95,640.50,657.60,16721
SAKTHI FIN. ,20231005,33.06,35.00,33.00,34.55,30668
JMDVL       ,20231005,27.87,27.90,27.05,27.71,69671
SHIVA TEXYAM,20231005,144.45,144.50,141.20,142.30,547
V.B.DESAI   ,20231005,10.32,10.32,9.41,10.32,302
QUADRANT    ,20231005,1.37,1.37,1.28,1.34,689031
FIRST CUSTO.,20231005,36.41,36.51,36.41,36.51,201
KAMAN HSG   ,20231005,13.36,13.76,13.08,13.61,23314
WSFX        ,20231005,48.01,48.20,48.01,48.16,351
ANJANIFOODS ,20231005,31.20,31.20,28.76,29.33,9986
RKDAGRRTL   ,20231005,5.46,5.46,5.46,5.46,1000
MILLENNIUM  ,20231005,1.81,1.81,1.81,1.81,438
I.C.D.S.    ,20231005,26.80,26.90,26.80,26.90,45
IL & FS INVE,20231005,7.77,7.94,7.77,7.89,26839
SHRIRAM TRAN,20231005,1876.00,1876.00,1823.40,1836.90,16844
BOMTALKIES  ,20231005,4.46,4.46,4.46,4.46,200
IND CEM CAP ,20231005,11.96,12.70,11.59,12.39,2418
AD-MANUM FIN,20231005,45.00,51.99,45.00,48.45,5314
MEHTA I.FIN ,20231005,22.90,22.90,22.90,22.90,100
INTER GLOB F,20231005,30.00,30.60,28.66,30.59,1205
MCLTD       ,20231005,14.21,14.21,14.21,14.21,60
SHRISTINFRA ,20231005,27.00,27.06,27.00,27.00,1260
GUJ.CREDIT  ,20231005,19.51,20.50,19.51,20.50,544
SYLPH TECH  ,20231005,3.79,4.09,3.57,3.85,922728
DHARANI FIN.,20231005,5.55,5.55,5.10,5.55,8165
ALEXANDER   ,20231005,15.35,16.00,14.75,15.47,26504
IND.BANK MER,20231005,36.55,37.50,35.61,35.98,13876
SHRYDUS     ,20231005,30.03,31.25,28.61,30.65,10657
BHARAT BHUSH,20231005,33.00,36.01,30.52,36.01,51973
USHAKIRAN FI,20231005,22.05,22.05,20.00,22.05,130
VIVO BIO TEC,20231005,37.50,37.50,36.90,37.04,18633
VEERHEALTH  ,20231005,20.23,20.49,19.64,19.68,47658
PAN INDIA C ,20231005,2.02,2.11,2.02,2.05,54692
SAHARA HOUSG,20231005,69.65,69.65,69.65,69.65,63
NDA SECURIT.,20231005,27.54,27.54,27.54,27.54,9
GSB FINANCE ,20231005,10.01,10.26,10.01,10.25,289
MORARKA FIN.,20231005,133.00,133.00,124.00,127.05,4601
PRO FIN CAP.,20231005,1.19,1.21,1.16,1.18,3390667
TIMES GUARAN,20231005,68.50,70.25,68.30,69.11,2242
SANCHAY FIN.,20231005,21.61,21.61,21.61,21.61,20
SOMDATT FIN ,20231005,117.65,117.65,117.65,117.65,290
REGENCY TRUS,20231005,1.57,1.63,1.57,1.63,10510
AVONMORE    ,20231005,71.14,72.50,70.01,70.70,2466
LIBORD FIN  ,20231005,6.00,6.00,6.00,6.00,8
YASH MANAGE.,20231005,13.29,13.29,12.40,12.85,2265
ISL CONSULT ,20231005,28.50,28.99,28.50,28.91,2957
R R FINANCE.,20231005,15.01,15.30,15.01,15.25,1271
IMCAP       ,20231005,478.40,478.40,458.00,470.00,1031
SAMBHAAV MED,20231005,3.04,3.19,3.04,3.17,2588
OMEGA INTERA,20231005,104.00,104.00,102.00,104.00,152
SUGAL DAM   ,20231005,18.50,19.08,18.04,19.00,1621
NETTLINX LTD,20231005,90.99,90.99,85.00,87.05,7905
SCANSTL     ,20231005,56.84,58.99,55.90,56.83,539767
MATHEW EASOW,20231005,6.53,7.20,6.53,7.20,2530
AJCON GLOBAL,20231005,29.79,29.79,27.96,29.28,541
STD.CAP.MRKT,20231005,49.86,51.88,49.86,51.88,2385
YOGI        ,20231005,29.00,29.00,26.63,28.61,1603
CUBICAL FIN.,20231005,1.42,1.43,1.42,1.43,87798
RELIC TECHNO,20231005,16.75,17.50,16.75,17.50,501
NIMBSPROJ   ,20231005,32.50,32.50,29.31,31.48,843
BAIDFIN     ,20231005,33.34,33.34,26.73,27.84,426679
KZ LEAS FIN.,20231005,28.42,28.42,28.42,28.42,230
USHDEV INTNL,20231005,1.59,1.59,1.59,1.59,26369
MEHTA HOUSIN,20231005,81.00,82.50,81.00,82.00,160
SHALIB.FINAN,20231005,349.90,351.00,347.00,351.00,3781
ABIRAMI FIN.,20231005,25.96,25.96,25.96,25.96,222
MANSI FINANC,20231005,44.00,44.00,44.00,44.00,2
SEVENHILL   ,20231005,0.63,0.63,0.61,0.62,308455
AASTAFIN    ,20231005,39.50,41.47,37.60,38.03,362
MASTER TRUST,20231005,335.05,349.00,335.05,347.25,4418
EFCIL       ,20231005,239.80,243.50,232.00,243.50,21356
CNI RES LTD ,20231005,2.15,2.22,2.11,2.18,40962
SARASW.COMM.,20231005,2722.00,2799.85,2722.00,2740.00,32
TCC         ,20231005,75.34,75.34,75.34,75.34,1
ROYAL IND   ,20231005,3.02,3.02,3.02,3.02,14932
LUHARUKA    ,20231005,4.10,4.10,3.94,4.00,249331
VISVEN      ,20231005,99.00,99.00,94.25,99.00,165
DECCANGOLD  ,20231005,92.00,94.00,89.05,91.25,73526
CRANES SOFTW,20231005,7.09,7.09,6.43,6.43,718315
SAICOM      ,20231005,0.48,0.54,0.48,0.52,2602223
NIDHI GRANIT,20231005,74.00,74.00,74.00,74.00,100
SIGNET IND  ,20231005,58.80,62.00,57.65,59.58,34431
ADVANCE TECH,20231005,1.94,1.94,1.88,1.88,4301977
ABANSENT    ,20231005,179.90,179.90,171.00,173.65,69
VAMA INDS   ,20231005,4.59,4.60,4.33,4.58,38751
SUNTECK REAL,20231005,423.60,446.35,423.60,444.65,31478
SILVEROAK   ,20231005,2.06,2.16,2.06,2.16,5753
STEPHANOTIS ,20231005,44.59,44.59,44.59,44.59,1502
PRISM MEDI  ,20231005,27.30,27.47,25.50,25.96,6366
VERITAS     ,20231005,230.00,235.15,228.60,229.70,7469
ASHIRWAD CAP,20231005,3.88,3.88,3.74,3.79,60840
SVARTCORP   ,20231005,2.89,2.96,2.85,2.92,98381
MEDIA MATRIX,20231005,24.89,24.89,24.13,24.68,49753
NNTL        ,20231005,12.05,12.05,12.05,12.05,218
CHAMBAL BREW,20231005,3.10,3.10,3.00,3.00,1084
KRL         ,20231005,6234.35,6234.35,6234.35,6234.35,15
ARAVALI SEC.,20231005,4.06,4.06,4.06,4.06,456
CRESSANDA SO,20231005,23.80,23.85,22.99,23.13,4765105
SHARDUL SECU,20231005,105.40,105.40,100.60,101.00,101
SERA        ,20231005,10.71,11.02,10.30,10.87,80135
NIRAV COMMER,20231005,430.00,448.00,430.00,439.00,4
APOLLO FIN I,20231005,497.30,513.75,497.25,497.30,508
ENBEE TRADG.,20231005,16.50,17.22,16.00,16.88,135589
GANONPRO    ,20231005,15.50,16.24,15.25,15.95,5159
SHRI JAGDAMB,20231005,689.30,689.30,660.00,674.10,1029
LLOYDS MET E,20231005,553.05,565.00,546.75,549.60,27711
SHREE GLOBAL,20231005,33.45,33.99,33.00,33.46,894240
BETEX INDIA ,20231005,130.90,143.50,130.90,142.90,2228
POLYTEX(P)  ,20231005,3.10,3.21,3.10,3.10,80
DHANAL.COTEX,20231005,63.15,68.93,63.15,68.93,352
OASIS SECUR.,20231005,101.85,101.85,93.60,101.80,263
GARNET INTL ,20231005,42.64,42.64,41.00,41.27,11859
SHALIMAR PRO,20231005,0.49,0.49,0.49,0.49,142069
SUPER SAL IN,20231005,1100.00,1155.00,1100.00,1144.75,950
KOHINORFOODS,20231005,34.33,34.80,34.33,34.69,3935
NEELKANTH   ,20231005,56.10,56.10,56.08,56.08,1432
ZODIAC JRD  ,20231005,63.92,67.12,63.92,67.12,13956
SITA ENTER. ,20231005,24.88,24.89,23.35,23.52,1721
PULSAR INTL.,20231005,70.55,73.40,70.30,73.00,432
UNIMODE OVER,20231005,144.75,144.75,144.75,144.75,35
KEYFINSER   ,20231005,108.55,113.10,107.55,112.05,525
ADANI ENTER ,20231005,2480.95,2487.00,2446.65,2466.45,52786
HARIA EXPORT,20231005,4.69,4.69,4.32,4.55,2155
RLF LIMITED.,20231005,5.82,6.42,5.82,6.42,9223
REGENTRP    ,20231005,3.37,3.37,3.16,3.33,127769
ORBIT EXPORT,20231005,170.15,172.00,169.00,169.20,5401
SAVERA IND  ,20231005,85.00,85.00,82.20,84.89,2271
VBC FERRO   ,20231005,38.00,39.79,38.00,38.90,993
REMI EDEL   ,20231005,41.95,43.20,40.83,42.91,3428
G.S.AUTO INT,20231005,21.08,22.00,21.00,21.48,15837
TRANSFREIGHT,20231005,20.51,21.38,20.51,21.38,525
SHIV.BIMETAL,20231005,525.75,527.00,518.00,523.60,6181
AMFORGE IND.,20231005,8.29,8.29,8.29,8.29,7375
ABC GAS INT ,20231005,58.00,59.89,55.00,56.35,3649
ACROW INDIA ,20231005,839.90,839.90,778.20,779.90,181
STL STR INF ,20231005,23.21,24.00,22.70,22.70,513
PENNAR STEEL,20231005,108.80,109.10,105.75,106.30,34432
JYOTI STRUCT,20231005,15.69,15.69,15.60,15.69,1941819
JAY USHIN   ,20231005,795.30,830.00,771.00,811.25,1072
ST.STR.WHEEL,20231005,283.05,288.70,280.30,285.50,41607
MAN IND.(I) ,20231005,188.50,194.55,188.50,193.25,21327
MODERN STEEL,20231005,19.35,19.35,18.03,18.40,15317
SYNTHIKO FOI,20231005,113.30,113.30,113.20,113.20,132
GOLKONDA    ,20231005,15.00,15.44,14.25,14.61,342
GUJ.TOOLROOM,20231005,23.95,23.95,23.95,23.95,68251
COCHIN MIN. ,20231005,256.90,257.70,250.00,251.35,11772
ISW LTD     ,20231005,2.17,2.22,2.15,2.17,167325
KVFORGE     ,20231005,57.22,62.14,57.20,57.93,4788
CARBORUNDUM ,20231005,1191.95,1193.65,1169.35,1190.75,3573
MINERAL&METL,20231005,59.06,59.70,57.75,58.43,351919
VALLABH STEL,20231005,8.31,8.31,8.30,8.30,61
ASHIANA ISP.,20231005,37.89,37.89,35.81,35.87,2670
PM TELELINN ,20231005,6.35,6.35,6.10,6.10,6998
SMFIL       ,20231005,4.73,4.73,4.44,4.53,9433
BLOOM INDUST,20231005,23.70,23.70,21.80,22.70,1943
MAITRI      ,20231005,23.47,23.47,23.47,23.47,100
TATA METALIK,20231005,948.15,948.15,933.10,937.55,4434
ELANGO INDUS,20231005,9.96,9.96,9.50,9.96,527
KANISHK ST. ,20231005,29.52,29.52,26.72,28.39,21291
MAHALAXMI SM,20231005,6.85,7.19,6.85,7.19,655
SIMPLEX CAST,20231005,55.50,55.50,53.16,53.16,2868
SH.STEEL WIR,20231005,36.96,36.96,35.70,36.90,627
SOUTH.MAGNES,20231005,165.50,165.50,165.50,165.50,8303
BARODA EXTR.,20231005,2.94,2.97,2.80,2.84,96897
GUJ.CONTAIN.,20231005,180.00,188.00,180.00,188.00,200
KALYANI FORG,20231005,473.20,473.20,473.15,473.15,1959
PANCH.STEEL ,20231005,140.25,145.90,139.25,142.65,1092
ADITYA ISPAT,20231005,9.05,9.10,9.05,9.05,1536
STEELCAST   ,20231005,689.05,689.05,660.10,664.85,1873
GLITTEK GRAN,20231005,3.28,3.44,3.15,3.44,19491
PRADEEP MET.,20231005,154.00,156.00,149.00,149.90,18853
GNRL        ,20231005,15.79,15.80,15.15,15.25,25638
SHARDA ISPAT,20231005,150.00,150.20,150.00,150.20,179
NOVA IRON&ST,20231005,18.95,19.70,18.95,19.70,3429
STERPOW     ,20231005,16.99,16.99,16.50,16.50,1379
HIND.COPPER ,20231005,158.35,158.35,153.10,153.75,303831
TULSYAN NEC ,20231005,77.91,77.91,77.91,77.91,8267
AXEL POLYMER,20231005,49.05,49.95,47.34,49.95,2603
SPECTRA IND.,20231005,4.05,4.26,4.05,4.05,2310
KIC METALIKS,20231005,58.11,64.50,58.11,59.76,22170
SOLID STONE ,20231005,39.90,42.80,37.26,37.82,31082
SHILP GRAVUR,20231005,128.20,129.80,126.10,127.65,45914
WHITEORG    ,20231005,7.36,7.60,7.21,7.33,33009
MFSINTRCRP  ,20231005,14.21,15.60,14.21,15.39,3665
HGIND       ,20231005,199.70,199.70,191.00,192.20,2362
HIM.FIBRES  ,20231005,12.10,12.10,12.10,12.10,2041
RAJKAMAL SYN,20231005,27.70,27.70,25.20,26.00,2727
DEEPAK SPINN,20231005,241.00,249.95,241.00,242.25,2804
LOY.TEX MILL,20231005,632.05,646.00,626.00,627.80,136
HIMAT.SEIDE ,20231005,135.60,135.60,131.70,132.30,18861
BSL LTD.    ,20231005,175.80,187.10,175.80,182.05,1407
EVERTEX     ,20231005,20.55,21.94,19.86,21.59,1700
PBM POLYTEX ,20231005,103.05,103.90,100.50,101.40,4765
ADHINATH TEX,20231005,28.35,29.17,26.51,29.17,8563
KONARK SYN. ,20231005,10.49,11.48,10.49,10.52,1188
SURYALATA SP,20231005,549.45,550.60,525.60,533.80,1216
SURYAVA SPIN,20231005,24.50,24.50,23.53,24.24,481
TT LTD.     ,20231005,91.88,95.00,80.00,92.71,5620
WELSPUN (I) ,20231005,118.55,121.70,117.60,118.00,101743
IND.ACRYLICS,20231005,12.00,14.35,12.00,14.23,2403107
CEETA IND.  ,20231005,30.00,32.00,30.00,30.00,1569
VARDHMAN POL,20231005,52.00,53.45,50.82,50.82,5011
BLACKROSE   ,20231005,145.00,145.00,141.15,142.00,8789
ST CORP     ,20231005,35.77,35.77,35.77,35.77,17984
BINNY LTD.  ,20231005,237.90,268.00,233.05,259.20,92534
RAMGOPAL POL,20231005,5.36,5.54,5.10,5.29,540
SANGAM INDIA,20231005,360.65,365.00,356.00,360.70,12792
MKVENTURES  ,20231005,1241.70,1241.90,1208.05,1224.70,722
KUSHIND     ,20231005,5.81,5.95,5.81,5.94,1416
SREECHEM RES,20231005,40.40,44.62,40.40,44.60,1500
SEASONS TEXT,20231005,13.99,13.99,13.15,13.27,6276
ZENITH FIBRE,20231005,71.34,71.34,67.55,68.03,704
BHILWARA SP.,20231005,67.77,67.77,65.00,67.74,5841
SANRHEA TECH,20231005,70.50,70.50,68.25,70.00,299
VIPPY SPIN. ,20231005,144.90,148.25,141.25,142.10,611
JAY HIND SYN,20231005,17.31,18.15,17.25,18.09,1108
RAGHUVIR SYN,20231005,111.75,115.00,111.75,112.95,6762
KAMADGIRI   ,20231005,120.80,126.00,120.80,126.00,511
PATSPIN INDI,20231005,11.30,11.30,10.70,11.15,16396
ONEGLOBAL   ,20231005,50.02,52.00,47.60,47.98,2512
NEOINFRA    ,20231005,13.96,13.96,12.64,13.90,271
WINSOME YRN ,20231005,7.37,7.37,7.37,7.37,240
PREMIER POLY,20231005,108.00,110.25,108.00,110.25,819
EVERFIN     ,20231005,61.89,63.00,61.89,61.90,4480
KRRAIL      ,20231005,808.95,822.25,783.20,822.25,40436
YARN SYNDICA,20231005,32.41,32.41,32.40,32.40,6884
GUJ COTEX   ,20231005,3.20,3.89,3.20,3.45,106206
GARWARE SYN.,20231005,11.79,11.79,11.79,11.79,30
SARUPINDUS  ,20231005,26.91,26.91,26.91,26.91,67
HINDU.ADHESI,20231005,270.00,278.95,265.10,277.65,2967
SRI KPR IND ,20231005,18.20,18.20,17.80,17.92,1775
JYOTI RESINS,20231005,1688.00,1688.00,1648.00,1656.65,7064
MAHA.RUBTECH,20231005,193.00,209.05,193.00,200.40,72045
SOUTH.LATEX ,20231005,16.95,16.95,15.35,15.35,501
WIMSOME TEXT,20231005,63.80,64.60,62.30,62.74,7121
MOD.INSUL.  ,20231005,90.47,91.50,83.00,89.53,194998
REG.CERAMIC ,20231005,36.12,36.12,36.12,36.12,5877
MURD.CERAM  ,20231005,45.66,56.86,45.66,56.55,303816
SAINT-GOBAIN,20231005,115.90,116.95,114.00,114.20,49272
MADHUS.IND. ,20231005,73.40,73.40,73.40,73.40,4509
RESTILE CER.,20231005,3.60,3.61,3.60,3.60,1246
MADHAV MARB.,20231005,45.40,51.45,45.40,50.38,4582
RAMASIGNS   ,20231005,3.00,3.00,3.00,3.00,17359
HIND.NAT.GLS,20231005,12.93,14.29,12.93,14.29,304752
HALDYN GLASS,20231005,118.85,129.00,118.50,123.85,405188
DUROPLY     ,20231005,187.00,187.00,179.00,182.20,6469
SHREYANS IND,20231005,240.00,240.00,235.15,239.00,4252
AGIO PAPER  ,20231005,3.80,3.80,3.75,3.75,87
PAKKA       ,20231005,232.70,236.50,228.20,230.10,19857
VISHNU CHEM ,20231005,339.95,339.95,331.00,334.75,22779
JUMBO BAG   ,20231005,26.72,26.72,25.50,25.58,9187
N.R.AGARWAL ,20231005,374.55,400.00,358.50,365.10,4549
SANGAL PAPER,20231005,187.00,194.00,187.00,191.80,736
SH.KARTHIK P,20231005,9.00,9.00,8.56,8.56,1244
S.I.PAPER   ,20231005,106.70,109.40,106.65,107.20,3077
FAMILYCARE  ,20231005,7.25,7.25,7.19,7.19,106476
VINDHYA TELE,20231005,2239.90,2286.00,2236.35,2277.65,1277
RIR         ,20231005,704.80,704.80,656.00,670.10,11666
JETINFOTRAN ,20231005,47.05,47.05,47.05,47.05,1310
APLAB LTD.  ,20231005,66.00,66.84,66.00,66.84,5227
PCS TECH    ,20231005,14.47,14.47,13.52,14.07,11814
USHA MART.LT,20231005,339.00,344.70,335.30,336.50,8173
SPEL SEMICON,20231005,57.44,57.44,54.50,56.40,41814
SUBROS LTD. ,20231005,388.95,389.60,384.80,385.45,1511
EDVENSWA    ,20231005,39.05,41.20,39.05,40.15,29763
HONEYWELL   ,20231005,39518.25,39518.25,39178.10,39250.60,49
SWITCH.TECH.,20231005,49.90,50.89,49.90,50.89,85
CALCOM VISIO,20231005,153.80,154.00,148.10,150.70,3721
DYNAVISION  ,20231005,151.00,158.45,150.05,157.85,205
BCC FUBA    ,20231005,72.27,72.27,72.27,72.27,5788
PRECISION EL,20231005,47.72,47.73,47.72,47.73,452
FINELINE CI ,20231005,69.40,69.40,68.95,68.95,229
HBL P SYS   ,20231005,280.10,281.60,273.05,277.65,173571
S&S POWER SW,20231005,108.15,108.15,108.15,108.15,607
GUJARATPOLY ,20231005,77.00,87.00,73.00,86.00,180958
GUJ.IND.POW.,20231005,139.70,147.50,139.25,145.95,218394
MINDTECK (I),20231005,170.00,181.00,170.00,177.05,57735
HAVELLSINDIA,20231005,1386.00,1425.35,1386.00,1410.50,13497
ACI INFOCOM ,20231005,1.22,1.24,1.22,1.24,462921
SBEC SYSTEMS,20231005,21.35,21.97,21.35,21.97,2924
INCAP LTD.  ,20231005,39.85,41.80,38.35,38.41,1553
GUJ.INTRUX  ,20231005,252.00,252.00,240.15,248.30,3398
IGARSHI MOT ,20231005,620.05,623.90,615.05,617.45,2469
VINTRON INF.,20231005,4.93,4.93,4.54,4.66,52831
PAN ELECTR. ,20231005,29.95,31.50,29.95,30.65,199
VXL INSTRUM.,20231005,6.25,6.25,6.24,6.24,498
LEE&NEE SOFT,20231005,7.85,7.90,7.72,7.88,13469
PATEL AIRTEM,20231005,376.55,386.60,367.65,381.60,21431
BFLYGANDHI  ,20231005,1234.35,1234.35,1213.90,1225.90,57
ATHENAGLO   ,20231005,64.50,66.99,61.50,65.00,4577
DUTRON POLY.,20231005,152.05,159.95,152.05,158.95,190
R.S.SOFTWARE,20231005,50.92,50.92,50.92,50.92,6632
MAGNA ELECTR,20231005,512.00,520.00,500.80,500.80,1744
MARSONS     ,20231005,6.18,6.18,5.61,5.74,32275
ELNET TECH. ,20231005,265.90,265.90,242.55,248.15,6790
ACCEL       ,20231005,20.50,21.00,20.20,20.37,11368
ROTO PUMPS  ,20231005,353.05,359.00,351.00,351.30,3789
TTK PRESTIGE,20231005,790.35,790.40,777.10,779.00,719
DHINDIA     ,20231005,74.97,88.96,74.97,88.96,338931
RAJ GLO WIR ,20231005,765.00,768.70,747.40,750.95,4429
SURANATP    ,20231005,11.44,11.86,11.42,11.63,16421
ONWARD TECHN,20231005,544.40,549.65,540.50,545.25,986
ALFA TRANSFO,20231005,61.62,61.62,61.40,61.40,19648
NHCFOODS    ,20231005,42.02,43.69,41.20,41.56,16177
PVP VENT LTD,20231005,12.16,12.24,11.91,12.24,197663
TRIGYN TECH ,20231005,119.45,125.10,119.20,124.55,11563
KEI INDUST. ,20231005,2660.05,2734.40,2620.85,2699.00,15108
IMPPOWERS   ,20231005,5.00,5.00,5.00,5.00,90
KEERTHI     ,20231005,137.00,137.00,133.50,136.75,100
BHEEMA CEM  ,20231005,27.85,27.85,26.24,27.76,52334
SURAJ PRODUC,20231005,284.80,284.80,263.90,268.90,5220
ANJANI PORTL,20231005,182.65,183.05,182.10,183.00,636
MODINATURAL ,20231005,304.00,339.00,304.00,335.80,45266
PRASANT IND.,20231005,11.72,11.72,11.72,11.72,3
SHAH FOOD(P),20231005,177.00,179.65,166.60,167.10,462
KHANDEL. EXT,20231005,65.75,66.00,63.90,64.50,222
RITESH INTER,20231005,36.20,37.50,35.06,36.80,2327
HIND.FOODS  ,20231005,543.05,547.20,533.25,540.35,21068
NAHAR INDUST,20231005,139.70,141.55,137.55,139.95,2743
VADILAL ENT ,20231005,3759.00,3759.00,3759.00,3759.00,1
ASHIANA AGRO,20231005,11.96,11.96,11.96,11.96,2558
RGRL        ,20231005,8.74,8.74,8.28,8.29,3295
WILLIAM.FIN.,20231005,5.15,5.15,5.15,5.15,6
AJANTA SOYA ,20231005,34.91,35.64,34.50,35.15,131287
WILLIAM.MAGO,20231005,29.36,29.51,28.56,28.71,4723
SIEL        ,20231005,46.47,46.47,42.24,43.27,920
SAPTARISHI A,20231005,15.68,16.80,15.51,16.60,4493
SARDA PROT. ,20231005,41.00,45.00,40.95,40.96,3255
PRIMA AGRO L,20231005,27.55,27.66,27.00,27.65,6029
MADHUR IND  ,20231005,4.69,4.69,4.69,4.69,8496
TARAI FOODS ,20231005,5.14,5.14,4.90,5.14,1401
MODERN DAIRI,20231005,20.19,20.19,19.50,19.99,30647
BAMBINO AGRO,20231005,352.40,352.40,337.70,348.00,930
PRIME INDS. ,20231005,155.45,155.45,155.45,155.45,25342
VSF PROJ    ,20231005,53.30,53.30,52.00,53.27,4883
BANSISONS TE,20231005,4.94,4.94,4.94,4.94,400
POONA DAL   ,20231005,61.95,66.99,56.10,58.12,6810
TRANSGL.FOOD,20231005,83.00,83.07,83.00,83.07,2
SHARAT INDUS,20231005,47.00,47.90,46.25,47.86,13700
KSE LIMITED ,20231005,1639.75,1645.95,1610.30,1633.40,642
NARBADA     ,20231005,57.00,57.00,53.30,54.84,2624
VIRAT CRANE ,20231005,42.00,44.00,42.00,43.87,15699
IB INFOTECH ,20231005,92.10,92.10,92.10,92.10,60
AMBARPIL    ,20231005,204.90,204.90,196.00,203.00,293
CHORDIA FOOD,20231005,84.32,84.58,80.61,82.00,1358
TAI INDUST. ,20231005,38.15,38.97,37.63,38.50,882
BKV INDUSTRS,20231005,9.50,10.09,9.50,10.00,3498
NCC BLUE WAT,20231005,8.03,8.43,8.03,8.43,900
NORBEN TEA  ,20231005,13.01,13.38,13.01,13.30,6819
ASIAN TEA   ,20231005,13.03,13.55,13.03,13.29,18603
SIMRAN FARMS,20231005,126.90,126.90,122.00,125.10,5566
HIND.AGRIGEN,20231005,41.63,41.63,41.63,41.63,700
SURYO FOODS ,20231005,12.59,12.59,12.59,12.59,1221
INTEG.PROEIN,20231005,13.63,13.63,13.63,13.63,1
OMAX AUTOS. ,20231005,58.55,59.05,57.10,58.84,2849
MUNJAL SHOWA,20231005,143.80,143.90,141.50,143.10,2577
TVSHLTD     ,20231005,5449.10,5499.00,5325.00,5435.00,197
MUNAUTO     ,20231005,55.26,56.78,55.26,56.55,3714
JAYBH.MARUTI,20231005,271.45,272.15,266.05,267.90,1408
RACLGEAR    ,20231005,1165.00,1199.90,1165.00,1195.55,5064
SAMKRG PIST.,20231005,143.90,143.90,142.00,143.00,1911
RATNAMNI MET,20231005,2592.60,2608.80,2570.40,2585.30,2300
VESUVIUS IND,20231005,3084.85,3090.00,3061.80,3089.30,105
AUTOMOTIVE S,20231005,410.25,420.00,410.25,413.60,1710
ARCEE INDUST,20231005,6.15,6.20,6.15,6.20,1109
ABC INDIA   ,20231005,88.05,92.94,88.05,92.50,56
BALURGHAT TE,20231005,16.29,16.97,16.00,16.68,11500
COASTAL ROAD,20231005,21.00,21.00,21.00,21.00,100
SIBAR AUTO  ,20231005,8.33,8.33,7.99,8.29,1593
SHREY SH LOG,20231005,368.20,374.35,357.70,360.25,10532
STARLOG     ,20231005,29.41,29.41,29.41,29.41,5228
TITANIN     ,20231005,56.95,56.95,56.95,56.95,34319
EUROTEX IND ,20231005,11.25,11.25,11.25,11.25,1
INDO COUNT  ,20231005,223.65,224.70,219.15,222.75,12261
MARAL OVERS ,20231005,77.95,77.95,74.05,75.69,1192
SOMA TEXTILE,20231005,18.38,18.75,18.38,18.70,2096
ADV LIFESTY ,20231005,107.80,112.20,107.80,112.20,8365
KAKATIYA TEX,20231005,28.53,29.46,28.53,28.64,447
OCTAVE      ,20231005,1.72,1.87,1.72,1.87,12150
PASARI SPIN ,20231005,7.11,7.11,6.85,7.09,873
SPENTEX INDS,20231005,2.22,2.22,2.15,2.15,3767
AMARJOTHI SP,20231005,157.00,159.95,157.00,159.65,2323
OLYMPIA IND.,20231005,81.25,81.25,76.00,76.91,1638
NAGREEKA EXP,20231005,59.60,59.60,54.25,55.52,14937
SUDITI IND. ,20231005,15.85,17.79,15.85,16.44,3587
SBFL        ,20231005,20.00,20.49,19.75,20.49,5232
EUREKA IND. ,20231005,3.66,3.66,3.66,3.66,6584
ADITYA SPIN.,20231005,22.50,22.90,22.30,22.54,1275
PRIME URBAN ,20231005,8.11,8.95,8.11,8.95,567
DHANLXMI FAB,20231005,48.51,50.51,46.85,49.00,3115
SRI LAK.SAR.,20231005,35.50,40.40,35.50,38.37,1118
ZODIAC CLOTH,20231005,139.95,143.95,133.65,135.05,8590
SRI RAMK.MIL,20231005,27.00,28.00,27.00,28.00,2894
SUPER SPIN. ,20231005,7.87,8.00,7.77,7.86,17987
UNITED TEXT.,20231005,12.88,12.88,12.87,12.88,757
SIL INVEST  ,20231005,324.80,324.80,314.65,317.20,1278
SURYLAK.COTT,20231005,69.95,71.50,68.50,70.60,8690
SAMTEX FASH.,20231005,2.28,2.37,2.27,2.28,62663
CITYMAN     ,20231005,20.44,20.44,20.40,20.40,3
DHAN ROTO SP,20231005,101.75,105.90,101.75,104.00,1121
SANBLUE     ,20231005,31.78,31.78,29.64,31.78,806
UNI ROYAL IN,20231005,16.75,18.00,16.75,17.94,1454
TATIA GLOB  ,20231005,3.18,3.18,3.18,3.18,179184
SAMBANDAM SP,20231005,175.00,175.50,157.00,171.20,230
KANDAGIRI SP,20231005,15.40,15.40,14.35,14.35,750
PARAS PETRO ,20231005,1.68,1.68,1.68,1.68,35066
KITEX GARMEN,20231005,208.55,209.10,204.30,206.60,4394
CRANEX LTD. ,20231005,38.15,39.14,38.00,38.98,7116
BATLIBOI LTD,20231005,76.79,77.20,73.52,76.50,14269
AUSTIN ENGG.,20231005,152.00,162.00,152.00,155.65,2950
UNITED DRILL,20231005,237.95,239.00,232.20,233.40,1619
FLUIDOMAT   ,20231005,309.00,311.50,309.00,311.50,1879
EMA INDIA   ,20231005,19.25,21.26,19.25,21.26,1248
WINDSOR MACH,20231005,74.19,74.19,74.19,74.19,5285
SHANTHI GEAR,20231005,450.55,451.85,443.95,445.45,1309
MIVEN MACHIN,20231005,25.63,25.63,25.63,25.63,1334
UV DER HORST,20231005,186.00,194.60,185.95,190.00,421
KILBURN ENGG,20231005,177.70,187.35,172.00,187.35,384839
BIRLA PRETEC,20231005,44.90,47.69,44.90,46.45,110109
YUKEN INDIA ,20231005,758.90,758.95,700.00,714.05,1704
TIMKEN (I)  ,20231005,3100.15,3100.15,3048.55,3052.65,1001
VOITH PAPER ,20231005,1690.00,1720.00,1672.20,1689.95,1723
ARTSON ENG  ,20231005,160.50,160.50,158.00,158.00,46377
SOLITAIR MC ,20231005,54.01,56.00,53.55,56.00,2294
DIACABS     ,20231005,41.42,41.42,41.42,41.42,2
INDSIL HYD  ,20231005,53.50,53.50,49.80,52.07,103909
ITL INDUSTRS,20231005,301.00,304.40,278.00,292.30,115055
FRONTIER SPR,20231005,659.00,674.80,652.00,660.30,970
PRAJ IND.LTD,20231005,578.00,585.00,569.65,571.15,108180
RASANDIK ENG,20231005,96.80,97.00,87.10,91.28,1598
YOGI SUNGWON,20231005,3.83,4.00,3.83,4.00,4651
TANEJA AERO.,20231005,243.40,247.00,239.05,241.60,21378
CONART ENG. ,20231005,61.92,61.92,56.05,57.23,22309
MINAL IND   ,20231005,5.04,5.04,5.04,5.04,22671
SHIVAGRICO  ,20231005,25.50,25.50,23.29,23.35,870
M.M.FORGINGS,20231005,882.35,882.80,867.90,874.25,756
IYKOT HITEC ,20231005,25.99,25.99,25.49,25.49,27
MAYUR UNIQ. ,20231005,546.90,568.70,545.00,559.85,10138
CENLUB INDUS,20231005,404.80,408.75,395.00,401.00,22181
RAJOO ENGIN.,20231005,83.99,85.50,83.50,85.50,42872
DOLPHIN OFF.,20231005,409.05,409.05,409.05,409.05,4
VEEJAY LAKSH,20231005,34.30,35.69,34.30,35.69,3
RAM RAT.WIRE,20231005,268.85,275.15,267.05,270.90,3271
KPIL        ,20231005,655.90,660.00,642.00,649.00,6574
NMSRESRC    ,20231005,54.95,54.95,54.95,54.95,1597
CANDOUR     ,20231005,37.75,37.75,34.77,36.97,33607
T & I GLOBAL,20231005,198.70,205.60,195.00,198.55,1089
BEMCO HYDRAU,20231005,760.00,768.00,745.00,746.60,5006
ANSAL BUILD.,20231005,81.00,81.70,79.00,80.38,3466
WEIZMANN LTD,20231005,106.10,113.65,106.10,109.00,4373
B.N.RATHI SE,20231005,82.39,82.39,76.00,76.89,52417
RISHITECH   ,20231005,33.80,34.60,33.21,33.38,11573
SINCLAIR HOT,20231005,159.20,166.25,159.20,162.30,66471
SAFARI IND. ,20231005,4325.00,4373.20,4240.00,4282.00,6666
JJ FINANCE  ,20231005,19.15,19.15,19.15,19.15,32
COSMO FERR. ,20231005,253.10,265.65,253.10,265.65,11055
FUTURA SEC. ,20231005,22.12,22.12,22.00,22.00,11
ADOR MULTI. ,20231005,32.10,32.56,31.17,32.00,2852
MEDI CAPS   ,20231005,42.19,42.57,40.05,41.92,29045
OTCO INTERN.,20231005,5.20,5.65,5.20,5.65,3282
MORGAN CRU  ,20231005,1342.00,1345.00,1301.40,1330.00,1633
BA PACK     ,20231005,192.60,199.90,191.05,198.45,483
SRM ENERGY  ,20231005,5.94,5.94,5.94,5.94,5741
BHARAT SEATS,20231005,123.00,125.80,121.50,122.15,8775
CONT.PETRO  ,20231005,48.20,49.98,48.20,49.54,2333
NB FOOT WEAR,20231005,3.64,3.64,3.64,3.64,2000
MACHINO PLAS,20231005,171.55,171.55,171.55,171.55,266
PEARL POLYME,20231005,26.22,26.89,25.66,26.73,26200
VENKEY'S (I),20231005,1994.00,1994.00,1960.00,1968.75,3264
G.V.FILMS   ,20231005,0.53,0.53,0.51,0.52,942610
RAMA VISION ,20231005,61.98,61.98,59.01,61.00,1803
SHRIGANG IND,20231005,141.70,144.15,131.70,138.05,33793
KOVAI MEDI. ,20231005,2575.90,2602.75,2560.60,2596.15,266
ELDECO HOUS.,20231005,701.65,709.95,698.50,707.95,84
DCM SHR.IND ,20231005,140.40,142.40,138.00,138.60,34075
MAWANA SUGAR,20231005,109.80,110.25,107.55,108.15,6876
MINI DIAMOND,20231005,18.33,19.25,18.33,19.00,1719
MAH.RAS.APEX,20231005,137.45,139.95,135.00,138.60,491
NILKAMAL L  ,20231005,2285.00,2300.00,2274.30,2282.15,203
JM FINANCIAL,20231005,85.49,87.11,83.70,86.31,77383
ADCINDIA    ,20231005,709.00,717.00,702.00,705.80,1855
TAMIL.TELE. ,20231005,8.00,8.05,7.74,8.04,11543
SUNRAJ DIAM.,20231005,7.05,7.05,6.88,7.05,740
REL INDL INF,20231005,947.85,993.00,947.85,979.65,43332
SHARP INDIA ,20231005,50.30,51.00,50.02,50.14,9419
IND.BANK HSG,20231005,38.48,38.48,35.20,36.83,6117
JAIMATA GLAS,20231005,1.65,1.71,1.58,1.66,126121
LOTUS CHOC  ,20231005,321.95,321.95,306.00,310.05,11025
PACIFIC IND.,20231005,141.35,143.75,141.10,143.75,5913
CMM HOSPITAL,20231005,27.55,28.75,27.55,28.69,2739
UNI OFF AUTO,20231005,4.70,4.70,4.70,4.70,31
APM INDUS.  ,20231005,50.44,50.80,49.00,50.38,12639
PRECISION WR,20231005,128.90,132.30,127.45,131.40,99403
KRYPTON IND ,20231005,24.12,24.50,23.25,24.23,14375
SWISSMLTRY  ,20231005,18.35,18.55,18.00,18.24,123190
MARTIN BURN ,20231005,38.51,41.95,38.51,41.31,2422
IND.TONERS  ,20231005,281.75,289.00,276.15,285.40,6452
KUNSTSTOFFE ,20231005,25.19,25.19,24.00,24.39,833
SHIPP.CORPN ,20231005,141.95,155.65,141.00,150.40,1370864
SIKA INTER. ,20231005,1000.00,1020.00,978.25,993.10,1957
ITI LTD.    ,20231005,196.95,199.35,192.05,194.10,149245
PHARMASIA   ,20231005,29.17,29.17,26.45,28.26,385
PODDAR      ,20231005,112.50,114.30,108.60,112.00,2576
NATIONAL FER,20231005,70.37,71.50,69.85,70.29,180290
IP RINGS LTD,20231005,137.10,141.70,137.10,141.30,171
PI INDUS.LTD,20231005,3385.05,3417.35,3368.80,3385.25,7245
PLASTIBLEND ,20231005,230.50,233.05,221.35,226.10,1774
YASHINNO    ,20231005,29.89,29.89,29.89,29.89,389
KKPLASTICK  ,20231005,15.40,15.40,15.20,15.20,21
FLEX FOODS  ,20231005,104.00,104.65,100.15,103.80,23285
GOLKUNDA DIA,20231005,102.75,107.15,102.50,104.80,4625
FORTIS MLR  ,20231005,57.75,57.75,55.85,55.92,5562
MASTEK LTD  ,20231005,2417.05,2477.10,2379.65,2393.55,6584
SAYAJI HOTEL,20231005,307.95,307.95,284.05,298.50,1521
ECO BOARD IN,20231005,24.70,26.50,24.70,26.48,3511
TIHIL       ,20231005,19.48,19.48,18.21,19.24,5512
MITSHI      ,20231005,24.19,24.19,24.18,24.18,1812
SHUKRA JEW  ,20231005,4.02,4.02,4.02,4.02,200
MAZDA LTD   ,20231005,1140.00,1159.70,1124.50,1142.25,1176
SOVEREIGN DI,20231005,23.25,23.95,22.75,23.75,1193
MENON BEAR. ,20231005,151.25,153.45,147.35,150.40,6008
MUKAT PIPES ,20231005,7.53,7.53,7.39,7.50,2581
SIMPLX INFRA,20231005,61.15,61.15,60.72,60.72,3469
INN.TECH.PAC,20231005,22.00,22.00,21.26,21.55,5491
SUPER TANNER,20231005,8.89,9.08,8.60,8.77,298065
CONSTRONIC  ,20231005,14.44,14.45,14.20,14.30,1984
AXTEL INDUS.,20231005,505.00,515.45,501.50,504.50,16001
PIFL        ,20231005,10.00,10.00,9.70,9.70,1001
PRECI CONTNR,20231005,1.51,1.51,1.48,1.49,3297
APIL        ,20231005,31.99,31.99,29.02,30.09,1591
HIND.FLUROCA,20231005,14.25,14.46,13.75,14.36,4832
PATIDAR     ,20231005,5.27,5.27,5.27,5.27,1
RAMA PHOSPH ,20231005,233.70,247.70,232.00,238.20,3183
VENLON ENTR ,20231005,4.71,5.09,4.71,5.00,2125
HAR.LEATHER ,20231005,47.95,47.95,45.50,46.95,993
KABRA EXTR  ,20231005,448.30,448.30,440.25,440.65,1208
VINYL CHEM  ,20231005,454.80,457.05,448.95,451.35,2076
PEE CEE COSM,20231005,400.00,400.50,399.95,399.95,1538
T C M LTD.  ,20231005,38.00,42.99,37.06,42.56,78050
KESAR PETRO ,20231005,7.45,7.47,7.45,7.45,85941
VINATI ORG. ,20231005,1866.95,1876.75,1856.00,1863.35,1550
LACTOSE(I)  ,20231005,62.10,65.00,62.10,64.90,14873
TEESTA AGRO ,20231005,114.90,115.76,109.46,115.10,4821
PENTOKEY ORG,20231005,50.00,50.00,50.00,50.00,362
WANBURY LTD ,20231005,74.06,74.06,74.06,74.06,75863
RESONANCE   ,20231005,91.30,96.05,90.00,94.76,24744
RASHTR.CHEM.,20231005,124.95,126.00,123.00,123.90,76439
GUJINJK     ,20231005,10.10,10.10,10.10,10.10,101
KOPRAN LTD. ,20231005,222.35,223.50,217.50,220.05,15319
AIMCO PESTI.,20231005,118.90,119.95,116.70,117.25,4329
GUJ.TERC LAB,20231005,25.90,25.90,23.75,24.10,1683
KABRA DRUGS ,20231005,4.92,4.92,4.91,4.92,1103
SEYAIND     ,20231005,19.99,19.99,19.99,19.99,2498
JAYANT AGRO ,20231005,209.00,211.15,204.95,206.85,2019
SH.HARI CHEM,20231005,49.33,49.33,49.33,49.33,119
INDOBORAXC  ,20231005,162.50,167.20,158.20,164.20,3443
ORCHIDPHAR  ,20231005,491.40,513.20,488.00,508.30,14626
ISHITA DRUGS,20231005,69.50,69.50,69.50,69.50,971
UNIV.STARCH ,20231005,169.90,169.90,162.40,163.00,1951
NORRIS MEDI.,20231005,11.10,12.85,11.10,11.75,2089
ASIAN PETRO ,20231005,19.15,19.25,19.00,19.25,8353
CAMEX LTD   ,20231005,29.00,29.89,28.52,29.26,4274
EVEXIA      ,20231005,1.86,1.86,1.75,1.78,3319464
INDOEURO    ,20231005,11.62,11.62,11.18,11.29,5875
SYNCOM FORM.,20231005,9.05,9.35,9.04,9.22,895369
RIDHI SIDHI ,20231005,442.20,445.00,431.20,443.15,1535
SVCIND      ,20231005,3.16,3.20,2.99,3.08,61330
KILITCH DRUG,20231005,258.85,262.00,258.85,262.00,3803
RAAJMEDISAFE,20231005,42.49,42.49,41.51,42.00,200
CORAL LAB.  ,20231005,282.60,282.60,262.00,273.50,3949
BACIL PHARMA,20231005,9.95,9.95,9.24,9.24,764
KREBS BIOCHM,20231005,69.00,69.00,65.90,66.40,1706
KMC SHIL    ,20231005,89.75,90.28,87.20,87.63,64403
LAFFANS PETR,20231005,42.89,43.00,42.10,42.30,2447
BHASKAR AGRO,20231005,37.20,37.20,35.45,37.00,576
SUKJIT STRCH,20231005,446.70,447.20,435.90,440.15,1306
NEULAND LAB.,20231005,3923.95,3979.00,3889.00,3929.90,2503
GAYATRI BIO ,20231005,10.26,10.68,9.95,10.37,118357
PODDAR PIGM.,20231005,364.95,366.00,349.95,358.55,901
PHARMAIDS PH,20231005,41.38,41.38,41.37,41.37,1814
VIVID IND   ,20231005,20.50,20.75,19.95,19.96,4630
PRIYA LTD.  ,20231005,14.59,14.59,13.25,14.59,1428
TIRUPATI STA,20231005,77.24,80.90,77.24,80.82,2689
JD ORGOCHEM ,20231005,5.60,5.88,5.60,5.88,3179
ASHOK-ALCO  ,20231005,127.90,145.65,120.05,139.00,66501
ADLINE      ,20231005,16.22,16.22,16.22,16.22,100
BERYL DRUGS ,20231005,21.14,21.14,21.14,21.14,215
INDXTRA     ,20231005,18.20,18.28,17.70,17.71,2442148
ISTRNETWK   ,20231005,2.24,2.24,2.20,2.24,5987
GAGAN GASES ,20231005,18.79,18.79,17.18,17.80,2003
PARKER AGRO.,20231005,10.84,10.84,9.85,9.90,281
SHUKRAPHAR  ,20231005,146.45,146.45,146.45,146.45,196
ALU FLUORIDE,20231005,438.00,449.65,438.00,446.40,8360
OXYGENTAPH  ,20231005,31.40,32.91,29.80,32.69,14957
ARCHITORG   ,20231005,58.85,58.85,57.50,57.59,17381
SIKOZY REAL ,20231005,0.94,0.94,0.90,0.90,2288
INDO AMINES ,20231005,116.85,117.90,115.05,116.00,2263
IND.SWIFT LT,20231005,16.48,17.65,16.48,16.49,88192
NATURAL CAPS,20231005,378.00,386.00,376.20,379.20,5889
WELCURE DRUG,20231005,3.76,3.79,3.76,3.76,11730
BH.IMMUN&BIO,20231005,23.75,24.09,23.71,23.79,21481
HESTER BISC ,20231005,1644.00,1688.50,1644.00,1673.00,246
KABSONS INDU,20231005,12.35,12.80,12.35,12.55,3688
BASANT AGRO ,20231005,21.74,21.74,21.10,21.21,106562
SANDU PHARMA,20231005,70.22,73.99,70.22,71.31,652
VISTA PHARMA,20231005,16.81,16.95,16.81,16.85,3608
SUN PHARMA. ,20231005,1127.65,1128.00,1112.00,1119.90,17472
TITAN BIOTEC,20231005,358.00,370.70,352.00,364.35,8036
SDL         ,20231005,13.94,13.94,13.94,13.94,150
JENBURKT PH.,20231005,691.60,699.00,680.00,685.35,1547
HIKAL LTD.  ,20231005,291.85,291.85,285.70,287.10,7488
FISCHER     ,20231005,69.82,69.82,69.82,69.82,5
LINK PHARMA ,20231005,44.30,47.31,44.01,47.07,2037
DECIPHER    ,20231005,18.00,18.00,17.85,17.85,9531
EMMESSAR BIO,20231005,26.50,26.50,25.01,25.77,1107
NGL FINE CHM,20231005,1944.95,1944.95,1903.45,1921.45,310
EVEREST ORG.,20231005,113.85,116.15,113.85,115.00,5660
PHYTOCHEM I.,20231005,38.76,42.80,38.76,42.05,552
DYNAMIC IND.,20231005,63.00,63.00,61.11,61.96,1408
PANAMA PETRO,20231005,310.20,312.70,307.50,308.75,2986
BDH INDUS.  ,20231005,184.00,184.00,178.00,180.05,1214
GLOBUS CON  ,20231005,19.47,19.47,17.71,19.47,15785
POLYMECH.MCH,20231005,58.60,62.00,55.70,56.21,7843
GALAXY BEAR.,20231005,1462.00,1482.75,1445.10,1465.50,384
SCAGRO      ,20231005,15.00,15.50,14.51,14.53,2631
RAVILEELA GR,20231005,34.95,34.95,34.00,34.00,57
SHERVANI IND,20231005,454.00,454.00,438.00,440.35,1377
SUPERTEX IND,20231005,9.69,9.80,9.43,9.57,13729
SHETRON LTD ,20231005,86.90,90.00,86.90,89.12,3813
TRANSGENE BI,20231005,4.09,4.17,3.99,4.11,21287
MPL         ,20231005,19.15,19.70,18.20,18.59,12668
NIKHIL ADHSV,20231005,118.70,118.70,115.15,115.30,10135
SPENTA INT. ,20231005,134.60,134.60,134.60,134.60,2
MULTIBASE I ,20231005,224.15,227.00,224.00,224.10,3825
LUDOLOW JUTE,20231005,84.00,84.50,83.00,83.06,5271
ASHRAM ONLIN,20231005,5.58,5.58,5.08,5.48,1766
ROYAL CUSHIO,20231005,17.90,17.90,17.90,17.90,661
SURAJ INDUS.,20231005,118.75,118.75,115.10,115.20,868
BLOOM DEKOR ,20231005,14.85,14.85,13.48,13.48,423
FILATEX INDI,20231005,53.80,54.54,53.00,53.75,170593
STD.SURFACT.,20231005,55.05,57.47,55.05,57.08,319
MORGAN VENT ,20231005,36.99,36.99,34.11,35.86,730
AMRAPALI IND,20231005,11.59,11.59,11.15,11.48,1754
PREMIER EXPL,20231005,1033.00,1055.00,1021.00,1028.70,1317
MID EAST POR,20231005,4.10,4.10,4.10,4.10,216
MOLD-TEK TEC,20231005,340.00,354.00,340.00,351.80,7562
CRESTCHEM LT,20231005,69.74,69.74,63.65,65.43,3831
MPHASIS LTD ,20231005,2440.00,2479.60,2422.55,2471.65,10441
MEDINOVA DIA,20231005,24.75,25.40,24.20,25.31,1781
DIVSHKT     ,20231005,72.90,72.90,70.61,71.63,2106
ORIENT PRESS,20231005,77.51,77.99,77.45,77.72,442
SHREYAS INTE,20231005,12.97,12.97,12.97,12.97,1573
PANJON LTD. ,20231005,14.74,14.74,14.20,14.24,2803
DURO PACK   ,20231005,102.00,102.50,99.00,100.15,1506
SWARNASA    ,20231005,32.65,33.60,31.01,33.07,27660
NMDC LTD    ,20231005,147.00,148.55,145.85,146.15,359314
CINDRELLA HT,20231005,69.50,72.00,68.50,68.61,772
RIT PRO IND ,20231005,42.80,43.25,42.75,42.84,12180
KKALPANAIND ,20231005,11.21,11.21,10.61,10.66,13367
OK PLAY (I) ,20231005,110.00,113.90,109.05,113.90,21466
KRITI INDUS.,20231005,99.05,108.00,98.43,105.12,20716
WELTERMAN I.,20231005,9.70,10.02,9.69,10.02,1078
ASM TECHNOLO,20231005,481.75,488.00,473.35,485.45,8517
PERFECTPAC  ,20231005,84.99,85.95,81.06,84.98,646
AMBITIOUS PL,20231005,6.25,6.25,6.25,6.25,2000
VISIONCINE  ,20231005,1.00,1.02,0.97,1.02,57255
INDRAYANI BI,20231005,52.65,56.50,52.65,55.19,11135
EURO LEDAR F,20231005,17.50,18.20,17.50,18.00,1883
WINSOME BREW,20231005,13.62,13.92,13.55,13.92,36635
ELEGANT FLOR,20231005,6.41,6.90,6.41,6.60,145239
SKY INDUST. ,20231005,59.85,61.00,59.00,60.40,2147
PHOENIX INT.,20231005,28.98,28.98,27.26,28.47,2632
RISHIROOP   ,20231005,126.95,135.00,124.00,132.20,16158
PROMACT     ,20231005,7.01,7.01,7.01,7.01,1354
STR GRE WOO ,20231005,45.00,45.00,41.03,43.84,909
SYSTAMATIX C,20231005,362.10,373.00,360.00,372.95,67994
ALPINE HSG. ,20231005,129.00,142.00,116.00,134.90,57066
SANGHI IND. ,20231005,113.50,118.90,113.50,118.90,21414
WWALUM      ,20231005,16.00,16.00,15.17,15.17,657
SFPIL       ,20231005,7.88,7.88,7.15,7.66,1111
SCANP GEOM  ,20231005,9.18,9.19,8.57,8.67,129973
CHOKSI LABOR,20231005,53.36,58.51,53.36,58.50,1019
LONGVIEW TEA,20231005,25.86,25.86,25.86,25.86,978
ENTERPR.INTE,20231005,20.66,22.00,20.66,20.98,810
TPL PLAST   ,20231005,47.00,48.05,45.60,45.84,16944
WIM PLAST LT,20231005,678.00,699.80,678.00,690.70,3534
PHOTOQUIP(I),20231005,20.72,21.79,20.71,21.29,4810
LIBERTY SHOE,20231005,280.05,307.45,280.05,286.95,195042
LIPPI SYSTEM,20231005,14.11,14.11,13.70,13.71,5552
EXPO GAS    ,20231005,14.75,15.60,14.25,15.42,40637
NAT.PLASTIC ,20231005,57.01,57.50,55.80,57.09,10126
MFL INDIA   ,20231005,0.78,0.80,0.77,0.78,1111535
AJWA FUN WOR,20231005,26.72,26.72,26.72,26.72,300
TEXEL INDUS.,20231005,53.15,56.00,52.00,54.81,7162
ROYALE MANOR,20231005,32.40,32.95,31.50,32.73,11529
MIRZA INTER ,20231005,46.20,48.09,45.70,48.09,536045
TOURISM FINA,20231005,96.00,97.94,95.45,96.03,48207
THAKKERS DEV,20231005,150.20,150.20,149.50,149.50,574
RAJDARSHAN  ,20231005,42.74,43.00,40.50,40.53,2064
BHARTIYA INT,20231005,215.00,219.00,215.00,219.00,359
KAMAT HOTELS,20231005,202.05,205.00,198.10,201.55,2618
TIRTH PLAST ,20231005,7.16,7.16,7.16,7.16,1
POLO HOTELS ,20231005,9.74,10.22,9.49,10.22,25001
ECOPLAST LTD,20231005,195.10,203.00,190.00,201.55,4498
ELEGANT MARB,20231005,177.10,186.80,170.35,183.50,15884
BITS LTD.   ,20231005,0.75,0.75,0.75,0.75,10
ADARSH PLANT,20231005,24.60,25.84,23.42,23.56,1107
HPBL        ,20231005,204.90,204.90,204.90,204.90,315
NICCO PARKS ,20231005,136.85,136.85,132.50,135.05,1882
NTC INDUST  ,20231005,85.10,91.30,84.65,89.45,6324
SANDESH LTD.,20231005,1039.70,1041.00,1036.80,1036.80,41
GARNET CONST,20231005,15.73,15.98,15.00,15.08,23653
BRIGHT BROS.,20231005,166.80,166.80,162.00,162.45,2100
NARMADA GEL ,20231005,442.10,457.30,442.10,449.30,2119
P.G.FOILS   ,20231005,223.60,229.40,217.10,221.35,6944
VELAN HOTELS,20231005,5.69,5.89,5.69,5.85,8771
HOWARD HOTEL,20231005,14.55,14.84,14.55,14.84,306
PRESSURE SEN,20231005,7.32,7.98,7.22,7.22,3684261
VALIANT COMM,20231005,303.45,303.45,303.45,303.45,7597
DR.AGAR.EYE ,20231005,2399.95,2500.00,2336.00,2476.00,3395
UNION QUALIT,20231005,15.54,15.54,15.54,15.54,30
RAGHUNATH IN,20231005,10.45,10.85,9.96,10.69,3181
DAI-ICHI KAR,20231005,440.00,449.95,439.80,446.55,6599
RAJINFRA    ,20231005,4.30,4.30,4.30,4.30,1300
SPICE ISLAND,20231005,19.07,19.07,18.12,18.99,988
SHELTER     ,20231005,12.50,12.50,12.50,12.50,1267
ASHIRWAD STL,20231005,28.09,29.99,28.09,29.90,2433
AREX IND.   ,20231005,121.90,121.90,113.05,121.65,277
BILCARE LTD.,20231005,78.49,80.00,77.00,79.03,13486
INTER ST.FIN,20231005,2.68,2.68,2.36,2.45,382391
RISHI LASER ,20231005,62.23,62.23,58.00,62.06,26650
JAINCO PROJ.,20231005,4.01,4.20,4.01,4.15,3395
INTEC CAP   ,20231005,15.90,15.99,15.90,15.99,1237
RAJ.GASES LT,20231005,8.83,8.83,8.83,8.83,107
SIDDHESW.GAR,20231005,8.94,8.94,8.94,8.94,10
SARLA PER F ,20231005,49.40,50.40,49.13,49.16,2916
INDO CREDIT ,20231005,1.72,1.72,1.72,1.72,105
MARKET CREAT,20231005,9.68,9.68,8.70,8.70,2935
HFIL        ,20231005,22.20,23.49,21.45,22.72,111060
SONAL ADHESI,20231005,72.00,73.99,69.25,70.58,3056
PADMAIND    ,20231005,3.35,3.35,3.19,3.35,3136
HARIYANA SH.,20231005,82.50,83.40,81.00,81.68,3373
ARUNIS      ,20231005,24.15,24.15,22.50,24.10,126
TYROON TEA  ,20231005,91.43,92.37,88.50,91.00,418
LA-OPALA RG ,20231005,438.95,438.95,428.90,430.70,1239
GOLDEN LAMIN,20231005,1714.95,1729.95,1702.35,1714.25,2155
VENUS REMEDI,20231005,243.70,244.15,235.00,235.65,10076
LASTMILE    ,20231005,200.00,200.00,199.00,199.00,651
GUJ.CRAFT IN,20231005,79.00,81.00,78.00,80.36,1432
HEERA ISPAT ,20231005,7.57,7.57,7.57,7.57,1646
DHOOT I.FIN.,20231005,103.50,103.50,100.50,101.00,2128
SHBAJRG     ,20231005,224.40,224.40,210.00,211.45,2668
URJA GLOBAL ,20231005,9.68,9.85,9.61,9.68,968589
ASHAPURA LTD,20231005,292.90,300.00,291.20,294.85,12394
SH.PACETRON.,20231005,351.75,353.00,351.75,352.00,8114
INDIA CEM.  ,20231005,233.05,236.30,228.80,229.40,116974
JK TYRE IND ,20231005,279.95,291.00,277.25,287.55,225865
MANGLR.CHEM ,20231005,107.30,107.60,104.05,105.60,11799
SAMYAK INT  ,20231005,19.20,19.20,17.60,17.84,3043
SANTOSH FINE,20231005,18.60,18.60,17.72,17.74,207
SREE JAYA.AU,20231005,3.77,3.77,3.70,3.70,1600
ACKNIT IND  ,20231005,213.95,213.95,213.00,213.90,199
TITAN SECUR.,20231005,21.85,21.85,21.06,21.69,16111
REALECO     ,20231005,26.80,26.80,25.00,26.09,1073
HARMONY CAP.,20231005,44.10,44.10,44.10,44.10,600
VIVANZA     ,20231005,10.74,10.74,10.74,10.74,1393
YASRAJ CONT.,20231005,12.91,12.91,11.01,11.79,10611
LORDSHOTL   ,20231005,11.45,11.49,11.00,11.42,2416
SANGHVI MOVE,20231005,697.85,697.85,666.50,678.50,20846
SELAN EXPLOR,20231005,398.55,407.00,396.00,398.35,8745
FRESHTROP FR,20231005,181.90,184.80,180.00,183.00,6070
FAZE THREE L,20231005,375.00,375.00,363.55,368.10,2297
PRADHIN     ,20231005,44.07,44.07,42.00,43.99,151
ANUPAM      ,20231005,2.30,2.30,2.18,2.19,443349
RAJ PACKAGIN,20231005,33.40,35.48,31.95,35.05,1662
NATRAJ PROTE,20231005,50.00,51.50,49.80,51.24,1364
SAMRAT PHARM,20231005,404.70,404.70,391.10,392.25,5638
NILE LTD.   ,20231005,696.75,698.00,682.00,685.70,1077
UDAIPUR CEME,20231005,31.20,32.43,31.20,31.97,93258
AMCO INDIA L,20231005,59.90,59.90,56.30,57.69,173
KREON FIN   ,20231005,44.70,44.75,44.69,44.75,3137
KISAN MOULD.,20231005,17.78,17.78,17.78,17.78,102418
VIJAY TEXTIL,20231005,26.01,27.00,25.30,26.05,9133
KERALA AYUR ,20231005,159.85,159.85,159.85,159.85,83593
MOONGIPA CAP,20231005,26.60,26.60,24.35,25.05,321
MOHIT PAPER ,20231005,26.50,26.50,25.50,26.40,1201
DAULAT SEC. ,20231005,20.50,21.00,20.50,20.55,453
OSCAR GLOBAL,20231005,9.60,9.60,9.31,9.31,373
ODYSSEY TECH,20231005,72.24,72.24,68.28,68.67,4974
RSC INT     ,20231005,4.28,4.28,4.28,4.28,2
SURAT TEXT. ,20231005,8.78,9.00,8.78,8.91,149354
ATHARV ENT  ,20231005,2.82,2.82,2.61,2.61,2927
FUNDVISER   ,20231005,35.71,35.71,35.71,35.71,207
THEMIS MEDIC,20231005,1921.95,1921.95,1860.00,1870.45,3180
KALLAM      ,20231005,9.35,9.36,9.12,9.25,23046
FORTUNE INT.,20231005,31.46,31.99,31.00,31.04,2100
KINGSINFRA  ,20231005,148.00,148.25,144.00,146.20,6026
SWOJAS ENRGY,20231005,7.40,7.40,7.12,7.12,1985
AURO LAB.   ,20231005,119.00,126.45,119.00,122.45,9636
KJMC FIN.   ,20231005,49.40,49.40,49.40,49.40,2
SUVEN LIFE S,20231005,71.80,72.65,71.31,71.67,36136
ARYAMAN FIN.,20231005,154.95,154.95,147.50,148.55,125
BRIDGE SECUR,20231005,11.91,11.91,11.91,11.91,4262
RISA INTL   ,20231005,0.60,0.60,0.57,0.58,357785
RAJ.TUBE MFG,20231005,25.60,26.50,25.60,26.50,802
KAY POW PAP ,20231005,6.60,7.29,6.56,6.80,12658
INTER ST.OIL,20231005,38.40,38.40,36.00,36.30,4861
GLOBAL CAP. ,20231005,0.78,0.78,0.78,0.78,164684
SAINIK FIN. ,20231005,31.75,31.75,30.17,30.20,393
SABOO BROS. ,20231005,21.82,21.82,21.82,21.82,210
RICH UNV    ,20231005,12.01,13.12,11.88,12.66,20645
QUANTUM DIG.,20231005,13.20,13.72,13.20,13.72,141
SP CAPITAL  ,20231005,23.69,23.70,22.32,23.49,9040
PAOS        ,20231005,12.85,12.85,12.85,12.85,10
KOTHARI PROD,20231005,124.45,128.70,124.45,126.15,2652
PICCADILY AG,20231005,185.45,198.50,175.55,198.50,3173058
CHAMANLAL SE,20231005,235.50,238.00,229.50,234.95,28723
CHANDRA PRAB,20231005,23.98,23.98,23.26,23.35,10939
KIMIABL     ,20231005,36.72,39.00,36.72,39.00,774
HIND.TIN WRK,20231005,120.00,124.00,120.00,123.55,31661
GODAVARI DRU,20231005,92.33,94.95,91.15,91.61,8056
PREMCO GLOB.,20231005,403.65,428.00,403.00,409.95,1982
KBS INDIA   ,20231005,11.17,11.17,10.47,10.50,30965
PRABHHANS   ,20231005,45.61,46.90,44.30,46.38,824
NRB BEARINGS,20231005,268.55,275.50,268.55,272.85,16026
VAMSHI RUBB.,20231005,33.44,33.44,30.57,33.04,4944
NILA INFRA. ,20231005,6.50,6.80,6.50,6.55,103863
DB INT.ST.BR,20231005,27.64,28.94,27.64,28.15,1491
VINYOFLEX LT,20231005,82.00,82.00,80.36,80.36,862
JINDAL CAP. ,20231005,33.80,36.21,32.78,36.12,24000
EPIC ENERGY ,20231005,9.70,10.03,9.70,9.78,17861
SUMEDHA FISC,20231005,38.74,38.74,37.60,38.00,18551
KUWER INDS. ,20231005,12.31,12.31,12.30,12.30,540
CHOKSI IMAG ,20231005,51.67,55.65,48.50,51.68,2626
ASHISH POLY.,20231005,19.00,20.44,19.00,19.75,269
ADOR FONTECH,20231005,105.90,105.90,104.50,105.50,19126
SHIVA FERT. ,20231005,77.85,77.85,72.07,72.83,4282
SIDDHA VEN  ,20231005,9.31,9.31,9.31,9.31,30771
KIRAN SYNTEX,20231005,11.83,12.42,11.24,12.40,20979
SUMERU IND  ,20231005,1.68,1.69,1.60,1.61,11013
RUNGTA IRRIG,20231005,48.67,50.58,48.67,50.58,2162
CINERAD COMM,20231005,6.19,6.19,6.19,6.19,3000
VALSON INDUS,20231005,24.60,24.70,24.25,24.63,417
SABOO SODIUM,20231005,20.20,20.47,19.65,19.77,17892
TINNARUBR   ,20231005,442.70,448.00,435.10,442.15,11418
VIKRAM THERM,20231005,103.00,105.20,102.50,103.85,18031
STRATMONT   ,20231005,47.81,47.83,47.81,47.83,2073
A.K.CAPITAL ,20231005,712.00,728.85,700.00,714.25,5585
RELAXO FOOT.,20231005,906.00,916.00,902.15,904.90,7777
VIRAT INDUS.,20231005,234.00,234.00,213.80,219.25,5381
SHEETAL DIAM,20231005,38.12,39.66,38.12,39.66,182505
TERAI TEA CO,20231005,67.62,69.50,67.62,69.50,759
MANRAJ HSG.F,20231005,22.90,22.90,22.90,22.90,20
COSCO INDIA ,20231005,201.30,204.90,197.00,204.75,1713
KEN FIN.SER.,20231005,20.13,20.13,20.13,20.13,339
SHILPA MEDIC,20231005,354.65,354.90,350.60,351.60,3190
PARAMOUNT CO,20231005,65.50,65.50,60.65,64.38,159967
NCL RESEARCH,20231005,0.55,0.55,0.54,0.54,3940435
ARCHANA SOFT,20231005,18.34,18.34,18.34,18.34,369
EXPLICIT FIN,20231005,4.85,4.85,4.85,4.85,153
LADDERUP FIN,20231005,27.40,27.40,25.45,26.40,373
UYFINCORP   ,20231005,26.94,26.94,26.05,26.69,13848
EKAM LEASING,20231005,6.30,6.30,6.30,6.30,1
SWASTIK INV ,20231005,300.00,300.00,296.00,297.20,70
PRIMA PLASTI,20231005,154.95,164.00,154.90,157.50,17025
TELECANOR   ,20231005,6.20,6.20,5.99,6.00,159
CARNATION IN,20231005,5.75,5.75,5.60,5.60,7341
STURDY INDS ,20231005,0.44,0.44,0.44,0.44,105468
GARG FURNACE,20231005,187.95,188.85,184.50,188.50,9272
SAMPRE NUTRI,20231005,49.95,49.95,47.75,48.49,8424
AAIL        ,20231005,88.99,88.99,86.30,87.70,6269
VIPULORG    ,20231005,132.50,132.50,126.50,126.50,2234
ECORECO     ,20231005,216.05,216.05,216.05,216.05,4847
GOYAL ASSO. ,20231005,1.64,1.64,1.55,1.59,43750
ZENITH HEALT,20231005,4.22,4.45,4.03,4.15,115800
YORK EXPORTS,20231005,45.43,45.43,43.17,43.20,654
SUPREME HO  ,20231005,76.37,77.77,72.33,73.97,19703
LYKISLTD    ,20231005,60.98,60.99,58.90,60.29,12725
PRIME PROP  ,20231005,20.40,20.40,20.40,20.40,5
ZENLABS     ,20231005,36.95,36.95,35.03,36.61,20739
RAJRAYON    ,20231005,39.60,39.60,38.22,38.22,3958
GOWRA LEASNG,20231005,26.30,26.35,26.30,26.30,3496
JAGAN LAMPS ,20231005,70.25,85.00,70.25,85.00,185600
AJEL        ,20231005,12.51,12.71,12.47,12.71,65101
ASIT C FIN  ,20231005,118.00,127.00,118.00,127.00,802
ENCODE      ,20231005,7.00,7.34,7.00,7.00,1104
SUPER BAKERS,20231005,25.99,25.99,25.99,25.99,1
OVOBEL FOODS,20231005,277.35,280.40,274.00,280.40,12175
INDO ASN.FIN,20231005,11.74,11.99,11.37,11.99,2535
CORAL NEWSPR,20231005,10.80,10.80,10.79,10.79,381
AGARWAL     ,20231005,18.01,19.89,18.01,19.89,10366
DYNAMIC PORT,20231005,46.03,50.80,46.03,46.04,1701
CEEJAY FINAN,20231005,145.00,164.60,145.00,157.95,4290
SUNCITY SYNT,20231005,9.31,9.50,8.70,8.70,562
SHREE GANES.,20231005,13.08,13.08,12.50,12.50,4083
OIVL        ,20231005,71.30,71.30,66.01,67.00,20788
BNR UDYOG   ,20231005,41.59,41.59,39.01,40.92,770
KRBL LTD.   ,20231005,399.00,404.15,396.00,401.20,21573
REFNOL RESIN,20231005,107.50,111.50,103.10,104.35,1396
SSPDL LTD   ,20231005,15.50,15.50,15.00,15.35,3120
DAIKAFFIL CH,20231005,36.20,37.60,36.00,36.90,2400
CIL SECURITS,20231005,27.55,28.19,27.10,27.61,5465
CLIO INFOTEC,20231005,4.18,4.21,4.18,4.21,3586
SUNSHIELD CH,20231005,849.50,849.50,792.05,826.30,1061
HIPOLIN LTD.,20231005,78.95,78.95,73.11,76.82,701
CIFL        ,20231005,126.00,130.90,126.00,126.25,288
ABVL        ,20231005,177.90,179.40,177.90,179.40,484
SUPER CROP. ,20231005,8.93,9.49,8.93,8.95,90806
N.G.IND.LTD.,20231005,131.50,131.50,129.00,129.30,96
ASIA PACK   ,20231005,29.05,30.45,29.05,30.45,5
REMSONS IND.,20231005,459.00,459.00,431.70,442.15,508
STANPACKS(I),20231005,9.68,9.68,9.65,9.65,15086
SRI ADHIKARI,20231005,1.66,1.73,1.65,1.73,4409
RAMINFO     ,20231005,96.35,101.20,96.25,98.00,5329
SUNIL AGRO F,20231005,196.30,209.90,196.30,200.00,2226
DIANA TEA CO,20231005,27.29,27.29,26.55,26.80,12046
INDIAN OIL  ,20231005,90.36,90.60,89.24,89.64,869028
ALFA ICA (I),20231005,51.28,53.60,49.00,53.60,1238
SKCIL       ,20231005,136.10,146.00,136.10,141.85,817
INDIA HOME  ,20231005,26.99,26.99,26.01,26.28,1552
ROOPA INDUS ,20231005,41.99,42.49,40.12,42.00,461
UNIQUE ORGAN,20231005,57.00,57.03,57.00,57.03,13587
SWARNA SECUR,20231005,37.88,37.88,37.88,37.88,75
ARIHANT SEC.,20231005,14.21,14.90,13.61,14.16,14001
VISAGAR FIN ,20231005,0.72,0.73,0.71,0.73,7202478
JRELTD      ,20231005,36.31,36.31,36.31,36.31,255
COMPETENT AU,20231005,338.90,339.00,317.05,331.90,2826
NEELKANTH RO,20231005,10.90,10.90,10.42,10.42,981
CONTIL I LTD,20231005,97.10,97.10,96.50,97.00,21
VIJAY SOLVEX,20231005,864.00,864.00,850.00,856.00,625
SHRI KRISH  ,20231005,32.95,33.80,32.40,33.32,696
NIHAR INFO  ,20231005,6.00,6.00,6.00,6.00,1106
UNITED CRED.,20231005,15.90,15.95,15.90,15.95,490
ISHAN DYES  ,20231005,56.90,56.99,54.86,55.24,6666
GOTHI PLASCO,20231005,27.99,29.75,27.99,29.75,2500
BALUFORGE   ,20231005,224.95,224.95,217.00,218.70,93666
CEENIK EXPO.,20231005,35.31,35.31,35.31,35.31,4775
PATEL ENGG. ,20231005,50.95,52.57,49.80,52.55,1471953
MENAMANI    ,20231005,5.77,5.77,5.77,5.77,26438
INANI MARBLE,20231005,19.30,19.75,19.00,19.50,6150
GEMSTONE INV,20231005,0.96,0.96,0.96,0.96,28718
EL FORGE LTD,20231005,13.40,13.51,13.40,13.51,5214
MEDICAMEN BI,20231005,651.85,658.00,641.55,643.95,3779
DILIGENT    ,20231005,8.25,8.55,7.85,8.08,86882
EPSOM PRO   ,20231005,5.23,5.23,5.23,5.23,100
ALFAVISON.OV,20231005,19.17,19.98,19.00,19.04,34670
ORGANIC COAT,20231005,7.98,8.40,7.98,7.98,1200
CATVISION   ,20231005,13.91,14.89,13.91,13.92,858
ABM KNOWLEDG,20231005,95.38,97.00,92.11,95.00,3612
KEMISTAR    ,20231005,47.70,47.70,43.25,44.35,729
ASSOC.CERAMI,20231005,225.70,225.70,225.70,225.70,1
SKP SECURE. ,20231005,63.46,67.99,63.46,66.24,604
SYSCHEM (I) ,20231005,52.13,54.90,52.13,53.50,24188
BLS INFOTE  ,20231005,2.50,2.50,2.28,2.28,1660855
MEFCOM CAPIT,20231005,18.45,18.45,18.45,18.45,44494
HEMANG      ,20231005,35.00,35.00,34.00,35.00,4980
TAVERNIER   ,20231005,18.11,18.11,18.11,18.11,1100
GLANCE FIN. ,20231005,61.99,61.99,58.60,61.85,113
SHILCHAR TEC,20231005,1650.00,1675.00,1620.00,1636.95,7730
TINEAGRO    ,20231005,49.56,49.56,49.56,49.56,84
NUCLE.SOFT E,20231005,989.90,1003.15,980.05,989.60,3143
COLINZ LABOR,20231005,39.69,39.69,38.05,39.50,690
NLFL        ,20231005,32.81,34.90,32.00,32.23,3161
MANAP FIN   ,20231005,144.75,145.40,139.55,141.30,273018
RTS POWER CO,20231005,180.10,193.60,180.10,187.75,7735
COMFORT INTE,20231005,6.67,7.22,6.57,7.22,4701708
MAYUR FLOOR.,20231005,9.94,9.94,9.94,9.94,1325
ANJANI SYNT.,20231005,30.10,30.10,29.33,29.37,944
XTGLOBAL    ,20231005,38.75,41.50,38.00,38.89,107080
DECO-MICA   ,20231005,74.09,74.09,74.09,74.09,1807
RANDER CORP.,20231005,10.01,10.01,10.01,10.01,9902
RASI ELECTRO,20231005,18.55,19.24,18.55,19.19,36890
SCOOBEEDAY  ,20231005,101.20,101.20,94.05,94.05,9227
DHRUVA CAP. ,20231005,104.80,104.80,104.80,104.80,223
SHAMROCK IND,20231005,3.98,3.98,3.79,3.79,1000
PRIMA IND.  ,20231005,16.55,18.11,16.55,18.11,205
INDIA GELAT.,20231005,408.00,408.00,402.00,404.70,2811
OPTIFIN     ,20231005,85.00,85.00,80.00,80.10,398
PARAGON FIN.,20231005,32.52,33.18,31.95,31.95,126
PRATIKSHA CH,20231005,19.75,19.94,18.04,18.70,14645
ESHAMEDIA   ,20231005,3.49,3.60,3.49,3.60,4745
REFEXRENEW  ,20231005,408.95,411.70,385.25,394.20,697
B2B SOFT.   ,20231005,29.00,29.00,28.02,28.06,9088
NIKKI GLOBAL,20231005,6.02,6.02,6.02,6.02,1450
RADHE DEVLOP,20231005,3.08,3.09,3.00,3.06,238419
ELIXIR      ,20231005,51.05,52.75,49.90,50.51,2829
TRISHAKTI EL,20231005,39.05,42.22,38.21,39.22,425
PANKAJ POLY.,20231005,6.80,6.80,6.80,6.80,14
MARBLE      ,20231005,14.45,15.15,14.25,14.25,806
CINDRELLA FI,20231005,9.60,9.60,9.60,9.60,2
NAT PLASTIC ,20231005,270.60,270.60,270.60,270.60,3130
LEAD FINANC ,20231005,13.23,13.23,13.19,13.20,475
NATFIT      ,20231005,110.95,121.00,110.95,115.00,45898
ARTEFACT PR ,20231005,59.90,59.95,57.35,58.32,15173
AMIT INTNL. ,20231005,3.02,3.02,3.02,3.02,330
HIGH STREET ,20231005,47.20,47.21,47.20,47.21,500
NUTECH GLOBA,20231005,41.06,41.06,37.16,40.00,1868
DHP INDIA LT,20231005,890.00,890.00,867.00,876.40,2352
RRIL        ,20231005,21.20,21.21,21.20,21.21,18287
AVAILABLE FI,20231005,144.75,144.75,139.15,139.15,2939
JAYIND      ,20231005,11.41,11.41,11.41,11.41,17
ROSELABS FIN,20231005,21.00,21.00,21.00,21.00,500
CHARMS INDUS,20231005,4.05,4.05,4.05,4.05,12950
KRETTOSYS   ,20231005,0.76,0.77,0.73,0.73,781214
VIKALP SEC. ,20231005,9.20,9.66,9.02,9.66,1643
MILE GLOBAL ,20231005,13.90,14.60,13.90,14.60,1695
BERVIN INV. ,20231005,32.89,32.90,30.88,30.89,4832
GUJ.INVESTA ,20231005,12.40,12.40,12.00,12.00,112
EASTERN TRED,20231005,39.00,39.00,37.25,37.98,155
PANACEA BIOT,20231005,167.30,179.05,165.60,177.80,99888
PEETI SECURT,20231005,22.20,24.50,22.19,24.45,2085
MERCURYEV   ,20231005,47.36,47.37,47.36,47.36,656515
SHRIRAM ASSE,20231005,206.00,216.90,206.00,214.00,335
GOLECHA GLOB,20231005,18.57,18.57,18.57,18.57,1899
EKANSH      ,20231005,59.99,59.99,53.26,54.98,668
SPAR        ,20231005,29.81,30.49,29.00,30.44,4278
BYKE HOSP   ,20231005,46.44,46.55,44.33,44.99,74505
CENTENIAL SU,20231005,145.15,145.15,131.35,145.15,5371
ARIHANT FOUN,20231005,51.49,51.49,49.00,50.00,5505
HASTI FINANC,20231005,4.84,4.84,4.84,4.84,3
UPSURGE INV.,20231005,38.94,38.94,37.05,37.81,2527
PADAM COTTON,20231005,31.79,31.79,31.79,31.79,498
WOMEN NETWOR,20231005,4.11,4.11,4.11,4.11,505
POLYCON INT.,20231005,16.80,16.80,15.20,16.20,2923
SOURCENTRL  ,20231005,92.78,92.78,88.10,89.00,658
G.G.AUTOMATI,20231005,80.59,80.59,80.59,80.59,2378
LWS KNITWEAR,20231005,15.22,15.22,14.86,15.20,22
ANS LTD     ,20231005,8.65,8.70,8.65,8.70,121
ALCH CORP   ,20231005,15.13,15.19,14.05,14.06,5187
TUNI TEXTILE,20231005,1.60,1.63,1.58,1.58,127782
RADIX IND   ,20231005,118.70,121.40,112.00,118.20,92
KIRAN PRINT ,20231005,8.90,8.90,8.74,8.74,100
NARENDRA PRO,20231005,33.59,34.00,33.02,33.02,3516
MEGA CORPN. ,20231005,2.49,2.53,2.37,2.50,34992
TAMIL.NEWSPR,20231005,255.90,260.25,250.05,255.10,41239
SHAKTI PUMPS,20231005,871.95,927.00,864.55,906.35,93017
SYSTEMATIX  ,20231005,10.92,10.92,10.00,10.70,3329
SUNGOLD CAP.,20231005,3.13,3.13,3.00,3.00,2075
SAFFRON IND ,20231005,4.09,4.09,4.09,4.09,3
PWASML      ,20231005,26.94,26.94,25.65,26.21,23993
GOLDSTONE EN,20231005,98.00,98.00,96.05,96.05,1328
MOHIT INDUS.,20231005,20.30,20.80,19.75,19.80,10928
POLYLINK POL,20231005,23.75,24.00,22.70,23.50,4614
MINAXI TEXT.,20231005,1.51,1.60,1.51,1.58,9967
CONTI.CONTRL,20231005,5.49,5.49,5.03,5.29,1100
NOUVEAU     ,20231005,0.49,0.49,0.49,0.49,52465
DUKE OFFSHOR,20231005,13.27,13.27,13.15,13.27,27994
CYBELE IND  ,20231005,24.00,25.00,23.15,25.00,1758
CG-VAK SOFTW,20231005,460.65,460.65,446.00,450.65,4538
NAVKAR      ,20231005,5.81,5.81,5.55,5.64,26235
MADHUCON PRJ,20231005,5.25,5.25,5.15,5.15,735
SYBLY INDS. ,20231005,7.00,7.65,7.00,7.11,2418
RAJESH EXPO.,20231005,504.25,504.45,497.00,498.15,23240
ESAAR (I)LTD,20231005,5.87,5.87,5.87,5.87,46242
MARIS SPIN. ,20231005,42.85,43.90,41.03,43.80,67
INDERGIRI FN,20231005,51.82,51.82,51.82,51.82,450
STEP TWO COR,20231005,20.99,20.99,20.00,20.00,274
ORIENT TRADE,20231005,8.55,8.64,8.00,8.26,25083
VIKASPROP   ,20231005,0.49,0.49,0.45,0.46,218975
ACE SOFTWARE,20231005,25.14,25.14,22.77,22.77,1013
SOFTRAK VENT,20231005,6.59,6.72,6.24,6.30,9810
HATSUN AGRO ,20231005,1154.85,1154.85,1102.25,1114.50,2972
ACCEDERE    ,20231005,66.15,66.15,65.00,65.23,1385
RISHABH DIGH,20231005,21.27,21.27,20.21,20.21,3882
MARUTI INFRA,20231005,142.60,142.60,137.50,139.00,7029
KOBO        ,20231005,2.78,2.78,2.66,2.68,2981
JINDAL WORLD,20231005,375.40,380.05,370.20,373.45,3767
SOMANY CRAM ,20231005,696.35,720.55,682.20,708.05,1709
JHAVERI CRED,20231005,152.40,152.40,152.40,152.40,487
RAGHUNATH TO,20231005,18.79,19.00,18.40,18.62,1543
SANJIVANI PA,20231005,111.00,113.10,108.70,113.10,9290
VAS INFRA   ,20231005,3.39,3.39,3.12,3.39,723
KMF BUILDERS,20231005,5.07,5.25,4.90,4.90,6289
RAP MEDIA   ,20231005,14.35,14.71,14.35,14.71,343
DEVINE IMPE ,20231005,6.24,6.49,6.24,6.45,631
BAMPSL SECUR,20231005,9.85,10.04,9.68,9.79,20085
GENPHARMA   ,20231005,3.90,3.98,3.85,3.93,346010
INCON ENGG. ,20231005,14.00,14.00,13.43,13.43,1701
GORANI INDUS,20231005,128.85,128.85,122.00,123.55,107
KG PETROCHEM,20231005,198.55,204.45,198.55,204.45,153
OROSMITHS   ,20231005,4.31,4.31,4.15,4.30,14727
TEJASSVI    ,20231005,16.17,16.17,16.17,16.17,1001
LINCOLN PHAR,20231005,510.20,526.75,510.20,520.30,4140
PRAVEG      ,20231005,541.00,560.00,535.05,556.05,49063
SURAJ LTD   ,20231005,152.10,154.95,147.10,153.70,2139
MARICOLTD   ,20231005,557.95,561.30,541.50,542.55,77681
NATIONAL GEN,20231005,77.00,77.00,73.70,77.00,361
HITTCO TOOLS,20231005,10.60,11.00,10.60,10.71,12456
RRMETAL     ,20231005,38.37,38.37,37.50,37.59,2599
VISION CORPO,20231005,4.14,4.14,4.14,4.14,7033
BISIL PLAST ,20231005,2.62,2.62,2.62,2.62,246838
INANI SEC.  ,20231005,19.88,19.88,18.09,19.87,554
AMERISE     ,20231005,0.62,0.63,0.62,0.63,41623
PRITHVIEXCH ,20231005,74.95,75.95,72.65,73.93,9192
RAINBOW FOUN,20231005,11.15,11.55,11.00,11.00,16135
TRICOMFRU   ,20231005,1.20,1.30,1.15,1.30,17199
PANCHSHEEL O,20231005,183.00,185.90,178.00,178.90,18676
MENON PISTON,20231005,83.50,83.50,80.09,81.26,33153
GREENCREST  ,20231005,0.66,0.66,0.64,0.65,1104460
GENNEX LAB  ,20231005,9.75,9.90,9.63,9.68,945423
GINI SILK MI,20231005,43.50,43.50,43.50,43.50,850
PRAJAY ENGS.,20231005,14.45,14.45,13.16,13.21,23435
BIOGEN      ,20231005,0.80,0.80,0.77,0.79,1413271
UNJHA FORMUL,20231005,16.30,17.11,16.30,17.11,12368
POLY MEDICUR,20231005,1395.05,1419.35,1393.85,1407.15,2177
SHRADDHA    ,20231005,40.00,41.00,38.00,40.00,13935
KACHCHHMIN  ,20231005,21.60,21.60,20.11,21.39,5725
PADMANABH AL,20231005,22.50,22.50,22.50,22.50,106
KACL        ,20231005,19.86,20.40,19.50,19.57,34262
KCLINFRA    ,20231005,1.95,1.95,1.81,1.91,258880
PRERNA INFR ,20231005,25.46,25.46,24.83,25.17,70505
METAL COATIN,20231005,90.01,94.40,90.01,91.22,6702
SGN TELECOMS,20231005,0.98,0.98,0.98,0.98,111740
GANGAPAPERS ,20231005,77.78,80.00,76.50,77.87,1716
TIRUPATI SAR,20231005,10.18,10.44,9.97,10.33,12955
MUNOTH FIN. ,20231005,83.00,87.00,78.75,78.75,111
RODIUM      ,20231005,60.00,63.00,60.00,63.00,101
NAGAR.AGRITE,20231005,9.47,9.47,9.47,9.47,160
NATURA HUE C,20231005,6.67,7.35,6.67,7.35,13949
INDUSFINL   ,20231005,15.90,15.90,15.90,15.90,23
LAHOTI OVER.,20231005,38.50,41.58,38.50,40.72,182166
TRINITYLEA  ,20231005,18.48,18.48,18.48,18.48,1
ASIAN STAR  ,20231005,823.55,858.80,811.00,832.95,804
ORIRAIL     ,20231005,94.17,94.17,94.17,94.17,17657
JOINDRE CAPI,20231005,36.79,36.80,36.01,36.74,3880
BHARATAGRI  ,20231005,108.40,108.40,106.05,106.80,96534
UNITECH INTE,20231005,5.80,6.00,5.62,5.95,3462
SACHETA MET.,20231005,19.53,19.99,19.10,19.28,22033
POPULAR EST ,20231005,15.20,16.79,15.20,16.79,1423
ANJANI FINL ,20231005,9.15,9.15,8.35,8.75,1902
REXNORD ELE.,20231005,127.00,129.80,125.95,128.10,12959
IIL         ,20231005,328.50,328.50,328.50,328.50,7723
SAWACA BUSI ,20231005,0.85,0.85,0.82,0.83,245805
CCL INTER   ,20231005,21.45,21.45,20.20,20.65,2581
GALLOPENT   ,20231005,23.80,23.80,21.63,22.74,765
CROISSANCE  ,20231005,3.50,3.64,3.50,3.64,149027
MADHUVEER   ,20231005,38.05,38.05,38.05,38.05,100
GOPAL IRON S,20231005,8.25,8.25,7.84,8.25,6864
DHAMPURE SGR,20231005,52.71,52.71,52.71,52.71,31355
SHANTANU SHE,20231005,1.43,1.43,1.31,1.40,104029
INNOCORP L  ,20231005,5.31,6.50,5.05,5.25,17029
SARTHAK INDU,20231005,24.40,24.40,23.01,24.09,1821
SAI CAPITAL ,20231005,129.10,133.75,127.10,127.10,175
SERVOTEACH  ,20231005,24.62,24.62,24.62,24.62,1611
VERTEX SEC. ,20231005,3.66,3.66,3.42,3.45,45592
RIBA TEXTILS,20231005,54.95,54.95,52.50,53.83,9386
NEWINFRA    ,20231005,10.60,10.90,9.90,10.90,258417
KASHYAP     ,20231005,2.02,2.02,1.88,1.99,37276
SHREMETAL   ,20231005,28.60,30.50,28.51,29.49,111
IITL PROJ   ,20231005,16.55,17.40,16.55,17.40,75
CHARTERLOGIS,20231005,5.13,5.38,5.13,5.25,62590
HIND ALUMIN ,20231005,42.40,43.70,42.10,43.11,5860
SPECTR FOOD ,20231005,71.98,71.98,65.35,66.07,6060
AMRAWOR AGRI,20231005,0.80,0.80,0.76,0.78,340927
AUTO PINS(I),20231005,97.69,97.69,97.69,97.69,8
ODYSSEY CORP,20231005,6.98,6.98,6.63,6.80,3231
INDUCTO STL.,20231005,36.20,36.79,35.20,35.26,744
SAM INDUS.  ,20231005,63.00,64.13,60.00,64.10,3944
POOJA ENT   ,20231005,287.00,289.95,265.00,278.65,5144
GRAVITY (I) ,20231005,4.40,4.40,4.23,4.25,635
ESPIRE      ,20231005,37.70,37.70,37.70,37.70,265
LCC INFOTECH,20231005,1.67,1.67,1.67,1.67,10689
FILAT FASH  ,20231005,14.35,14.68,13.10,14.53,253081
SINDHU TRADE,20231005,26.52,26.90,26.00,26.11,10173
UNISTAR MULT,20231005,16.50,17.20,16.31,17.12,16700
ZENOTECH    ,20231005,56.26,67.34,55.60,66.55,393728
HINDUSTN BIO,20231005,5.35,5.82,5.35,5.56,2854
FRONTL CORP ,20231005,32.00,32.20,31.00,32.18,1277
SWELECT     ,20231005,583.55,632.40,583.55,618.50,4843
WALLFORT FIN,20231005,74.50,78.59,74.01,78.50,865
KDDL LTD    ,20231005,2054.85,2102.95,2013.00,2048.85,2371
ADINATH EXIM,20231005,17.30,17.99,17.30,17.99,650
ABHINAV CAP ,20231005,128.00,128.00,122.50,122.50,355
KILPEST (I) ,20231005,764.00,779.90,755.75,776.95,4285
SUMUKA      ,20231005,143.00,148.90,140.00,141.70,15667
VANDANA     ,20231005,2.12,2.12,1.94,1.97,17302
SAGARPROD   ,20231005,3.91,3.91,3.91,3.91,10651
INDO-CITY IN,20231005,8.70,8.71,8.70,8.70,10549
SBEC SUGAR  ,20231005,35.70,36.60,34.65,35.82,7468
BRIJLAXMI LE,20231005,3.80,3.80,3.80,3.80,1668
RELIAB VEN  ,20231005,11.32,12.00,11.00,11.13,31426
MOHITE      ,20231005,26.00,26.99,26.00,26.99,1709
ACL         ,20231005,94.74,97.75,94.74,96.90,1086
H.S.(I) LTD.,20231005,11.75,11.75,10.50,11.29,14666
BNK OF INDIA,20231005,111.20,112.20,109.10,109.85,820111
INDRAPRAST  ,20231005,174.95,175.00,170.20,172.35,6638
JOHNPHARMA  ,20231005,0.59,0.59,0.56,0.56,1398792
TRESCON     ,20231005,15.69,15.69,15.45,15.45,19621
GUJ.STAT.FIN,20231005,10.45,11.20,10.45,11.00,15511
SAREGAMA (I),20231005,358.25,362.40,350.10,352.90,18925
GAYATRI SUGR,20231005,22.67,22.67,22.67,22.67,66266
INDUSIND BNK,20231005,1410.00,1415.15,1394.90,1401.35,39031
INDIA TOURIS,20231005,383.60,386.75,380.75,382.75,2640
CITY UNION  ,20231005,126.25,126.95,124.85,125.20,133109
HB STOCKHOL.,20231005,54.36,56.04,54.36,55.67,2082
SIEL FINANCL,20231005,17.70,17.70,17.70,17.70,382
SOUTH IND.BK,20231005,26.69,26.74,25.70,26.46,7219830
SONATA SOFT.,20231005,1037.05,1050.40,1030.00,1034.90,2589
BENGAL TEA &,20231005,81.01,82.88,79.01,79.79,4576
NAT.ALUM    ,20231005,95.89,95.89,94.24,94.44,141123
INDIA NIPPON,20231005,501.95,510.05,494.00,496.55,2394
NALWA SONS  ,20231005,2607.20,2649.00,2586.30,2642.50,451
ORCHASP     ,20231005,2.55,2.60,2.55,2.55,65266
HCL TECHNO  ,20231005,1249.95,1253.05,1228.10,1235.90,37868
TCFC FINANCE,20231005,38.65,39.65,36.50,37.82,27902
JINDAL STE  ,20231005,680.15,684.55,675.15,678.10,35036
WOCKHARDT   ,20231005,233.90,233.90,230.50,231.45,17117
KJMCCORP    ,20231005,35.29,35.29,35.29,35.29,786
IND-SWIFT LA,20231005,91.00,91.00,89.10,89.69,12773
MELSTAR INFO,20231005,2.01,2.01,2.01,2.01,550
MAHINDRALIFE,20231005,536.05,546.00,531.35,537.60,21121
TELESYS SOFT,20231005,8.40,8.76,8.26,8.40,6043
VAARAD      ,20231005,17.10,17.10,16.00,16.87,1166
SHIVA CEMENT,20231005,49.70,50.49,49.50,50.13,78801
DANLAW TECH.,20231005,646.00,672.50,635.00,660.85,4443
HB PORTFOLIO,20231005,52.51,56.00,52.25,53.49,2336
HB ESTATE DE,20231005,40.01,41.85,39.55,41.52,753
OMNI AX'S SO,20231005,3.68,3.69,3.36,3.55,11514
TVS MOTOR L ,20231005,1519.95,1519.95,1489.30,1497.65,7336
SOFTSOL (I) ,20231005,197.80,197.80,197.00,197.00,54
SUBEX LTX   ,20231005,31.96,32.40,31.55,32.05,438124
TRANSPORT CO,20231005,809.45,809.45,789.20,797.90,1341
PADMALAYA TE,20231005,3.66,3.66,3.66,3.66,21132
AKSH OPTIFIB,20231005,11.26,11.49,11.00,11.17,50431
VIRGOGLOB   ,20231005,7.98,8.00,7.98,7.99,13275
PICTURHOUSE ,20231005,6.24,6.25,5.95,6.17,2156
TRIVENI ENGG,20231005,380.00,383.70,377.00,378.90,39255
NAGPUR POWER,20231005,99.99,111.80,99.10,110.58,64040
DYNACONS SYS,20231005,703.35,729.35,660.00,729.35,26195
RAMCO INDS. ,20231005,177.90,181.85,177.90,180.45,4141
RAMCO  SYSTM,20231005,314.00,315.90,306.30,307.90,3971
TATA TELESER,20231005,97.89,98.90,96.60,97.54,264615
VIRINCHI    ,20231005,36.40,36.40,35.00,35.89,15276
WEPSOLN     ,20231005,30.30,30.30,30.30,30.30,28825
STER TECH   ,20231005,157.95,159.60,156.25,158.70,60819
TIPSINDUSTR ,20231005,304.60,313.00,304.60,308.95,6884
FIRSTFIN    ,20231005,5.36,5.36,5.10,5.10,642
BABA ARTS   ,20231005,12.85,13.47,12.85,13.08,38896
TYCHE INDS  ,20231005,170.40,173.00,169.00,172.55,4880
PRITISHN COM,20231005,38.60,38.79,38.00,38.68,1485
INDIAN OVER.,20231005,48.22,49.00,46.31,46.95,8323743
TAJ GVK HOTL,20231005,239.95,239.95,231.35,234.50,12920
CREATIVE EYE,20231005,3.75,4.50,3.75,4.50,1580
KONNDOR     ,20231005,7.59,7.59,7.59,7.59,264
UMESL       ,20231005,6.63,6.63,6.63,6.63,1978
USGTECH     ,20231005,7.55,7.80,7.55,7.80,11863
SAVEN TECHNO,20231005,45.69,48.40,45.69,47.85,30149
AVANTEL LTD ,20231005,290.40,290.40,282.00,283.25,309904
MOSCHIP     ,20231005,89.00,89.90,88.30,88.71,146857
MEGASOFT LTD,20231005,47.79,47.79,47.79,47.79,5491
TRANSCORP IN,20231005,31.49,31.49,30.00,30.94,14169
VISESH INFO.,20231005,0.48,0.48,0.47,0.48,1497570
MID-DAY MULT,20231005,5.96,5.96,5.96,5.96,14390
GENUSPRIME  ,20231005,15.99,16.35,14.91,15.38,9222
UNITD SPR   ,20231005,999.95,1014.15,989.55,1010.80,29549
SANINFRA    ,20231005,78.49,79.82,74.00,76.51,103555
SHALIMAR WIR,20231005,19.85,19.85,19.46,19.47,1483
FAZE3AUTO   ,20231005,66.01,67.25,65.70,66.70,1687
PONNI SUG(ER,20231005,426.30,434.20,420.95,422.85,1623
PUNJAB NATIO,20231005,80.84,81.00,76.35,77.11,10365418
ORACLE FIN  ,20231005,4031.15,4082.25,4002.00,4014.80,2919
HAZ MUL PRO ,20231005,121.95,124.80,118.15,120.00,58862
KAMAHOLDING ,20231005,15250.00,15540.00,15040.10,15450.80,3275
UNION BANK L,20231005,109.95,111.25,104.20,105.40,3307867
UNITED BREWA,20231005,1552.00,1563.35,1546.40,1554.15,2423
NOIDA-TOLL B,20231005,8.16,8.24,7.98,8.01,149212
BALMER LA.IN,20231005,401.80,408.25,401.80,403.20,24295
POKARNA LTD ,20231005,476.60,483.30,468.25,471.20,6977
RADICOKHAIT ,20231005,1193.00,1208.60,1189.75,1206.45,2246
MARUTISUZUK ,20231005,10150.05,10265.50,10112.70,10217.75,6627
RAJAPAMILLS ,20231005,801.45,814.00,798.00,812.65,1659
NAVIN FLUORI,20231005,3755.00,3763.15,3650.50,3695.60,39362
BAG FIL MED ,20231005,5.25,5.38,5.20,5.33,19228
SUPRAJIT ENG,20231005,393.75,394.05,386.80,391.25,15182
TVSELE      ,20231005,359.95,359.95,347.00,349.80,5169
INDRA GAS   ,20231005,459.00,460.30,451.75,458.05,24147
PALRED      ,20231005,146.85,148.55,145.10,145.30,1758
PETRONET LNG,20231005,234.95,236.00,231.10,232.20,35104
PTC INDIA   ,20231005,132.95,134.65,132.20,133.50,63140
BANK MAHA   ,20231005,49.48,49.73,47.65,48.80,4838255
RK FORGINGS ,20231005,632.20,641.00,625.70,630.50,17242
JAIPRA      ,20231005,11.42,11.77,11.16,11.29,5118139
ULTRATECH CM,20231005,8235.95,8235.95,8130.00,8167.05,30528
TCS LTD.    ,20231005,3557.95,3624.00,3553.65,3589.10,64884
NTPC LTD    ,20231005,237.85,237.85,232.10,233.90,727645
JBM AUTO    ,20231005,1298.40,1339.00,1280.00,1301.75,4011
INDOCO REM  ,20231005,330.60,333.05,328.45,330.00,4508
IMPEX       ,20231005,3.21,3.21,3.21,3.21,14765
MORARJETEX  ,20231005,20.80,22.85,20.80,22.03,57160
JINDALPH    ,20231005,526.00,538.75,513.40,519.15,3004
POCL        ,20231005,472.80,487.00,472.00,474.45,7937
MCNALLYB    ,20231005,3.09,3.09,2.95,3.00,154942
MAN DRUGORG ,20231005,104.95,104.95,101.65,102.05,3168
SHOPPER STOP,20231005,676.55,685.45,674.10,679.15,3216
BEEYU OVERSE,20231005,2.62,2.75,2.62,2.75,18396
NECTAR LIFE ,20231005,24.23,24.33,24.00,24.09,9568
MSP STEEL   ,20231005,19.15,19.15,19.15,19.15,482496
SPL INDS    ,20231005,70.50,78.10,69.94,71.84,58386
KARNATAKA BK,20231005,246.00,247.00,243.55,245.55,47172
MCLEOD RUSSE,20231005,21.00,21.00,20.30,20.50,32087
FACOR ALLOYS,20231005,7.33,7.80,7.25,7.65,641402
RANE MADRAS ,20231005,879.60,880.60,845.00,856.50,1584
SUZLONENERGY,20231005,28.65,29.69,28.60,29.69,72240714
RENUKA SUGAR,20231005,53.81,54.27,53.43,53.89,936821
KM SUGARMILL,20231005,34.56,35.80,34.41,35.09,50260
BANNARI AMMA,20231005,47.35,47.75,46.60,47.09,16072
PBA INFRASTR,20231005,8.55,8.79,8.20,8.54,10943
EVEREST KANT,20231005,114.00,116.80,114.00,115.10,56798
KERNEX MICRO,20231005,442.00,474.00,442.00,468.60,5691
REPRO INDIA ,20231005,734.65,755.95,720.00,749.90,539
PVRINOX     ,20231005,1669.05,1711.00,1669.05,1706.35,7432
RADHA MADHAV,20231005,1.99,2.00,1.87,1.99,40029
BARTRONICSIN,20231005,11.64,11.64,11.50,11.64,36874
NITINSPINNER,20231005,287.00,288.35,282.00,282.25,12673
ROYALORCH   ,20231005,304.15,310.90,303.40,307.55,16273
ENT NETWORK ,20231005,163.10,185.90,162.60,181.50,57262
CELLA       ,20231005,8.20,8.59,8.20,8.59,1871
GUJ PETRONET,20231005,285.20,288.65,284.35,287.30,21739
JAGRAN PRAK ,20231005,103.00,104.50,102.60,103.86,8932
SADBHAV ENGG,20231005,15.60,15.60,15.60,15.60,258559
REL COM LTD ,20231005,1.70,1.76,1.70,1.73,1734662
SAKUMA EXPO ,20231005,17.70,17.70,17.05,17.26,61496
KEC INTERN  ,20231005,684.30,684.30,666.40,672.35,5658
GILLA ARBUT ,20231005,103.74,107.60,101.70,102.98,14177
INDOTECHTR  ,20231005,439.70,439.70,428.00,439.00,561
M&M FINANSER,20231005,293.70,293.70,284.50,285.80,127240
NITCO TILES ,20231005,18.55,20.85,18.55,20.29,247500
MPDL        ,20231005,27.29,28.85,27.00,27.51,9455
SOLAR IND   ,20231005,4989.95,4990.00,4900.70,4973.60,1356
STL GLOBAL  ,20231005,15.20,16.00,15.20,15.75,4043
KEWAL KIRAN ,20231005,702.10,721.20,694.05,712.50,1494
SUN TVNET   ,20231005,607.20,637.75,607.20,633.45,117383
GODAWARI POW,20231005,615.05,618.85,602.20,604.25,33501
RSYSTEMINT  ,20231005,523.95,523.95,503.55,507.35,4549
PAUSHAKLTD  ,20231005,6345.00,6349.75,6275.05,6280.60,1517
GTN TEXTILE ,20231005,11.50,11.95,11.50,11.83,2455
INDICAP     ,20231005,44.45,45.80,42.25,43.34,17141
PRIME FOCUS ,20231005,92.82,95.25,92.45,93.45,13582
TECH MAH    ,20231005,1218.50,1223.90,1199.60,1205.80,37772
CIEINDIA    ,20231005,471.00,478.00,466.00,472.90,20485
VOLTAMP TRAN,20231005,4299.95,4443.80,4220.15,4407.15,1524
HOV SERVICES,20231005,56.30,58.00,56.00,56.95,1382
JHS SVEN    ,20231005,21.69,21.69,21.30,21.38,11235
GTL INFRAST ,20231005,1.04,1.07,1.02,1.06,62120419
INFO EDGE   ,20231005,4057.00,4225.40,4052.65,4212.65,10694
SUTLEJ TEXT ,20231005,59.10,59.99,56.35,57.23,163069
RUCHIRA PAP ,20231005,140.95,143.40,140.95,142.80,12033
NTWK MED INV,20231005,68.02,73.38,68.02,72.79,461493
CAMBRIDGE   ,20231005,58.00,60.40,58.00,59.90,4264
TECHNOCRAFT ,20231005,2044.95,2044.95,2004.20,2020.65,1845
AI CHAMPDNY ,20231005,39.27,39.27,39.00,39.00,529
POWER FINAN ,20231005,246.05,246.75,240.00,240.55,406497
TRANSWARRANT,20231005,9.96,10.34,9.96,10.09,3808
INDIAN BANK ,20231005,433.05,439.80,425.90,427.90,40541
SMS PHARMACE,20231005,124.50,124.60,123.50,123.90,3152
ORIENTAL    ,20231005,7.13,7.29,7.11,7.12,3459
ELAND       ,20231005,6.01,6.49,5.97,6.04,15381
JAGJANANI   ,20231005,11.47,11.47,11.47,11.47,17859
RAJ TELE    ,20231005,48.75,50.80,48.70,49.92,932
PAGE INDUSTR,20231005,39300.00,39550.00,39000.00,39053.05,168
LEHAR       ,20231005,167.05,173.00,167.05,173.00,5657
INDBUL REAL ,20231005,80.79,82.00,79.90,80.35,888593
SAHYA INDU  ,20231005,440.05,440.05,427.55,431.10,976
SREE RAYALA ,20231005,590.00,606.55,590.00,601.40,873
HILTON MET  ,20231005,159.90,159.90,152.95,153.60,4439
MIC ELECTRON,20231005,30.01,30.01,29.16,30.01,1048349
INSECTCID   ,20231005,505.30,509.95,501.00,506.95,2189
HARYA CAPFIN,20231005,92.00,92.00,87.25,88.33,89
HGSL        ,20231005,1005.00,1009.05,999.15,1003.90,1775
SUNPHA ADV  ,20231005,238.95,238.95,231.80,232.85,22040
HOUSING DEV ,20231005,3.11,3.11,3.11,3.11,329738
ALLIED DIGIT,20231005,125.70,128.50,125.60,126.55,21089
SIR SHADI LA,20231005,139.00,143.00,134.70,136.60,618
OMAXE LTD   ,20231005,72.34,77.21,72.34,74.31,65786
SEL MANUF   ,20231005,115.60,115.60,115.55,115.55,1910
ASIAN GRANIT,20231005,62.63,68.01,62.63,67.15,409362
K.P.R. MILL ,20231005,752.00,759.30,743.85,748.70,6340
TAKE SOLUT  ,20231005,21.10,21.69,21.10,21.52,30944
PURAVANKARA ,20231005,123.55,129.50,123.55,126.05,87405
VTM LTD     ,20231005,61.95,61.95,59.62,60.29,2245
IWIND ENERGY,20231005,13.40,13.81,13.05,13.31,30087
MAGNUM VENT ,20231005,40.50,41.00,38.50,38.98,12281
KAVERI SEED ,20231005,603.70,608.25,598.00,599.20,3395
ILFSENGG    ,20231005,19.84,19.84,19.84,19.84,18165
PARLEIND    ,20231005,7.42,7.42,7.30,7.35,31248
RELIGARE ENT,20231005,244.00,244.00,238.40,239.20,33092
BARAK VALL  ,20231005,38.00,39.00,38.00,38.49,1641
RATHI BARS  ,20231005,25.23,25.35,24.87,25.00,32581
KAUSHAL INFR,20231005,8.46,8.48,8.35,8.48,286067
MANAKSIA LTD,20231005,140.05,142.95,136.65,139.05,13149
PORWAL AUTO ,20231005,42.94,42.94,42.94,42.94,12232
J KUMAR INFR,20231005,421.15,434.95,421.15,427.60,4657
KNR CONST   ,20231005,284.75,286.60,280.40,284.25,35936
IRB INFRA   ,20231005,31.35,31.50,30.74,30.97,1110661
GSS INFOTECH,20231005,215.65,219.65,208.60,217.30,10282
V GUARD IND ,20231005,296.20,300.20,291.40,295.00,10276
GOKAK TEXTI ,20231005,43.37,43.37,43.37,43.37,398
TITAGARH    ,20231005,787.95,787.95,771.00,780.55,79477
KIRI DYES   ,20231005,268.05,270.85,266.80,269.00,2054
ABML        ,20231005,81.36,84.20,80.67,82.17,34044
JAIBALA IND ,20231005,462.00,482.90,462.00,482.90,14758
BAJAJ FINSE ,20231005,1537.05,1556.00,1532.45,1542.45,18943
GOKUL REFOIL,20231005,35.20,41.00,34.70,39.90,516066
RPG LIFESCI ,20231005,1289.50,1289.50,1268.00,1269.85,1867
NIRAJ CEMENT,20231005,38.95,38.95,38.78,38.95,25358
RANE BRAKE  ,20231005,815.75,828.20,801.30,805.70,1299
RANE ENGVL  ,20231005,306.00,306.10,301.30,302.55,528
BAFNA PHARMA,20231005,93.61,97.00,88.95,90.09,4968
CHL LTD     ,20231005,27.02,27.15,25.18,26.49,734
SEJAL       ,20231005,235.00,235.00,225.00,233.00,511
LEHIL       ,20231005,81.50,82.10,81.36,82.10,986
LANDMRK PRO ,20231005,6.90,7.05,6.73,6.93,13763
SICAGEN IND ,20231005,43.63,43.63,41.50,42.50,22323
SIMPLEX PAP ,20231005,1040.70,1040.70,1040.70,1040.70,7
INDIAN MET  ,20231005,414.65,417.10,407.15,413.15,7354
GI ENGINERG ,20231005,11.41,11.90,11.41,11.65,50067
VEDAVAAG    ,20231005,50.00,52.99,49.25,51.63,153184
MOLDTKPACK  ,20231005,895.05,904.50,895.05,896.70,7170
MAH HOLIDAY ,20231005,410.00,414.10,400.45,403.90,3225
RAJ OIL     ,20231005,45.00,46.32,43.95,44.36,2880
BENGLA& ASM ,20231005,5622.85,5664.00,5500.10,5593.30,467
SURYAMBA SP ,20231005,170.80,177.90,170.60,172.00,1121
OIL INDIA   ,20231005,293.80,295.80,290.45,294.90,65969
BHILWRA TEC ,20231005,26.62,27.00,25.91,26.31,18785
SH PRECOTED ,20231005,14.39,14.39,14.20,14.20,703
ESSAR SECU  ,20231005,9.06,9.69,9.06,9.18,4531
VASCON ENG  ,20231005,67.66,71.56,67.00,69.91,1156623
THANGAMAYIL ,20231005,1288.95,1339.65,1249.00,1310.70,5355
HATHWAY CAB ,20231005,21.28,21.42,20.66,21.06,1568690
SUNDARAMMUL ,20231005,3.40,3.44,3.32,3.43,139399
CORO ENGG   ,20231005,40.01,40.01,38.01,38.01,8524
TAMBOLIIN   ,20231005,170.00,175.00,166.25,167.05,18598
INTRASOFT   ,20231005,149.45,149.45,134.75,135.15,1195
KCP SUGAR IN,20231005,36.80,36.80,35.31,35.89,58389
KIRLOSKAR EL,20231005,115.80,120.05,114.00,120.05,84847
SATCH       ,20231005,3.90,3.90,3.54,3.54,164683
TARAPUR TRA ,20231005,4.60,4.60,4.51,4.55,6974
KRITI NUTRI ,20231005,74.09,74.98,72.50,73.11,3752
GKB OPHTHA  ,20231005,99.40,102.00,99.40,101.00,5233
HDFCGOLD    ,20231005,50.04,50.56,49.74,50.34,48528
RAMKY INFRA ,20231005,593.20,595.35,582.45,586.30,5394
SEATV       ,20231005,3.66,3.66,3.66,3.66,68
VATECH WABA ,20231005,459.90,459.90,451.95,452.75,12371
OBEROI REAL ,20231005,1125.10,1149.15,1076.20,1091.15,29157
SHAH        ,20231005,2.70,2.86,2.66,2.80,509486
RDB REALTY  ,20231005,55.01,60.20,52.80,58.80,25133
MOIL LTD    ,20231005,212.05,217.25,212.05,212.65,36134
KESAR TERMI ,20231005,58.00,59.95,56.15,57.93,4162
KIRLOIL ENG ,20231005,533.80,544.20,528.15,533.15,25584
RAVI KUMAR  ,20231005,18.61,18.61,18.40,18.40,15754
PUNJABNSIND ,20231005,47.24,47.24,44.89,45.22,506298
KALYANI INV ,20231005,2923.50,2957.25,2910.00,2935.40,433
SUMMIT SECU ,20231005,993.95,996.00,987.25,994.05,1359
INNO INVEST ,20231005,28.07,28.07,28.00,28.00,4447
OMKAR SPC   ,20231005,10.15,10.45,9.80,10.45,16493
JUBILNT IND ,20231005,626.95,646.65,622.35,645.35,293
TEXMACO RAIL,20231005,129.35,132.15,127.50,131.45,111815
FINEOTEX  CH,20231005,315.45,319.65,314.00,316.45,11505
ZEN TECH    ,20231005,740.00,755.00,735.10,739.15,9453
PTCFIN SER  ,20231005,27.89,28.33,27.68,28.09,153482
CIL NOVA    ,20231005,23.50,24.00,22.04,22.58,1662
VMS INDUSTR ,20231005,34.74,34.74,33.00,33.96,40410
KARMA ENERG ,20231005,46.87,47.95,46.87,47.50,3974
RUSHIL DECOR,20231005,274.20,276.50,272.50,275.95,3267
ENKEI WHEEL ,20231005,591.00,612.95,580.00,600.55,2164
KRIINFRA    ,20231005,2.92,2.92,2.92,2.92,5732
LNT FH      ,20231005,131.50,133.30,130.20,131.50,684537
RUPA & CO   ,20231005,258.00,263.00,257.50,262.05,3640
TD POWER    ,20231005,261.00,261.95,251.00,252.35,5272
ALEM PHARMA ,20231005,793.45,793.45,772.60,774.95,6688
VASWANI IND ,20231005,28.00,28.96,27.70,28.52,7511
PG ELECTRO  ,20231005,1723.05,1785.50,1723.05,1772.90,2600
LESHAIND    ,20231005,4.10,4.20,4.05,4.19,121799
RDB RASAYAN ,20231005,119.00,119.00,113.00,115.35,10817
TIJARIA PPL ,20231005,5.90,5.90,5.65,5.65,1605
TRIVENITURB ,20231005,429.65,429.65,419.40,421.05,7790
LICMFGOLD   ,20231005,5210.00,5225.00,5205.50,5205.50,16
FERVENTSYN  ,20231005,18.51,19.89,18.51,19.58,800
TSIL        ,20231005,120.80,120.80,120.80,120.80,1112
TERASOFTWARE,20231005,44.05,44.11,44.05,44.11,2935
PMCFIN      ,20231005,1.72,1.74,1.65,1.70,755017
FUT SOL     ,20231005,57.45,57.45,54.60,56.99,238
AIML        ,20231005,28.00,28.90,28.00,28.25,22823
MCX LTD     ,20231005,1968.70,1968.70,1913.30,1948.55,36385
PYXISFIN    ,20231005,9.20,9.30,9.20,9.30,8000
OLYMPIC     ,20231005,3.58,3.68,3.46,3.66,2893
MAXHEIGHTS  ,20231005,41.26,41.40,38.80,40.09,11334
TBZ LTD     ,20231005,110.00,113.15,109.80,112.60,13082
LOOKS       ,20231005,5.40,5.40,5.24,5.40,10631
SPECIALITY R,20231005,197.00,199.55,196.10,197.35,2233
SAMPANN     ,20231005,15.54,15.55,15.54,15.54,2596
AMTL        ,20231005,30.50,30.50,30.00,30.50,2836
WAAREERTL   ,20231005,1388.00,1400.00,1350.00,1372.05,34554
JUPITER INFO,20231005,22.50,23.40,21.25,22.36,12577
VINAYAK POL ,20231005,22.64,22.64,22.64,22.64,150
PROZONER    ,20231005,30.65,30.76,30.10,30.49,36830
SRG HFL     ,20231005,254.50,256.55,253.95,255.55,545
COMFORT COM ,20231005,17.19,17.19,16.54,16.89,11980
CASPIAN     ,20231005,31.05,32.48,31.05,31.90,13567
AERPACE     ,20231005,11.15,11.15,11.15,11.15,86395
VIRTUAL GLO ,20231005,1.05,1.05,1.00,1.01,1065971
ZUARI AGRO  ,20231005,156.35,156.55,153.30,154.10,7957
STEEL EXCH  ,20231005,9.34,9.49,9.20,9.29,415698
TRIO MERCAN ,20231005,0.74,0.74,0.70,0.70,99441
CDG         ,20231005,39.93,39.93,39.93,39.93,23374
NIBE        ,20231005,574.85,574.85,574.85,574.85,5022
MUKTA       ,20231005,3.19,3.36,3.19,3.30,6561
MYSTICELE   ,20231005,3.15,3.30,3.03,3.30,13647
COM FINCAP  ,20231005,8.40,8.45,7.90,8.31,154068
SBISENSEX   ,20231005,710.50,711.00,705.64,707.69,4849
BOTHRA MET  ,20231005,8.35,8.35,7.94,7.94,8000
LAKHOTIA POL,20231005,38.50,38.50,38.50,38.50,10
GCM SECU    ,20231005,1.34,1.38,1.30,1.34,278459
NRB IND BEA ,20231005,31.75,31.75,31.75,31.75,2531
KIFS FSL    ,20231005,148.50,149.45,142.00,146.90,234
SREELEATHER ,20231005,248.05,256.00,243.00,243.55,2702
SHARDA MOTOR,20231005,979.95,981.80,955.40,973.75,5829
SV GLOBAL   ,20231005,94.40,94.40,85.66,89.76,33451
OONE        ,20231005,15.28,15.28,15.05,15.10,753
IFINSEC     ,20231005,29.31,29.31,29.31,29.31,1
BRAHM INFRA ,20231005,45.00,45.00,43.01,45.00,17250
QUEST SOFTEC,20231005,71.35,71.35,68.72,70.53,11761
KHOOBSURAT  ,20231005,1.24,1.24,1.18,1.19,159346
MMLF        ,20231005,65.32,69.60,65.32,69.55,15000
ESSENTIA    ,20231005,6.28,6.28,6.28,6.28,120756
JULIEN      ,20231005,24.89,24.89,24.40,24.40,1624
TIGER LOGS  ,20231005,407.00,421.95,404.00,410.40,16198
JKAGRI GEN  ,20231005,443.55,459.90,443.55,446.60,271
FUTLIF FAS  ,20231005,2.97,2.98,2.96,2.98,93703
TRIMURTHI   ,20231005,8.50,8.50,8.50,8.50,880
PVVINFRA    ,20231005,17.05,17.10,16.80,16.86,1763
VCU DATA    ,20231005,5.99,5.99,5.88,5.89,29951
INDRENEW    ,20231005,24.26,24.26,24.25,24.26,6055
STELLAR CAP ,20231005,4.20,4.20,4.20,4.20,6000
JIN POLY INV,20231005,529.70,534.10,519.50,526.15,442
INTEGRA TELE,20231005,10.45,10.75,10.27,10.51,18799
CAPTAIN POLY,20231005,24.50,25.90,24.50,25.59,151852
ARNOLD HOLD ,20231005,19.00,19.00,16.90,18.68,19632
SUNIL HEALTH,20231005,51.90,52.95,51.90,52.39,2141
RCI IND     ,20231005,3.24,3.40,3.24,3.40,6061
SUYOG TELE  ,20231005,655.50,740.00,653.55,722.55,420175
CHEMTECH IND,20231005,52.99,52.99,52.99,52.99,19466
TAAZAINT    ,20231005,13.51,14.48,13.51,13.96,18553
VIAANINDUS  ,20231005,0.61,0.67,0.61,0.66,88004
DENIS CHEM  ,20231005,108.00,109.15,103.25,105.90,3741
POLYMAC     ,20231005,32.20,32.75,32.20,32.65,42400
UNISHIRE    ,20231005,1.60,1.67,1.60,1.67,20000
ETT LTD     ,20231005,19.89,20.51,19.89,19.89,84993
HANSUGAR    ,20231005,7.50,7.60,7.36,7.48,44927
KIRAN VYPAR ,20231005,152.80,157.40,152.80,153.90,6501
RACE        ,20231005,255.00,255.00,250.90,252.40,178
MANGALAM IND,20231005,4.00,4.00,3.90,3.92,1397412
VFL         ,20231005,1.95,2.02,1.84,1.91,22637
PHOENIX TN  ,20231005,68.52,72.31,68.52,72.31,1661
INFRONICS SY,20231005,37.79,37.79,37.79,37.79,7
HARIA APL   ,20231005,5.25,5.70,4.30,5.25,64125
VASUPRADA   ,20231005,78.00,78.00,74.00,77.99,523
RNB DENIMS  ,20231005,39.44,39.44,37.91,38.31,24982
GOLD LINE   ,20231005,0.60,0.60,0.60,0.60,1271082
SHARP INV   ,20231005,0.71,0.71,0.71,0.71,138947
GCM CAPI    ,20231005,8.54,8.96,8.12,8.95,23000
AFEL        ,20231005,5.10,5.10,4.86,5.10,42648
WEST LEIRES ,20231005,191.00,195.00,181.45,181.45,479
NAM SEC     ,20231005,60.23,60.23,54.51,58.49,166
MAESTROS ELE,20231005,101.00,101.97,99.00,99.02,2958
SPS         ,20231005,74.90,74.90,73.50,73.50,8
JACKSON     ,20231005,0.36,0.36,0.36,0.36,10759
MONEYBOXX   ,20231005,211.65,211.80,199.95,201.60,21156
WORTH INV   ,20231005,74.55,74.55,74.55,74.55,1
QUASAR      ,20231005,28.06,28.06,28.06,28.06,2080
TPROJECT    ,20231005,3.29,3.63,3.29,3.29,3762
AMARSEC     ,20231005,53.19,53.19,52.96,53.19,5079
CTL         ,20231005,35.25,36.85,34.81,36.41,32677
TARINI      ,20231005,10.76,10.76,10.76,10.76,99000
YAANENT     ,20231005,24.85,25.56,24.85,24.85,3700
JTAPARIA    ,20231005,51.35,51.35,51.35,51.35,551870
RLFL        ,20231005,0.89,0.89,0.85,0.89,9386
GOLDCOINHF  ,20231005,6.16,6.16,6.15,6.16,8381
BANSAL ROOF ,20231005,107.00,109.95,104.60,106.95,7939
JAMESWARREN ,20231005,251.20,257.50,251.20,251.90,209
VISTARAMAR  ,20231005,274.00,279.95,270.00,270.50,1275
FRUTION     ,20231005,50.23,50.23,50.00,50.00,2841
TRIVENI ENT ,20231005,2.49,2.54,2.12,2.35,565243
QUANTBUILD  ,20231005,2.95,2.95,2.94,2.94,4006
TTIENT      ,20231005,13.82,15.15,13.82,14.60,51649
TOYAMSL     ,20231005,6.59,6.59,6.25,6.56,1238170
GAJANANSEC  ,20231005,39.00,40.95,37.05,37.05,1978
UNISON      ,20231005,22.75,22.75,22.00,22.16,3338
RTFL        ,20231005,32.27,32.27,32.27,32.27,1058
VRL         ,20231005,195.35,200.00,188.00,196.00,1699
QGO         ,20231005,50.50,50.50,48.04,50.02,3111
NAYSAA      ,20231005,188.10,193.55,188.10,189.65,5141
CITYONLINE  ,20231005,4.15,4.15,4.15,4.15,2507
SENSEXBEES  ,20231005,729.50,732.69,727.53,731.76,1101
ULTRACAB    ,20231005,18.29,19.80,18.27,19.45,1690322
RCCL        ,20231005,36.10,36.10,35.01,35.02,1111
ETIL        ,20231005,8.67,8.67,8.41,8.41,3450
ATISHAY     ,20231005,38.24,41.50,38.24,39.93,17097
SANGAMFIN   ,20231005,60.78,60.78,55.05,60.78,124
DHABRIYA    ,20231005,341.90,341.90,333.00,333.70,20662
HANMAN      ,20231005,2.17,2.17,2.17,2.17,4200
VGCL        ,20231005,70.00,70.00,64.42,67.91,2173
CEINSYSTECH ,20231005,278.00,291.00,268.15,272.95,233551
CRANE INFRA ,20231005,22.02,22.02,22.02,22.02,2122
NIYOGIN     ,20231005,69.70,69.75,67.71,68.64,142740
KALYANCAP   ,20231005,19.49,19.93,17.66,19.14,174258
GBFL        ,20231005,5.80,5.80,5.50,5.77,4624
GILADAFINS  ,20231005,12.60,13.46,12.60,12.80,12331
JETINFRA    ,20231005,9.55,9.55,9.55,9.55,4000
SAPPL       ,20231005,282.00,289.50,280.00,285.00,919
AANCHALISP  ,20231005,10.08,10.42,10.05,10.17,49913
CAPPIPES    ,20231005,23.70,23.70,23.00,23.05,160772
KAIZENAGRO  ,20231005,11.00,11.55,10.51,11.55,16511
JMJFIN      ,20231005,18.25,19.15,18.25,18.88,4913
JSTL        ,20231005,59.98,59.98,55.22,56.43,13123
ICL         ,20231005,40.39,40.39,39.69,39.69,44
SCC         ,20231005,4.05,4.05,3.76,3.76,14164
PANAFIC     ,20231005,1.06,1.07,1.05,1.06,220551
CSL         ,20231005,4.85,5.17,4.85,5.10,42931
NEXUSSURGL  ,20231005,11.89,11.89,11.35,11.51,8853
SELLWIN     ,20231005,11.80,11.90,10.95,10.97,27923
GALADAFIN   ,20231005,13.54,13.54,12.87,12.87,185
EMERALD     ,20231005,19.00,19.48,18.51,18.71,24704
MKEXIM      ,20231005,112.80,112.95,109.60,110.10,14964
MCLOUD      ,20231005,436.05,444.05,436.05,443.40,315122
OCTAL       ,20231005,18.50,18.50,17.30,17.94,47
MIHIKA      ,20231005,26.46,26.46,23.94,24.10,4004
KANCHI      ,20231005,420.10,428.40,420.10,425.40,2979
DHUN TEAIND ,20231005,222.35,223.15,218.30,223.00,1125
VANICOM     ,20231005,13.10,13.69,12.65,13.62,1636
VINCOFE     ,20231005,25.80,25.85,25.80,25.80,72942
RAFL        ,20231005,220.00,220.00,220.00,220.00,625
COSYN       ,20231005,35.85,35.99,34.00,34.98,5524
SOFCOM      ,20231005,65.90,65.90,62.80,65.09,452
KARNAVATI   ,20231005,2.09,2.09,1.91,2.00,164380
ABHIFIN     ,20231005,21.85,21.85,21.85,21.85,1
MERCANTILE  ,20231005,22.80,22.80,22.05,22.31,3885
SONAL       ,20231005,88.55,88.55,83.00,85.08,701
ALFL        ,20231005,1.96,2.05,1.95,2.01,24526
MERCURYLAB  ,20231005,807.90,807.90,768.00,783.20,203
CONCORD     ,20231005,33.30,34.59,33.26,34.00,5161
WARDINMOBI  ,20231005,37.00,38.50,37.00,38.33,523609
SHREESEC    ,20231005,0.41,0.41,0.40,0.40,1041034
TALBROSENG  ,20231005,827.40,827.40,827.40,827.40,4820
PTCIL       ,20231005,5840.00,5840.00,5479.55,5505.60,164
CHENFERRO   ,20231005,141.80,141.80,132.20,137.30,4284
MEGRISOFT   ,20231005,98.80,98.80,95.95,95.98,51
GITARENEW   ,20231005,122.00,122.00,120.00,120.50,1772
ORTEL       ,20231005,1.00,1.00,1.00,1.00,650
NEIL        ,20231005,11.11,12.24,11.11,11.11,10887
STARHFL     ,20231005,59.30,59.60,58.33,58.93,156420
BEEKAY      ,20231005,726.00,770.00,726.00,737.65,8052
FRASER      ,20231005,6.36,6.36,6.19,6.28,39685
TTIL        ,20231005,38.08,38.08,34.96,35.50,21509
SVPHOUSING  ,20231005,73.86,73.86,73.86,73.86,12500
AGIIL       ,20231005,589.80,590.00,576.00,578.25,116
MANAKSTELTD ,20231005,46.65,46.65,45.66,46.43,1049
MNKALCOLTD  ,20231005,27.10,27.45,26.65,26.72,14182
MNKCMILTD   ,20231005,24.75,25.56,24.16,24.74,5486
RAJPUTANA   ,20231005,29.90,32.94,29.90,32.85,1484
AANANDALAK  ,20231005,11.15,11.15,10.45,10.95,1789
URSUGAR     ,20231005,11.74,11.99,11.55,11.85,39108
FILTRA      ,20231005,40.00,42.00,40.00,42.00,18000
SHESHAINDS  ,20231005,14.66,14.66,13.81,14.01,1832
SAB         ,20231005,120.00,120.00,120.00,120.00,68
PML         ,20231005,1873.00,1910.00,1871.10,1900.25,259
ALAN SCOTT  ,20231005,77.56,77.56,77.56,77.56,362
SUJALA      ,20231005,19.00,19.68,18.31,19.04,1537
BFFL        ,20231005,25.00,25.00,24.49,24.49,34
PALCO       ,20231005,60.95,60.95,53.71,55.12,2679
BODHTREE    ,20231005,6.00,6.00,5.66,5.78,22120
VBIND       ,20231005,5.26,5.36,5.26,5.36,3915
SARVOTTAM   ,20231005,42.89,42.89,40.44,42.10,32234
WARDWIZFBL  ,20231005,37.99,37.99,36.23,36.64,61662
PANTH       ,20231005,7.58,7.72,7.51,7.56,42106
ICSL        ,20231005,4.20,4.20,4.02,4.13,12828
ARFIN       ,20231005,39.89,39.90,38.00,38.26,301838
HELPAGE     ,20231005,14.20,14.20,14.20,14.20,360
INDRAIND    ,20231005,8.30,8.30,8.30,8.30,2173
HAWAENG     ,20231005,110.95,110.95,105.10,108.35,758
AIIL        ,20231005,593.95,597.00,550.00,559.85,46876
DFL         ,20231005,13.87,14.27,13.87,13.90,856
POEL        ,20231005,191.95,201.40,183.45,196.00,27763
AEL         ,20231005,87.45,87.45,83.10,84.12,9279
SGFIN       ,20231005,541.90,547.90,536.50,539.25,15798
GVBL        ,20231005,23.87,23.87,22.25,23.01,7030
GARMNTMNTR  ,20231005,4.67,4.67,4.48,4.58,50893
SRESTHA     ,20231005,1.25,1.33,1.25,1.26,98534
SAUMYA      ,20231005,79.85,79.85,78.00,78.00,15
MUL         ,20231005,11.73,11.73,11.73,11.73,10784
MISHKA      ,20231005,32.82,32.82,31.30,32.00,20477
GROWINGTON  ,20231005,202.00,203.80,200.00,203.40,24800
RUDRA       ,20231005,110.15,110.15,110.15,110.15,8385
LOYAL       ,20231005,138.80,138.80,133.00,136.00,3067
GGPL        ,20231005,4.61,4.61,4.61,4.61,63215
SCFL        ,20231005,20.20,20.70,20.20,20.33,19210
ADANIENSOL  ,20231005,810.05,816.00,805.45,807.95,63823
STARDELTA   ,20231005,366.80,366.80,350.00,365.95,1199
SAMSRITA    ,20231005,16.99,16.99,16.16,16.88,1670
MSL         ,20231005,214.00,222.90,210.10,216.20,1723
ALSTONE     ,20231005,0.72,0.72,0.67,0.67,19567279
SYMBIOX     ,20231005,2.89,2.89,2.80,2.82,46677
ORTINLAABS  ,20231005,19.00,19.20,19.00,19.10,552
AVI         ,20231005,13.00,13.30,11.90,12.85,5020
OSWALGREEN  ,20231005,25.71,27.52,24.84,27.31,87841
AKSPINTEX   ,20231005,130.00,130.00,125.05,125.35,4972
CANOPYFIN   ,20231005,59.89,60.65,58.70,60.65,40917
THINKINK    ,20231005,81.00,81.00,79.01,79.88,563431
UNIAUTO     ,20231005,257.80,257.80,250.00,254.00,5054
WAAREE      ,20231005,390.00,396.90,387.00,396.90,14700
SALAUTO     ,20231005,430.00,432.20,415.00,422.05,955
POLYSPIN    ,20231005,49.20,49.20,46.30,46.90,1918
SML         ,20231005,27.56,27.56,27.56,27.56,57
MINFY       ,20231005,8.40,8.40,8.00,8.40,2453
KRISHNACAP  ,20231005,18.05,18.05,18.05,18.05,131
ACME        ,20231005,24.09,24.09,23.60,23.60,1665
VISHALBL    ,20231005,213.90,219.40,210.00,211.15,4054
BELLACASA   ,20231005,153.20,159.00,153.15,154.45,3174
VAL         ,20231005,16.26,17.79,16.26,17.12,59615
DITCO       ,20231005,15.30,16.25,15.00,16.09,152420
SWAGTAM     ,20231005,45.39,45.39,43.75,45.39,1316
KUBERJI     ,20231005,6.19,6.19,6.19,6.19,100
NEERAJ      ,20231005,14.93,14.93,14.19,14.19,6
TEJNAKSH    ,20231005,32.45,32.48,31.00,31.88,22034
PANORAMA    ,20231005,258.00,258.85,258.00,258.85,843
SHREEGANES  ,20231005,0.81,0.83,0.79,0.80,9600878
GTV         ,20231005,364.00,364.00,336.90,345.60,2423
GARBIFIN    ,20231005,28.20,29.74,28.20,29.00,102595
SMARTFIN    ,20231005,8.08,8.20,7.85,7.96,15382
RAJKOTINV   ,20231005,44.00,44.00,44.00,44.00,1
ADCON       ,20231005,1.50,1.56,1.49,1.56,73175
QUINT       ,20231005,167.05,176.90,164.05,170.00,116739
HDFCNIFTY   ,20231005,214.99,217.86,212.92,214.58,3492
HDFCSENSEX  ,20231005,720.00,723.46,720.00,722.38,60241
UDAYJEW     ,20231005,122.25,127.95,122.25,124.30,2014
MAYUKH      ,20231005,13.05,13.30,12.50,13.30,11972
SCTL        ,20231005,1.01,1.01,1.01,1.01,305234
AAYUSH      ,20231005,27.25,27.25,26.01,27.25,373
APOORVA     ,20231005,20.10,20.10,20.09,20.09,11
BNL         ,20231005,72.88,72.88,67.51,69.05,314348
FMEC        ,20231005,56.18,56.18,56.18,56.18,15
DDIL        ,20231005,5.83,5.83,5.61,5.73,100468
REMLIFE     ,20231005,660.00,684.30,622.80,630.90,8210
AARNAV      ,20231005,30.89,30.89,30.10,30.70,13815
SCL         ,20231005,37.98,38.45,37.98,38.45,1196
SIPTL       ,20231005,0.94,0.96,0.85,0.91,239179
SHIVA       ,20231005,4.36,4.38,4.36,4.37,7763
MISHTANN    ,20231005,13.80,13.90,13.17,13.36,6165717
DELTA       ,20231005,17.50,17.50,17.50,17.50,325
CGFL        ,20231005,142.15,150.00,142.15,145.05,1439
KEL         ,20231005,13.54,13.54,13.54,13.54,247
BLUECLOUDS  ,20231005,73.50,74.93,72.60,73.05,7804
KEIL        ,20231005,33.15,33.15,30.60,31.85,62239
BCLENTERPR  ,20231005,1.05,1.05,1.03,1.04,283434
VIDLI       ,20231005,72.00,72.00,68.15,71.43,2586
ACEMEN      ,20231005,53.58,57.00,53.58,56.90,1784
BFLAFL      ,20231005,14.30,14.64,13.75,14.57,5530
RCL         ,20231005,1.62,1.62,1.49,1.49,16902
KAPILRAJ    ,20231005,13.92,14.30,13.92,14.12,16055
DAL         ,20231005,23.47,23.47,23.47,23.47,1
KPEL        ,20231005,600.00,619.40,590.00,597.95,87020
IFINSER     ,20231005,18.90,20.00,18.90,20.00,3701
HILIKS      ,20231005,20.11,20.11,20.11,20.11,6043
HYPERSOFT   ,20231005,8.00,8.70,8.00,8.51,1227
FREDUN      ,20231005,900.00,928.00,900.00,908.15,1255
RELICAB     ,20231005,92.48,92.48,89.00,89.98,4389
VKAL        ,20231005,122.00,122.30,118.50,119.00,1435
MNIL        ,20231005,12.49,13.11,12.15,12.50,18592
ADVIKCA     ,20231005,2.33,2.33,2.31,2.31,466173
KDML        ,20231005,38.17,38.17,38.17,38.17,4800
UMIYA       ,20231005,6.19,6.19,5.72,6.15,2333
CHDCHEM     ,20231005,5.40,5.40,5.21,5.25,8079
LELAVOIR    ,20231005,95.12,97.00,95.12,97.00,548
BALGOPAL    ,20231005,20.15,20.18,20.15,20.18,280
SUPERIOR    ,20231005,1.49,1.49,1.42,1.42,4162
RPEL        ,20231005,599.00,612.00,571.10,588.60,60009
NINSYS      ,20231005,371.95,374.95,355.95,371.00,2423
HALDER      ,20231005,315.00,327.75,315.00,317.90,595
RSDFIN      ,20231005,79.00,83.90,79.00,79.29,106
DARSHANORNA ,20231005,3.04,3.04,2.98,3.01,18773
MADHAVIPL   ,20231005,7.20,7.20,7.19,7.19,538897
KOCL        ,20231005,2.02,2.06,2.02,2.03,10571
NAGARFERT   ,20231005,8.30,8.70,8.30,8.70,182721
SEIL        ,20231005,64.68,66.00,64.00,64.95,154770
MIL         ,20231005,84.00,84.90,81.20,84.36,12595
YASHCHEM    ,20231005,67.34,67.34,64.20,65.32,7503
JLL         ,20231005,35.00,35.48,33.20,33.21,690
TAALENT     ,20231005,2133.00,2180.65,2133.00,2149.15,1002
ZEAL        ,20231005,7.50,7.85,7.50,7.74,87310
COMSYN      ,20231005,55.50,56.87,54.50,55.07,6773
CFEL        ,20231005,130.00,132.75,122.60,126.40,23246
LLOYDSTEEL  ,20231005,42.70,43.00,42.00,42.10,179558
KPL         ,20231005,384.85,384.85,369.35,374.75,4596
LTIM        ,20231005,5201.05,5254.10,5201.05,5226.60,5975
EASTWEST    ,20231005,5.03,5.03,4.90,4.96,30329
COLORCHIPS  ,20231005,4.45,4.45,4.15,4.26,117517
LAHL        ,20231005,7.34,7.88,7.30,7.32,1488
PTIL        ,20231005,207.60,218.50,207.60,207.60,246
GOLDENCREST ,20231005,75.91,75.91,75.91,75.91,2
ECS         ,20231005,6.62,6.63,6.02,6.63,9907
FRETAIL     ,20231005,3.21,3.21,3.10,3.19,146846
SHIVAEXPO   ,20231005,7.55,7.57,7.55,7.57,30000
MITSU       ,20231005,177.50,179.05,176.00,176.40,3876
SPRAYKING   ,20231005,189.45,189.45,182.00,184.50,50753
DHATRE      ,20231005,135.85,135.85,135.85,135.85,1080
GOVNOW      ,20231005,4.84,4.84,4.84,4.84,468
VISCO       ,20231005,109.00,113.00,106.50,107.50,5050
TIAANC      ,20231005,3.59,3.59,3.41,3.41,3353
IISL        ,20231005,3.69,3.75,3.59,3.59,8459
ARCFIN      ,20231005,0.75,0.75,0.73,0.74,1448804
SAGARSOFT   ,20231005,139.00,139.00,135.00,137.25,1396
ACML        ,20231005,72.25,72.25,72.25,72.25,4000
SHASHIJIT   ,20231005,39.32,39.89,38.10,38.89,7518
PURPLE      ,20231005,3.20,3.20,3.19,3.19,9683
SUPRAPFSL   ,20231005,25.50,25.50,23.55,24.31,3932
SOUTHERNIN  ,20231005,15.00,15.72,15.00,15.50,2190
REGENCY     ,20231005,10.49,10.49,10.00,10.22,52417
SALEM       ,20231005,40.99,40.99,38.60,39.98,617
FRANKLININD ,20231005,45.52,45.52,45.50,45.52,9383
LKPSEC      ,20231005,12.83,12.83,12.32,12.47,18895
OSIAJEE     ,20231005,34.05,35.00,34.00,34.00,2352
EIKO        ,20231005,59.98,59.98,56.55,56.94,18438
AVL         ,20231005,2569.80,2569.80,2500.00,2529.35,3338
NEWLIGHT    ,20231005,17.66,18.19,17.45,17.45,1712
VSL         ,20231005,9.02,9.02,9.02,9.02,111799
MTPL        ,20231005,17.00,17.00,17.00,17.00,1
SHANGAR     ,20231005,6.60,6.90,6.32,6.67,44861
GLCL        ,20231005,30.43,30.43,27.55,29.61,1547
FLORACORP   ,20231005,8.94,9.20,8.94,9.20,1550
CFL         ,20231005,57.63,57.63,56.48,56.48,14
RMC         ,20231005,713.70,722.00,678.05,718.45,53000
PARMAX      ,20231005,30.00,32.00,29.36,29.42,1102
LLFICL      ,20231005,2.66,2.74,2.66,2.74,393358
DANUBE      ,20231005,9.27,9.36,9.10,9.36,228984
IFL         ,20231005,13.90,14.69,13.83,14.29,740579
ONTIC       ,20231005,0.57,0.58,0.57,0.57,49329
CHEMCRUX    ,20231005,313.80,318.00,313.00,314.50,13709
MANOMAY     ,20231005,135.70,139.20,135.35,135.50,1483
MAXIMUS     ,20231005,16.80,17.10,16.20,17.00,165620
PRIMEFRESH  ,20231005,263.00,263.00,263.00,263.00,750
CLFL        ,20231005,14.31,14.89,14.31,14.88,317
STARLENT    ,20231005,104.35,104.35,103.30,104.30,43142
KANUNGO     ,20231005,5.39,5.43,5.01,5.43,3216
MEERA       ,20231005,40.49,40.49,38.06,39.88,13168
IRBINVIT    ,20231005,71.29,71.29,70.50,71.00,5631
BGJL        ,20231005,12.99,13.50,12.80,13.21,95240
YUG         ,20231005,102.00,102.00,93.00,102.00,11500
INDIGRID    ,20231005,136.90,136.90,135.25,136.05,46178
VARIMAN     ,20231005,14.45,14.45,14.00,14.10,704414
RIDDHICORP  ,20231005,172.10,172.10,170.05,170.05,2821
GGENG       ,20231005,1.33,1.33,1.24,1.28,15384962
PALASHSEC   ,20231005,108.00,111.00,105.00,107.60,915
MAGADHSUGAR ,20231005,657.65,661.05,650.65,653.05,1141
CTCL        ,20231005,120.00,120.00,120.00,120.00,1500
SMRUTHIORG  ,20231005,205.80,207.40,173.50,187.80,29833
SHISHIND    ,20231005,128.85,131.00,120.55,122.00,31536
ANG         ,20231005,74.70,74.70,71.62,73.79,7734
KCDGROUP    ,20231005,16.36,17.90,16.36,16.36,625403
PROCLB      ,20231005,7.02,7.02,7.02,7.02,120
RELHOME     ,20231005,2.07,2.07,2.07,2.07,1230149
SAGAR       ,20231005,40.00,40.00,40.00,40.00,3000
PQIF        ,20231005,47.98,50.98,46.60,47.56,34448
SISL        ,20231005,1400.00,1419.60,1341.45,1391.45,39712
TTFL        ,20231005,68.00,68.50,65.06,67.90,1925
POOJA       ,20231005,36.60,36.98,35.90,36.10,63820
SAYAJIIND   ,20231005,204.00,204.00,201.00,201.90,280
MEHAI       ,20231005,17.87,18.56,17.87,18.20,5880
SGRL        ,20231005,496.25,498.90,488.05,496.80,3689
STL         ,20231005,65.98,65.98,63.64,64.01,45957
SBRANDS     ,20231005,19.91,19.91,19.91,19.91,1000
SHARIKA     ,20231005,6.51,6.64,6.45,6.46,25089
ASPIRA      ,20231005,36.50,36.50,33.75,35.45,1190
RATNABHUMI  ,20231005,126.00,126.00,122.10,122.10,1227
MRCAGRO     ,20231005,15.77,15.77,14.42,15.46,104531
SADHNA      ,20231005,4.54,4.54,4.39,4.43,79976
VITESSE     ,20231005,14.55,14.55,14.39,14.43,5024
CHANDRIMA   ,20231005,5.87,5.87,5.87,5.87,8
RITHWIKFMS  ,20231005,69.50,69.50,69.50,69.50,3000
7SEAS       ,20231005,28.60,28.60,27.50,28.25,7697
TIRUFOAM    ,20231005,80.00,80.00,80.00,80.00,355
SRUSTEELS   ,20231005,10.89,11.10,10.75,10.92,121414
ASHOKAMET   ,20231005,18.90,19.35,18.56,19.15,4034
GGL         ,20231005,12.29,12.29,11.91,12.09,10466
LAL         ,20231005,231.45,231.45,226.85,226.85,21
KENVI       ,20231005,8.32,8.58,8.30,8.48,118434
IWP         ,20231005,36.95,36.95,35.50,35.80,7359
TDSL        ,20231005,13.09,13.85,12.80,13.08,45861
BHATIA      ,20231005,24.99,25.19,24.00,24.20,277714
YSL         ,20231005,17501.00,17501.00,17450.00,17450.00,10
KANCOTEA    ,20231005,81.41,83.40,78.11,82.00,6291
INFLAME     ,20231005,649.00,674.55,649.00,668.70,6250
BPLPHARMA   ,20231005,551.55,563.95,523.10,542.15,1424
ACTIVE      ,20231005,70.00,70.00,67.40,69.90,15957
YASHO       ,20231005,1785.00,1785.00,1758.00,1760.35,144
BENARA      ,20231005,16.21,16.21,15.35,15.94,12000
TRL         ,20231005,542.00,542.00,521.00,521.00,4000
INDOUS      ,20231005,251.00,251.00,236.60,236.60,2000
MILEFUR     ,20231005,5.41,5.41,5.15,5.33,42000
UHZAVERI    ,20231005,49.49,49.49,46.27,47.70,3073
PARVATI     ,20231005,11.79,11.79,11.79,11.79,26426
INNOVATORS  ,20231005,212.00,212.00,211.65,211.65,3200
AFFORDABLE  ,20231005,633.60,653.00,633.60,651.90,18800
PALMJEWELS  ,20231005,18.40,19.55,17.50,18.65,70932
WAA         ,20231005,80.00,80.00,77.25,78.14,32000
RAJNISH     ,20231005,12.25,12.25,11.90,11.98,843695
RAWEDGE     ,20231005,44.00,44.00,43.00,43.00,404
ASHNI       ,20231005,18.89,20.50,18.89,20.09,858800
VIVANTA     ,20231005,4.66,4.74,4.43,4.67,259958
TINNATFL    ,20231005,27.74,28.00,26.50,27.85,1509
AMINTAN     ,20231005,2.12,2.25,2.05,2.24,260558
DEEP        ,20231005,90.70,92.00,89.80,90.75,31436
ASRL        ,20231005,36.58,36.58,35.80,35.98,33659
SKYGOLD     ,20231005,327.40,333.00,327.40,331.10,9232
MACH        ,20231005,35.00,40.40,35.00,36.00,6000
AAL         ,20231005,365.30,398.00,355.20,381.90,17655
DOLFIN      ,20231005,119.95,119.95,118.00,119.50,363
SHUBHAM     ,20231005,19.47,19.71,19.15,19.55,3323
AKI         ,20231005,12.45,12.45,12.45,12.45,16704
SUNRETAIL   ,20231005,0.64,0.64,0.62,0.62,480000
SMGOLD      ,20231005,22.29,22.75,22.29,22.75,119875
VIVIDM      ,20231005,54.66,54.66,52.00,54.65,1039
BCPL        ,20231005,64.00,64.00,61.50,62.27,25230
PHOSPHATE   ,20231005,126.95,126.95,126.95,126.95,5
NIFTYETF    ,20231005,208.80,208.80,205.10,205.73,239
DGL         ,20231005,3.29,3.29,3.29,3.29,2000
NIVAKA      ,20231005,2.66,2.79,2.62,2.67,11115
SRD         ,20231005,108.50,108.50,105.00,106.65,9133
DECCAN      ,20231005,34.62,34.62,33.62,33.90,33056
SPENCER     ,20231005,69.96,70.50,69.11,69.98,10585
GLOSTERLTD  ,20231005,758.45,758.45,744.65,746.35,869
JONJUA      ,20231005,18.02,18.02,18.02,18.02,69200
KRANTI      ,20231005,91.94,91.94,87.01,87.55,8838
AGOL        ,20231005,10.57,10.57,10.50,10.50,144111
AARTECH     ,20231005,171.00,171.50,166.05,166.50,1933
MSTC        ,20231005,425.05,438.55,425.05,430.85,26667
CHANDNIMACH ,20231005,15.25,15.56,15.19,15.56,2245
NSL         ,20231005,338.50,342.00,335.00,336.00,9500
VRFILMS     ,20231005,42.00,44.70,42.00,43.99,18000
GKP         ,20231005,11.90,12.00,11.60,11.78,33986
WORL        ,20231005,6.40,6.40,6.16,6.16,45716
EVANS       ,20231005,135.95,136.30,128.10,128.10,4000
BMW         ,20231005,42.75,43.25,41.60,42.15,209116
AEPL        ,20231005,16.72,17.10,16.40,16.99,27252
CHCL        ,20231005,21.54,21.98,20.43,21.11,94000
DEL         ,20231005,37.05,37.05,37.05,37.05,977
HARISH      ,20231005,45.00,45.40,44.01,45.35,4274
PARSHVA     ,20231005,178.05,200.00,172.05,180.20,328
ARL         ,20231005,42.06,43.00,42.01,42.60,1981
EARUM       ,20231005,1.00,1.02,0.98,0.99,2718308
SNXT50BEES  ,20231005,58.20,59.00,58.00,58.43,1651
SEACOAST    ,20231005,2.83,2.83,2.83,2.83,1402028
TRANSPACT   ,20231005,236.20,236.25,234.00,236.25,3000
ALPHALOGIC  ,20231005,45.12,46.02,45.12,46.02,7885
360ONE      ,20231005,509.90,509.90,488.00,494.80,4312
MUFIN       ,20231005,87.00,90.80,83.65,84.79,128642
MISQUITA    ,20231005,38.90,39.00,38.90,39.00,4000
GALACTICO   ,20231005,5.79,5.82,5.50,5.65,1340895
VEL         ,20231005,17.05,17.89,17.05,17.59,1508
GOBLIN      ,20231005,56.00,56.00,56.00,56.00,2000
GENSOL      ,20231005,1993.90,1993.90,1935.00,1958.25,1673
SHAHLON     ,20231005,13.20,13.20,12.72,12.97,15217
ANUROOP     ,20231005,20.32,20.32,18.40,18.40,230088
COLABCLOUD  ,20231005,39.00,40.99,36.05,40.98,3721
EASUN       ,20231005,48.00,48.00,48.00,48.00,15000
ASSAMENT    ,20231005,290.00,290.00,290.00,290.00,5
GIANLIFE    ,20231005,20.32,22.17,20.31,22.04,13694
NEXT50      ,20231005,451.90,454.05,451.90,453.53,110
JANUSCORP   ,20231005,4.16,4.29,4.10,4.12,91000
CBPL        ,20231005,110.00,121.95,110.00,121.95,2000
OCTAVIUSPL  ,20231005,39.75,39.75,37.05,38.99,2035
ROJL        ,20231005,4.38,4.45,4.26,4.29,506961
DJML        ,20231005,150.35,152.00,149.40,151.75,216
NATURAL     ,20231005,9.35,9.85,9.10,9.34,143926
REGIS       ,20231005,94.05,94.05,94.05,94.05,85
BONLON      ,20231005,38.99,39.45,38.00,39.45,3698
SBGLP       ,20231005,386.85,393.00,370.15,385.50,5363
MAXINDIA    ,20231005,142.10,142.30,140.30,140.65,3923
HDFCNIFBAN  ,20231005,448.00,450.19,448.00,449.00,91
SAMRATFORG  ,20231005,344.00,344.00,339.75,343.95,228
ADVAIT      ,20231005,417.15,425.00,410.10,417.20,19963
ADL         ,20231005,75.81,77.50,75.81,75.81,828
SECMARK     ,20231005,88.90,91.00,88.90,91.00,10000
ATAM        ,20231005,177.50,178.45,177.00,177.65,665
GMPL        ,20231005,177.00,197.00,177.00,179.90,92400
SHINEFASH   ,20231005,75.00,75.00,75.00,75.00,2000
ESG         ,20231005,32.08,32.25,32.08,32.23,5
RFLL        ,20231005,24.40,24.95,23.72,23.80,8870
MRP         ,20231005,140.00,140.00,132.50,133.00,14000
DAVANGERE   ,20231005,102.99,105.00,98.35,102.33,41965
ADJIA       ,20231005,31.00,31.00,30.00,30.00,4800
KMEW        ,20231005,1485.00,1519.95,1475.50,1498.10,6375
SUUMAYA     ,20231005,7.76,7.78,7.25,7.25,47250
NIKSTECH    ,20231005,333.05,333.05,333.05,333.05,600
EKI         ,20231005,455.30,458.20,440.00,444.65,127786
JETMALL     ,20231005,22.50,22.50,22.50,22.50,18000
KGES        ,20231005,14.85,14.85,14.85,14.85,12000
PGINVIT     ,20231005,100.90,101.95,99.95,100.93,220730
AAPLUSTRAD  ,20231005,9.37,9.83,9.37,9.83,48000
BFSI        ,20231005,20.40,20.40,19.95,20.01,3912
GCSL        ,20231005,193.50,194.00,190.00,191.35,20250
EPIGRAL     ,20231005,980.85,1008.35,979.60,993.40,5247
SHARPLINE   ,20231005,5.58,5.90,5.58,5.68,4479
AASHKA      ,20231005,61.00,61.65,60.50,61.08,8000
PREVEST     ,20231005,467.95,484.00,456.10,481.00,9200
MARKOLINES  ,20231005,141.55,144.65,140.25,141.80,20000
SBLI        ,20231005,71.94,71.94,70.50,70.50,4800
SVRL        ,20231005,197.00,199.90,197.00,199.90,3000
PROMAX      ,20231005,52.99,53.00,52.99,53.00,5000
ADISHAKTI   ,20231005,12.00,12.00,12.00,12.00,10000
CWD         ,20231005,650.00,650.00,635.00,645.00,600
SGFRL       ,20231005,80.44,80.44,80.44,80.44,15000
OMNIPOTENT  ,20231005,8.00,8.00,8.00,8.00,2000
CLARA       ,20231005,175.80,175.80,175.80,175.80,830
BRANDBUCKT  ,20231005,38.23,38.23,38.23,38.23,16000
WEL         ,20231005,269.50,270.00,263.25,263.25,74
ICICISILVE  ,20231005,70.25,71.64,70.00,71.26,8893
ALKOSIGN    ,20231005,109.00,109.00,101.60,108.00,28500
MAKEINDIA   ,20231005,97.50,97.50,97.50,97.50,2
QRIL        ,20231005,78.90,78.90,78.50,78.90,10000
SSTL        ,20231005,12.00,12.90,12.00,12.00,90000
SPITZE      ,20231005,200.00,200.00,200.00,200.00,2000
MIDCAPETF   ,20231005,15.20,15.40,15.06,15.13,84996
EUREKAFORBE ,20231005,499.40,503.50,495.00,496.85,31226
SEML        ,20231005,104.05,104.05,104.00,104.00,6000
DHYAANI     ,20231005,177.00,180.00,177.00,179.00,7000
TIERRA      ,20231005,140.00,142.45,134.35,137.60,2273
SILVERPRL   ,20231005,7.50,7.50,7.50,7.50,8000
GOEL        ,20231005,154.15,154.15,149.95,150.00,10400
MODIS       ,20231005,167.50,173.00,167.50,172.55,6400
PGCRL       ,20231005,317.00,317.00,312.00,312.00,1200
SAILANI     ,20231005,23.53,23.53,23.53,23.53,1600
KESAR       ,20231005,395.00,429.45,388.55,429.45,7200
JAYANT      ,20231005,87.50,87.50,86.50,87.50,4500
VEERKRUPA   ,20231005,2.32,2.39,2.32,2.39,167000
HEALTHYLIFE ,20231005,4.80,4.80,4.70,4.70,30000
DDEVPLASTIK ,20231005,202.00,205.00,201.50,202.15,43194
MOVALUE     ,20231005,62.04,63.80,62.04,63.18,413
OLATECH     ,20231005,169.75,169.75,169.75,169.75,6000
NATURO      ,20231005,14.10,14.31,14.10,14.11,20000
RHETAN      ,20231005,9.10,9.10,8.75,8.76,82500
DPL         ,20231005,15.60,15.80,15.60,15.80,18000
VOEPL       ,20231005,243.00,243.20,237.45,239.90,12000
HDFCQUAL    ,20231005,44.70,44.70,44.24,44.39,5
CONTAINE    ,20231005,79.00,79.00,77.00,77.00,4000
SRSOLTD     ,20231005,156.25,160.50,156.25,160.50,5600
TLL         ,20231005,217.00,217.00,190.10,200.00,7200
CARGOTRANS  ,20231005,75.10,83.80,75.10,83.50,7500
CNCRD       ,20231005,605.00,605.00,591.00,602.00,4000
INA         ,20231005,419.05,420.00,415.20,419.50,21000
STML        ,20231005,147.25,147.25,140.00,145.00,10800
VEDANTASSET ,20231005,48.00,48.00,48.00,48.00,3000
MAAGHADV    ,20231005,45.59,50.00,45.59,46.52,28000
PACE        ,20231005,20.87,20.91,20.72,20.75,9600
TECHNOPACK  ,20231005,92.50,96.84,92.00,92.00,10000
DHARMAJ     ,20231005,208.05,211.55,208.05,210.95,4358
UNIPARTS    ,20231005,597.95,598.00,578.00,579.85,10234
ICICICOMMO  ,20231005,64.04,64.20,63.55,63.73,1296
SULA        ,20231005,479.95,479.95,470.00,474.05,8020
AHL         ,20231005,345.00,347.90,343.00,345.40,61499
DRONACHRYA  ,20231005,177.45,180.00,175.05,176.55,60000
LANDMARK    ,20231005,806.15,810.00,785.05,788.50,8145
IEL         ,20231005,9.99,9.99,9.90,9.90,15528
KFINTECH    ,20231005,481.75,481.75,466.50,467.65,6514
ELIN        ,20231005,174.05,194.20,174.05,191.00,247754
RADIANTCMS  ,20231005,90.14,94.42,90.14,92.82,55054
AVEER       ,20231005,490.10,490.10,490.10,490.10,300
DSPBANKETF  ,20231005,44.50,44.70,44.40,44.66,249
SAH         ,20231005,97.40,97.40,96.10,97.10,4508
SVS         ,20231005,8.50,8.97,8.50,8.97,60000
ELIL        ,20231005,598.70,600.00,598.70,600.00,1200
KAMOPAINTS  ,20231005,151.45,153.50,150.50,153.00,1411
AARTIPHARM  ,20231005,437.35,448.50,428.85,430.70,22547
EARTH       ,20231005,56.95,57.90,56.00,56.09,51000
ASHIKA      ,20231005,39.00,39.00,36.03,37.00,21181
NSLNISP     ,20231005,50.06,51.10,49.91,50.87,520495
INDONG      ,20231005,20.00,20.00,20.00,20.00,8000
HDFCBSE500  ,20231005,27.47,27.90,27.11,27.39,5018
HDFCSML250  ,20231005,123.00,123.50,122.19,122.74,19875
HDFCMID150  ,20231005,150.60,151.24,150.03,151.17,1226
GOLDETF     ,20231005,56.59,57.50,56.56,56.90,3981
SEALMATIC   ,20231005,518.80,518.80,481.15,510.50,13200
ROBU        ,20231005,310.00,315.00,301.00,304.45,12000
PATRON      ,20231005,9.77,9.80,9.77,9.80,12000
RESGEN      ,20231005,69.20,69.20,68.10,68.12,18000
ITCONS      ,20231005,47.16,49.00,47.16,48.97,18000
AIRAN       ,20231005,25.40,25.50,24.55,24.78,26484
DIVGIITTS   ,20231005,1028.65,1084.80,1028.30,1050.95,15448
PSUBANKICI  ,20231005,52.83,53.09,51.80,52.18,8738
SUDARSHAN   ,20231005,82.80,83.00,81.00,81.50,17600
GSLSU       ,20231005,181.90,183.90,179.20,179.60,47214
COMMAND     ,20231005,26.50,26.50,26.50,26.50,4000
DEVLAB      ,20231005,59.00,60.90,59.00,60.90,8000
AXISPEGP    ,20231005,66.00,66.26,66.00,66.16,5
LOWVOL      ,20231005,149.00,150.05,149.00,150.05,2
JAFINANCE   ,20231005,47.00,47.00,46.50,46.95,316
USK         ,20231005,35.00,35.21,34.70,34.98,30753
MAIDEN      ,20231005,111.00,113.35,108.75,108.75,20000
EXHICON     ,20231005,277.00,280.00,273.20,273.20,6000
AVALON      ,20231005,582.55,586.95,563.55,567.85,13375
SANCODE     ,20231005,84.00,84.00,84.00,84.00,3000
BLAL        ,20231005,160.50,161.70,159.00,159.45,4535
SILVERETF   ,20231005,70.38,70.95,69.33,70.23,5436
RHL         ,20231005,104.75,107.55,104.75,105.85,1446
RETINA      ,20231005,67.00,67.00,66.90,66.90,12000
DSPGOLDETF  ,20231005,57.00,57.25,56.55,56.55,52
MANKIND     ,20231005,1810.00,1812.75,1770.50,1776.80,3462
INNOKAIZ    ,20231005,126.00,126.00,123.55,125.00,8000
AVG         ,20231005,286.05,286.80,279.90,280.75,1111
ATALREAL    ,20231005,78.90,78.90,77.01,77.50,1214
PIGL        ,20231005,43.95,43.95,41.50,42.00,1350
NXST        ,20231005,129.99,129.99,127.29,128.35,6502
PAVNAIND    ,20231005,416.75,433.10,409.85,432.05,971
HSIL        ,20231005,220.00,220.00,196.35,199.90,22400
SIGMA       ,20231005,475.00,475.00,447.40,449.90,2701
GHCLTEXTIL  ,20231005,79.60,80.30,76.82,77.73,23335
MKPL        ,20231005,837.80,872.00,821.00,865.60,21371
CFF         ,20231005,386.95,398.25,375.00,398.25,30400
COMRADE     ,20231005,146.50,149.00,146.50,149.00,4000
SILVRETF    ,20231005,68.50,69.28,68.50,69.00,6
IKIO        ,20231005,359.45,360.00,355.00,356.75,19103
BIZOTIC     ,20231005,60.64,62.67,60.50,60.50,5600
ASIAN       ,20231005,50.45,50.45,50.45,50.45,4102
COSMICCRF   ,20231005,243.00,245.00,240.30,242.05,10000
HMAAGRO     ,20231005,736.00,757.30,730.75,736.45,1890
URAVI       ,20231005,255.00,255.00,245.00,245.10,2702
VEEFIN      ,20231005,215.00,222.20,214.50,222.20,62400
IDEAFORGE   ,20231005,870.00,875.50,851.05,855.80,21934
CYIENTDLM   ,20231005,679.95,679.95,658.45,670.10,23835
DSPITETF    ,20231005,32.25,32.38,31.90,32.05,244
SENCO       ,20231005,658.00,665.10,633.00,639.45,27484
ALPHAIND    ,20231005,220.60,220.60,220.60,220.60,3600
ACCELERATE  ,20231005,218.20,220.00,218.20,220.00,3200
KAKA        ,20231005,171.00,186.00,171.00,181.45,56000
JIOFIN      ,20231005,225.55,227.90,224.20,225.45,1141148
AHASOLAR    ,20231005,326.70,326.70,306.10,306.10,3200
UTKARSHBNK  ,20231005,52.35,61.58,51.65,59.48,4217700
ASARFI      ,20231005,111.00,111.00,108.50,110.75,12000
BANKETF     ,20231005,443.24,443.86,443.24,443.86,15
NETWEB      ,20231005,847.70,847.70,822.40,825.50,5354
DSPSENXETF  ,20231005,65.80,66.03,65.80,65.80,31
DSPPSBKETF  ,20231005,52.21,53.41,51.79,53.41,317
YATHARTH    ,20231005,380.05,387.95,374.85,381.75,31159
NIITMTS     ,20231005,429.70,429.70,412.00,416.20,13112
KHAZANCHI   ,20231005,215.00,215.00,201.00,204.15,24000
ATL         ,20231005,33.90,36.70,33.90,36.06,324775
TREL        ,20231005,43.90,43.90,40.95,41.56,40321
ICICIQTY30  ,20231005,163.95,163.95,163.95,163.95,15
REDTAPE     ,20231005,469.90,469.90,448.25,450.25,18717
VLEGOV      ,20231005,34.40,34.40,32.60,32.95,42779
SBFC        ,20231005,81.34,87.25,81.34,84.22,329311
CONCORDBIO  ,20231005,1050.05,1100.00,1050.05,1090.55,14556
DPWIRES     ,20231005,679.85,680.15,652.70,654.60,5925
SHELTER     ,20231005,40.30,41.30,39.00,40.90,27000
TVSSCS      ,20231005,217.95,217.95,210.50,211.60,82498
PYRAMID     ,20231005,172.00,173.15,168.50,170.65,5204
SHOORA      ,20231005,52.90,52.90,50.01,50.01,6000
BONDADA     ,20231005,178.50,179.10,169.00,177.30,140800
AEROFLEX    ,20231005,150.00,151.00,146.50,147.05,79566
VPRPL       ,20231005,167.95,171.45,166.55,170.65,222701
NIFMID150   ,20231005,150.16,150.16,149.26,149.28,35
SHRADHAIND  ,20231005,29.60,29.60,28.25,29.04,11745
RISHABH     ,20231005,494.00,497.95,485.00,487.65,25334
RATNAVEER   ,20231005,111.80,113.35,111.00,112.30,41873
KAHAN       ,20231005,110.00,112.40,110.00,110.75,11200
JLHL        ,20231005,1103.05,1138.85,1103.05,1123.40,23898
RRKABEL     ,20231005,1410.00,1524.55,1392.00,1484.45,146164
MESON       ,20231005,212.00,216.50,206.60,208.70,40800
EMSLIMITED  ,20231005,279.85,304.90,278.80,304.90,308370
SAMHI       ,20231005,148.05,171.00,148.05,162.95,481445
ZAGGLE      ,20231005,189.65,204.25,188.60,202.95,191548
SOUTHWEST   ,20231005,141.05,141.05,133.00,133.20,1167
NAVINIFTY   ,20231005,196.00,196.14,196.00,196.14,2
NUVAMA      ,20231005,2140.15,2250.00,2111.00,2163.55,8553
KALAMANDIR  ,20231005,236.05,242.00,235.00,235.60,88185
SIGNATURE   ,20231005,468.00,480.00,468.00,471.75,18798
TECHKGREEN  ,20231005,116.45,116.45,111.00,116.45,169600
YATRA       ,20231005,130.10,137.60,129.00,136.85,163458
ARCL        ,20231005,18.21,18.21,18.21,18.21,1
JSWINFRA    ,20231005,166.10,167.85,159.20,163.90,1644611
MVGJL       ,20231005,202.05,219.75,202.05,218.25,274847
UDS         ,20231005,283.05,294.55,282.15,289.70,28515
TATAMTRTDVR ,20231005,415.65,418.00,411.70,413.85,51886
JISLBNDVR   ,20231005,32.40,32.40,31.10,31.79,4512
GATECHDVR   ,20231005,10.30,10.30,9.88,10.07,2526
KARUR VY(PS ,20231005,133.70,136.10,132.95,133.85,43199
TIDE WATE(PS,20231005,1196.95,1204.00,1170.05,1177.15,2073
XPRO INDI(PS,20231005,1066.90,1085.00,1056.25,1065.65,5206
HISARMET(PS ,20231005,174.25,174.30,170.00,174.30,867
FERT CHE(PS ,20231005,529.05,543.00,527.15,535.40,54206
GINNI FIL(PS,20231005,26.15,26.75,26.15,26.75,6979
SOUTH PET(PS,20231005,72.11,73.60,71.46,71.93,77699
KAVERI TELE ,20231005,8.10,8.10,8.00,8.00,8255
SAKSOFT LTD ,20231005,336.20,344.75,334.55,337.40,13593
SALONA COTSP,20231005,266.95,276.70,261.00,267.85,2248
INDIA MOTOR ,20231005,785.55,794.55,777.00,780.35,121
KCP LTD     ,20231005,117.60,136.60,117.60,130.05,339034
KHAITAN INDI,20231005,56.50,56.50,56.05,56.05,237
SUNDARAM FIN,20231005,3127.60,3191.20,3090.00,3167.80,4912
SUNDARAM BRK,20231005,519.50,519.75,493.05,505.05,1311
WHEELS INDIA,20231005,799.75,801.60,782.50,785.10,1047
LAMBODHARA T,20231005,165.10,175.00,165.10,171.05,3209
BHANDA-RE   ,20231005,2.60,2.60,1.60,2.02,188001
ADCONPP     ,20231005,0.91,0.93,0.81,0.85,4821353
SGRLPP      ,20231005,380.00,380.05,380.00,380.05,14
NECCLTDPP   ,20231005,9.94,9.94,9.40,9.67,2
CRESSANPP   ,20231005,12.60,12.66,12.00,12.11,80897
ALANPP      ,20231005,56.00,56.50,55.15,56.08,1516
EIKOPP      ,20231005,24.52,29.70,24.52,27.14,1752
SHAREINWARR ,20231005,780.00,809.00,780.00,802.15,194
